horodatage,id_session,nom_session,date_session,jour_semaine,heure,coach,lieu,capacite,places_restantes,places_reservees,taux_remplissage_pct,liste_attente_pleine
2026-07-21 15:04:04,138953961,Fondation 2 🤎 Reformer,2026-07-27 07:00:00,Lundi,07:00,Nathalie Hamm,Reformer,5,4,1,20.0,False
2026-07-21 15:04:04,138954014,Sculpt 🤎 Reformer,2026-07-27 08:00:00,Lundi,08:00,Nathalie Hamm,Reformer,5,5,0,0.0,False
2026-07-21 15:04:04,138954015,Dynamic Fit 🤎 Reformer,2026-07-27 09:00:00,Lundi,09:00,Nathalie Hamm,Reformer,5,5,0,0.0,False
2026-07-21 15:04:04,138954077,Core & Tone 🤎 Reformer,2026-07-27 11:00:00,Lundi,11:00,Nathalie Hamm,Reformer,5,5,0,0.0,False
2026-07-21 15:04:04,138954079,Fondation 2 🤎 Reformer,2026-07-27 12:15:00,Lundi,12:15,Nathalie Hamm,Reformer,5,5,0,0.0,False
2026-07-21 15:04:04,138954080,Dynamic Fit 🤎 Reformer,2026-07-27 13:15:00,Lundi,13:15,Nathalie Hamm,Reformer,5,5,0,0.0,False
2026-07-21 15:04:04,138954081,Soft & Stretch 🤎 Reformer,2026-07-27 14:30:00,Lundi,14:30,Nathalie Hamm,Reformer,5,5,0,0.0,False
2026-07-21 15:04:04,138954082,Fondation 2 🤎 Reformer,2026-07-27 17:00:00,Lundi,17:00,Eva Bernard,Reformer,5,5,0,0.0,False
2026-07-21 15:04:04,138954092,Fondation 1 🤎 Reformer,2026-07-27 18:00:00,Lundi,18:00,Eva Bernard,Reformer,5,4,1,20.0,False
2026-07-21 15:04:04,138954129,Core & Tone 🤎 Reformer,2026-07-27 19:00:00,Lundi,19:00,Eva Bernard,Reformer,5,5,0,0.0,False
2026-07-21 15:04:04,138954130,Sculpt 🤎 Reformer,2026-07-27 20:00:00,Lundi,20:00,Eva Bernard,Reformer,5,4,1,20.0,False
2026-07-21 15:04:04,138954131,Fondation 2 🤎 Reformer,2026-07-28 07:00:00,Mardi,07:00,Nathalie Hamm,Reformer,5,5,0,0.0,False
2026-07-21 15:04:04,138954132,Core & Tone 🤎 Reformer,2026-07-28 08:00:00,Mardi,08:00,Nathalie Hamm,Reformer,5,5,0,0.0,False
2026-07-21 15:04:04,138954133,Dynamic Fit 🤎 Reformer,2026-07-28 09:00:00,Mardi,09:00,Nathalie Hamm,Reformer,5,4,1,20.0,False
2026-07-21 15:04:04,138954134,Sculpt 🤎 Reformer,2026-07-28 10:00:00,Mardi,10:00,Nathalie Hamm,Reformer,5,5,0,0.0,False
2026-07-21 15:04:04,138954136,Fondation 2 🤎 Reformer,2026-07-28 12:15:00,Mardi,12:15,Léa Aveline,Reformer,5,5,0,0.0,False
2026-07-21 15:04:04,138954138,Dynamic Fit 🤎 Reformer,2026-07-28 13:15:00,Mardi,13:15,Léa Aveline,Reformer,5,5,0,0.0,False
2026-07-21 15:04:04,138954196,Soft & Stretch 🤎 Reformer,2026-07-28 14:30:00,Mardi,14:30,Léa Aveline,Reformer,5,5,0,0.0,False
2026-07-21 15:04:04,138954198,Core & Tone 🤎 Reformer,2026-07-28 16:00:00,Mardi,16:00,Léa Aveline,Reformer,5,5,0,0.0,False
2026-07-21 15:04:04,138954200,Fondation 2 🤎 Reformer,2026-07-28 17:00:00,Mardi,17:00,Léa Aveline,Reformer,5,5,0,0.0,False
2026-07-21 15:04:04,138954201,Flow Trio 🤎 Reformer,2026-07-28 18:00:00,Mardi,18:00,Léa Aveline,Reformer,5,5,0,0.0,False
2026-07-21 15:04:04,138954203,Sculpt 🤎 Reformer,2026-07-28 19:00:00,Mardi,19:00,Léa Aveline,Reformer,5,5,0,0.0,False
2026-07-21 15:04:04,138954204,Sculpt 🤎 Reformer,2026-07-29 07:00:00,Mercredi,07:00,Nathalie Hamm,Reformer,5,5,0,0.0,False
2026-07-21 15:04:04,138954205,Core & Tone 🤎 Reformer,2026-07-29 08:00:00,Mercredi,08:00,Nathalie Hamm,Reformer,5,5,0,0.0,False
2026-07-21 15:04:04,138954206,Fondation 2 🤎 Reformer,2026-07-29 09:00:00,Mercredi,09:00,Nathalie Hamm,Reformer,5,5,0,0.0,False
2026-07-21 15:04:04,138954207,Soft & Stretch 🤎 Reformer,2026-07-29 11:00:00,Mercredi,11:00,Nathalie Hamm,Reformer,5,5,0,0.0,False
2026-07-21 15:04:04,138954210,Fondation 2 🤎 Reformer,2026-07-29 12:15:00,Mercredi,12:15,Nathalie Hamm,Reformer,5,4,1,20.0,False
2026-07-21 15:04:04,138954209,Sculpt ⭐️ Pilates Mat ,2026-07-29 12:15:00,Mercredi,12:15,Léa Aveline,Mat,8,8,0,0.0,False
2026-07-21 15:04:04,138954214,Flow Trio 🤎 Reformer,2026-07-29 13:15:00,Mercredi,13:15,Nathalie Hamm,Reformer,5,5,0,0.0,False
2026-07-21 15:04:04,138954211,Soft & Stretch ⭐️ Pilates Mat,2026-07-29 13:15:00,Mercredi,13:15,Léa Aveline,Mat,8,8,0,0.0,False
2026-07-21 15:04:04,138954226,Dynamic Fit 🤎 Reformer,2026-07-29 14:30:00,Mercredi,14:30,Nathalie Hamm,Reformer,5,5,0,0.0,False
2026-07-21 15:04:04,138954218,Sculpt ⭐️ Pilates Mat ,2026-07-29 14:30:00,Mercredi,14:30,Léa Aveline,Mat,8,8,0,0.0,False
2026-07-21 15:04:04,138954227,Sculpt 🤎 Reformer,2026-07-29 17:00:00,Mercredi,17:00,Léa Aveline,Reformer,5,5,0,0.0,False
2026-07-21 15:04:04,138954228,Fondation 2 🤎 Reformer,2026-07-29 18:00:00,Mercredi,18:00,Léa Aveline,Reformer,5,5,0,0.0,False
2026-07-21 15:04:04,138954230,Core & Tone 🤎 Reformer,2026-07-29 19:00:00,Mercredi,19:00,Léa Aveline,Reformer,5,5,0,0.0,False
2026-07-21 15:04:04,138954232,Fondation 1 🤎 Reformer,2026-07-29 20:00:00,Mercredi,20:00,Léa Aveline,Reformer,5,5,0,0.0,False
2026-07-21 15:04:04,138954249,Fondation 2 🤎 Reformer,2026-07-30 09:15:00,Jeudi,09:15,Eva Bernard,Reformer,5,5,0,0.0,False
2026-07-21 15:04:04,138954254,Core & Tone 🤎 Reformer,2026-07-30 10:15:00,Jeudi,10:15,Eva Bernard,Reformer,5,5,0,0.0,False
2026-07-21 15:04:04,138954317,Soft & Stretch 🤎 Reformer,2026-07-30 11:15:00,Jeudi,11:15,Eva Bernard,Reformer,5,5,0,0.0,False
2026-07-21 15:04:04,138956170,Fondation 1 🤎 Reformer,2026-07-30 12:15:00,Jeudi,12:15,Eva Bernard,Reformer,5,5,0,0.0,False
2026-07-21 15:04:04,138956168,Flow Trio ⭐️ Pilates Mat,2026-07-30 12:15:00,Jeudi,12:15,Aveline Caminade,Mat,8,8,0,0.0,False
2026-07-21 15:04:04,138956223,Dynamic Fit ⭐️ Pilates Mat,2026-07-30 13:15:00,Jeudi,13:15,Aveline Caminade,Mat,8,8,0,0.0,False
2026-07-21 15:04:04,138956226,Dynamic Fit 🤎 Reformer,2026-07-30 13:30:00,Jeudi,13:30,Eva Bernard,Reformer,5,5,0,0.0,False
2026-07-21 15:04:04,138956227,Fondation 2 ⭐️ Pilates Mat ,2026-07-30 14:30:00,Jeudi,14:30,Aveline Caminade,Mat,8,8,0,0.0,False
2026-07-21 15:04:04,138956254,Fondation 1 ⭐️ Pilates Mat,2026-07-30 15:30:00,Jeudi,15:30,Aveline Caminade,Mat,8,8,0,0.0,False
2026-07-21 15:04:04,138956308,Sculpt 🤎 Reformer,2026-07-30 17:00:00,Jeudi,17:00,Justin Robert,Reformer,5,5,0,0.0,False
2026-07-21 15:04:04,138956310,Dynamic Fit 🤎 Reformer,2026-07-30 18:00:00,Jeudi,18:00,Justin Robert,Reformer,5,5,0,0.0,False
2026-07-21 15:04:04,138956313,Fondation 1 🤎 Reformer,2026-07-30 19:00:00,Jeudi,19:00,Justin Robert,Reformer,5,5,0,0.0,False
2026-07-21 15:04:04,138956316,Soft & Stretch 🤎 Reformer,2026-07-30 20:00:00,Jeudi,20:00,Justin Robert,Reformer,5,5,0,0.0,False
2026-07-21 15:04:04,138956322,Fondation 2 🤎 Reformer,2026-07-31 08:00:00,Vendredi,08:00,Léa Aveline,Reformer,5,5,0,0.0,False
2026-07-21 15:04:04,138957168,Fondation 1 🤎 Reformer,2026-07-31 09:00:00,Vendredi,09:00,Léa Aveline,Reformer,5,5,0,0.0,False
2026-07-21 15:04:04,138957169,Core & Tone 🤎 Reformer,2026-07-31 10:00:00,Vendredi,10:00,Léa Aveline,Reformer,5,5,0,0.0,False
2026-07-21 15:04:04,138957174,Core & Tone 🤎 Reformer,2026-07-31 12:15:00,Vendredi,12:15,Léa Aveline,Reformer,5,5,0,0.0,False
2026-07-21 15:04:04,138957175,Fondation 2 🤎 Reformer,2026-07-31 13:15:00,Vendredi,13:15,Léa Aveline,Reformer,5,5,0,0.0,False
2026-07-21 15:04:04,138957176,Fondation 2 🤎 Reformer,2026-07-31 15:00:00,Vendredi,15:00,Nathalie Hamm,Reformer,5,5,0,0.0,False
2026-07-21 15:04:04,138957177,Sculpt 🤎 Reformer,2026-07-31 16:00:00,Vendredi,16:00,Nathalie Hamm,Reformer,5,5,0,0.0,False
2026-07-21 15:04:04,138957190,Flow Trio 🤎 Reformer,2026-07-31 17:00:00,Vendredi,17:00,Nathalie Hamm,Reformer,5,5,0,0.0,False
2026-07-21 15:04:04,138957195,Fondation 1 🤎 Reformer,2026-07-31 18:00:00,Vendredi,18:00,Nathalie Hamm,Reformer,5,5,0,0.0,False
2026-07-21 15:04:04,138957198,Fondation 1 🤎 Reformer,2026-08-01 09:00:00,Samedi,09:00,Léa Aveline,Reformer,5,5,0,0.0,False
2026-07-21 15:04:04,138957265,Sculpt 🤎 Reformer,2026-08-01 10:00:00,Samedi,10:00,Léa Aveline,Reformer,5,5,0,0.0,False
2026-07-21 15:04:04,138957280,Core & Tone 🤎 Reformer,2026-08-01 11:00:00,Samedi,11:00,Léa Aveline,Reformer,5,5,0,0.0,False
2026-07-21 15:04:04,138957373,Fondation 2 🤎 Reformer,2026-08-01 12:00:00,Samedi,12:00,Léa Aveline,Reformer,5,5,0,0.0,False
2026-07-21 15:04:04,137617870,Fondation 2 🤎 Reformer,2026-08-03 07:00:00,Lundi,07:00,Aveline Caminade,Reformer,5,4,1,20.0,False
2026-07-21 15:04:04,137618003,Sculpt 🤎 Reformer,2026-08-03 08:00:00,Lundi,08:00,Aveline Caminade,Reformer,5,5,0,0.0,False
2026-07-21 15:04:04,137618256,Dynamic Fit 🤎 Reformer,2026-08-03 09:00:00,Lundi,09:00,Aveline Caminade,Reformer,5,2,3,60.0,False
2026-07-21 15:04:04,137618704,Fondation 2 🤎 Reformer,2026-08-03 17:00:00,Lundi,17:00,Eva Bernard,Reformer,5,5,0,0.0,False
2026-07-21 15:04:04,137618807,Sculpt 🤎 Reformer,2026-08-03 18:00:00,Lundi,18:00,Eva Bernard,Reformer,5,5,0,0.0,False
2026-07-21 15:04:04,137619206,Core & Tone 🤎 Reformer,2026-08-03 19:00:00,Lundi,19:00,Eva Bernard,Reformer,5,5,0,0.0,False
2026-07-21 15:04:04,137619698,Sculpt 🤎 Reformer,2026-08-03 20:00:00,Lundi,20:00,Eva Bernard,Reformer,5,5,0,0.0,False
2026-07-21 15:04:04,138961684,Core & Tone ⭐️ Pilates Mat ,2026-08-04 08:00:00,Mardi,08:00,Dani Johnson,Mat,8,8,0,0.0,False
2026-07-21 15:04:04,138961695,Soft & Stretch ⭐️ Pilates Mat,2026-08-04 09:00:00,Mardi,09:00,Dani Johnson,Mat,8,8,0,0.0,False
2026-07-21 15:04:04,138961733,Dynamic Fit ⭐️ Pilates Mat,2026-08-04 10:00:00,Mardi,10:00,Dani Johnson,Mat,8,8,0,0.0,False
2026-07-21 15:04:04,137620205,Fondation 2 🤎 Reformer,2026-08-04 12:15:00,Mardi,12:15,Léa Aveline,Reformer,5,5,0,0.0,False
2026-07-21 15:04:04,137620363,Dynamic Fit 🤎 Reformer,2026-08-04 13:15:00,Mardi,13:15,Léa Aveline,Reformer,5,5,0,0.0,False
2026-07-21 15:04:04,137620311,Soft & Stretch 🤎 Reformer,2026-08-04 14:30:00,Mardi,14:30,Léa Aveline,Reformer,5,5,0,0.0,False
2026-07-21 15:04:04,137620422,Core & Tone 🤎 Reformer,2026-08-04 16:00:00,Mardi,16:00,Léa Aveline,Reformer,5,5,0,0.0,False
2026-07-21 15:04:04,137620475,Fondation 2 🤎 Reformer,2026-08-04 17:00:00,Mardi,17:00,Léa Aveline,Reformer,5,5,0,0.0,False
2026-07-21 15:04:04,137620529,Flow Trio 🤎 Reformer,2026-08-04 18:00:00,Mardi,18:00,Léa Aveline,Reformer,5,5,0,0.0,False
2026-07-21 15:04:04,137620585,Sculpt 🤎 Reformer,2026-08-04 19:00:00,Mardi,19:00,Léa Aveline,Reformer,5,5,0,0.0,False
2026-07-21 15:04:04,137684442,Sculpt ⭐️ Pilates Mat ,2026-08-05 12:15:00,Mercredi,12:15,Léa Aveline,Mat,8,8,0,0.0,False
2026-07-21 15:04:04,137679563,Fondation 2 🤎 Reformer,2026-08-05 12:15:00,Mercredi,12:15,Sabine  Forêt ,Reformer,5,5,0,0.0,False
2026-07-21 15:04:04,137684513,Soft & Stretch ⭐️ Pilates Mat,2026-08-05 13:15:00,Mercredi,13:15,Léa Aveline,Mat,8,8,0,0.0,False
2026-07-21 15:04:04,137679716,Flow Trio 🤎 Reformer,2026-08-05 13:15:00,Mercredi,13:15,Sabine  Forêt ,Reformer,5,5,0,0.0,False
2026-07-21 15:04:04,137684669,Sculpt ⭐️ Pilates Mat ,2026-08-05 14:30:00,Mercredi,14:30,Léa Aveline,Mat,8,8,0,0.0,False
2026-07-21 15:04:04,137680222,Dynamic Fit 🤎 Reformer,2026-08-05 14:30:00,Mercredi,14:30,Sabine  Forêt ,Reformer,5,5,0,0.0,False
2026-07-21 15:04:04,137680337,Sculpt 🤎 Reformer,2026-08-05 17:00:00,Mercredi,17:00,Léa Aveline,Reformer,5,5,0,0.0,False
2026-07-21 15:04:04,137680394,Fondation 2 🤎 Reformer,2026-08-05 18:00:00,Mercredi,18:00,Léa Aveline,Reformer,5,5,0,0.0,False
2026-07-21 15:04:04,137680446,Core & Tone 🤎 Reformer,2026-08-05 19:00:00,Mercredi,19:00,Léa Aveline,Reformer,5,5,0,0.0,False
2026-07-21 15:04:04,137680502,Fondation 1 🤎 Reformer,2026-08-05 20:00:00,Mercredi,20:00,Léa Aveline,Reformer,5,5,0,0.0,False
2026-07-21 15:04:04,137680561,Fondation 2 🤎 Reformer,2026-08-06 09:15:00,Jeudi,09:15,Eva Bernard,Reformer,5,2,3,60.0,False
2026-07-21 15:04:04,137680725,Core & Tone 🤎 Reformer,2026-08-06 10:15:00,Jeudi,10:15,Eva Bernard,Reformer,5,5,0,0.0,False
2026-07-21 15:04:04,137680670,Soft & Stretch 🤎 Reformer,2026-08-06 11:15:00,Jeudi,11:15,Eva Bernard,Reformer,5,5,0,0.0,False
2026-07-21 15:04:04,137680786,Fondation 1 🤎 Reformer,2026-08-06 12:15:00,Jeudi,12:15,Eva Bernard,Reformer,5,5,0,0.0,False
2026-07-21 15:04:04,138403741,Flow Trio ⭐️ Pilates Mat,2026-08-06 12:15:00,Jeudi,12:15,Aveline Caminade,Mat,8,8,0,0.0,False
2026-07-21 15:04:04,138403747,Dynamic Fit ⭐️ Pilates Mat,2026-08-06 13:15:00,Jeudi,13:15,Aveline Caminade,Mat,8,8,0,0.0,False
2026-07-21 15:04:04,137680848,Dynamic Fit 🤎 Reformer,2026-08-06 13:30:00,Jeudi,13:30,Eva Bernard,Reformer,5,5,0,0.0,False
2026-07-21 15:04:04,138403755,Fondation 2 ⭐️ Pilates Mat ,2026-08-06 14:30:00,Jeudi,14:30,Aveline Caminade,Mat,8,8,0,0.0,False
2026-07-21 15:04:04,138403826,Fondation 1 ⭐️ Pilates Mat,2026-08-06 15:30:00,Jeudi,15:30,Aveline Caminade,Mat,8,8,0,0.0,False
2026-07-21 15:04:04,137680952,Sculpt 🤎 Reformer,2026-08-06 17:00:00,Jeudi,17:00,Justin Robert,Reformer,5,5,0,0.0,False
2026-07-21 15:04:04,137681008,Dynamic Fit 🤎 Reformer,2026-08-06 18:00:00,Jeudi,18:00,Justin Robert,Reformer,5,5,0,0.0,False
2026-07-21 15:04:04,137681164,Fondation 1 🤎 Reformer,2026-08-06 19:00:00,Jeudi,19:00,Justin Robert,Reformer,5,5,0,0.0,False
2026-07-21 15:04:04,137681215,Soft & Stretch 🤎 Reformer,2026-08-06 20:00:00,Jeudi,20:00,Justin Robert,Reformer,5,5,0,0.0,False
2026-07-21 15:04:04,137681575,Fondation 2 🤎 Reformer,2026-08-07 08:00:00,Vendredi,08:00,Léa Aveline,Reformer,5,5,0,0.0,False
2026-07-21 15:04:04,137681626,Fondation 1 🤎 Reformer,2026-08-07 09:00:00,Vendredi,09:00,Léa Aveline,Reformer,5,5,0,0.0,False
2026-07-21 15:04:04,137681679,Core & Tone 🤎 Reformer,2026-08-07 10:00:00,Vendredi,10:00,Léa Aveline,Reformer,5,2,3,60.0,False
2026-07-21 15:04:04,137681745,Core & Tone 🤎 Reformer,2026-08-07 12:15:00,Vendredi,12:15,Léa Aveline,Reformer,5,5,0,0.0,False
2026-07-21 15:04:04,137681801,Fondation 2 🤎 Reformer,2026-08-07 13:15:00,Vendredi,13:15,Léa Aveline,Reformer,5,5,0,0.0,False
2026-07-21 15:04:04,137681278,Fondation 2 🤎 Reformer,2026-08-07 15:00:00,Vendredi,15:00,Eva Bernard,Reformer,5,5,0,0.0,False
2026-07-21 15:04:04,137681325,Sculpt 🤎 Reformer,2026-08-07 16:00:00,Vendredi,16:00,Eva Bernard,Reformer,5,5,0,0.0,False
2026-07-21 15:04:04,137681432,Flow Trio 🤎 Reformer,2026-08-07 17:00:00,Vendredi,17:00,Eva Bernard,Reformer,5,5,0,0.0,False
2026-07-21 15:04:04,137681487,Fondation 1 🤎 Reformer,2026-08-07 18:00:00,Vendredi,18:00,Eva Bernard,Reformer,5,5,0,0.0,False
2026-07-21 15:04:04,137682623,Fondation 2 🤎 Reformer,2026-08-08 09:00:00,Samedi,09:00,Eva Bernard,Reformer,5,5,0,0.0,False
2026-07-21 15:04:04,137682663,Core & Tone 🤎 Reformer,2026-08-08 10:00:00,Samedi,10:00,Eva Bernard,Reformer,5,5,0,0.0,False
2026-07-21 15:04:04,137682719,Dynamic Fit 🤎 Reformer,2026-08-08 11:00:00,Samedi,11:00,Eva Bernard,Reformer,5,5,0,0.0,False
2026-07-21 15:04:04,137682794,Flow Trio 🤎 Reformer,2026-08-08 12:00:00,Samedi,12:00,Eva Bernard,Reformer,5,5,0,0.0,False
2026-07-21 15:04:04,137682839,Fondation 2 🤎 Reformer,2026-08-09 09:00:00,Dimanche,09:00,Eva Bernard,Reformer,5,5,0,0.0,False
2026-07-21 15:04:04,137683010,Fondation 2 🤎 Reformer,2026-08-09 10:00:00,Dimanche,10:00,Eva Bernard,Reformer,5,5,0,0.0,False
2026-07-21 15:04:04,137683066,Dynamic Fit 🤎 Reformer,2026-08-09 11:00:00,Dimanche,11:00,Eva Bernard,Reformer,5,5,0,0.0,False
2026-07-21 15:04:04,137682949,Core & Tone 🤎 Reformer,2026-08-09 12:00:00,Dimanche,12:00,Eva Bernard,Reformer,5,5,0,0.0,False
2026-07-21 15:04:04,137617871,Fondation 2 🤎 Reformer,2026-08-10 07:00:00,Lundi,07:00,Aveline Caminade,Reformer,8,8,0,0.0,False
2026-07-21 15:04:04,137618004,Sculpt 🤎 Reformer,2026-08-10 08:00:00,Lundi,08:00,Aveline Caminade,Reformer,8,8,0,0.0,False
2026-07-21 15:04:04,138838572,Fondation 2 ⭐️ Pilates Mat ,2026-08-10 08:00:00,Lundi,08:00,Dani Johnson,Mat,8,8,0,0.0,False
2026-07-21 15:04:04,137618258,Dynamic Fit 🤎 Reformer,2026-08-10 09:00:00,Lundi,09:00,Aveline Caminade,Reformer,8,8,0,0.0,False
2026-07-21 15:04:04,138838626,Dynamic Fit ⭐️ Pilates Mat,2026-08-10 09:00:00,Lundi,09:00,Dani Johnson,Mat,8,8,0,0.0,False
2026-07-21 15:04:04,138838686,Fondation 1 ⭐️ Pilates Mat,2026-08-10 10:00:00,Lundi,10:00,Dani Johnson,Mat,8,8,0,0.0,False
2026-07-21 15:04:04,137618590,Soft & Stretch 🤎 Reformer,2026-08-10 14:30:00,Lundi,14:30,Aveline Caminade,Reformer,8,8,0,0.0,False
2026-07-21 15:04:04,137618705,Fondation 2 🤎 Reformer,2026-08-10 17:00:00,Lundi,17:00,Eva Bernard,Reformer,8,8,0,0.0,False
2026-07-21 15:04:04,137618809,Sculpt 🤎 Reformer,2026-08-10 18:00:00,Lundi,18:00,Eva Bernard,Reformer,8,8,0,0.0,False
2026-07-21 15:04:04,137619312,Core & Tone 🤎 Reformer,2026-08-10 19:00:00,Lundi,19:00,Eva Bernard,Reformer,8,8,0,0.0,False
2026-07-21 15:04:04,137619699,Sculpt 🤎 Reformer,2026-08-10 20:00:00,Lundi,20:00,Eva Bernard,Reformer,8,8,0,0.0,False
2026-07-21 15:04:04,138838750,Flow Trio ⭐️ Pilates Mat,2026-08-11 08:00:00,Mardi,08:00,Dani Johnson,Mat,8,8,0,0.0,False
2026-07-21 15:04:04,138839507,Fondation 2 ⭐️ Pilates Mat ,2026-08-11 09:00:00,Mardi,09:00,Dani Johnson,Mat,8,8,0,0.0,False
2026-07-21 15:04:04,138839555,Core & Tone ⭐️ Pilates Mat ,2026-08-11 10:00:00,Mardi,10:00,Dani Johnson,Mat,8,8,0,0.0,False
2026-07-21 15:04:04,137620207,Fondation 2 🤎 Reformer,2026-08-11 12:15:00,Mardi,12:15,Léa Aveline,Reformer,8,8,0,0.0,False
2026-07-21 15:04:04,137620364,Dynamic Fit 🤎 Reformer,2026-08-11 13:15:00,Mardi,13:15,Léa Aveline,Reformer,8,8,0,0.0,False
2026-07-21 15:04:04,137620312,Soft & Stretch 🤎 Reformer,2026-08-11 14:30:00,Mardi,14:30,Léa Aveline,Reformer,8,8,0,0.0,False
2026-07-21 15:04:04,137620423,Core & Tone 🤎 Reformer,2026-08-11 16:00:00,Mardi,16:00,Léa Aveline,Reformer,8,8,0,0.0,False
2026-07-21 15:04:04,137620480,Fondation 2 🤎 Reformer,2026-08-11 17:00:00,Mardi,17:00,Léa Aveline,Reformer,8,8,0,0.0,False
2026-07-21 15:04:04,137620542,Flow Trio 🤎 Reformer,2026-08-11 18:00:00,Mardi,18:00,Léa Aveline,Reformer,8,8,0,0.0,False
2026-07-21 15:04:04,137620584,Sculpt 🤎 Reformer,2026-08-11 19:00:00,Mardi,19:00,Léa Aveline,Reformer,8,8,0,0.0,False
2026-07-21 15:04:04,137683519,Fondation 2 ⭐️ Pilates Mat ,2026-08-12 08:00:00,Mercredi,08:00,Laetitia johan,Mat,8,7,1,12.5,False
2026-07-21 15:04:04,137679432,Fondation 2 🤎 Reformer,2026-08-12 09:00:00,Mercredi,09:00,Eva Bernard,Reformer,8,8,0,0.0,False
2026-07-21 15:04:04,137683574,Core & Tone ⭐️ Pilates Mat ,2026-08-12 09:00:00,Mercredi,09:00,Laetitia johan,Mat,8,8,0,0.0,False
2026-07-21 15:04:04,137679508,Soft & Stretch 🤎 Reformer,2026-08-12 11:00:00,Mercredi,11:00,Eva Bernard,Reformer,8,2,6,75.0,False
2026-07-21 15:04:04,137684447,Sculpt ⭐️ Pilates Mat ,2026-08-12 12:15:00,Mercredi,12:15,Léa Aveline,Mat,8,8,0,0.0,False
2026-07-21 15:04:04,137679562,Fondation 2 🤎 Reformer,2026-08-12 12:15:00,Mercredi,12:15,Eva Bernard,Reformer,8,8,0,0.0,False
2026-07-21 15:04:04,137684519,Soft & Stretch ⭐️ Pilates Mat,2026-08-12 13:15:00,Mercredi,13:15,Léa Aveline,Mat,8,8,0,0.0,False
2026-07-21 15:04:04,137679709,Flow Trio 🤎 Reformer,2026-08-12 13:15:00,Mercredi,13:15,Eva Bernard,Reformer,8,8,0,0.0,False
2026-07-21 15:04:04,137684671,Sculpt ⭐️ Pilates Mat ,2026-08-12 14:30:00,Mercredi,14:30,Léa Aveline,Mat,8,8,0,0.0,False
2026-07-21 15:04:04,137680338,Sculpt 🤎 Reformer,2026-08-12 17:00:00,Mercredi,17:00,Léa Aveline,Reformer,8,8,0,0.0,False
2026-07-21 15:04:04,137680393,Fondation 2 🤎 Reformer,2026-08-12 18:00:00,Mercredi,18:00,Léa Aveline,Reformer,8,8,0,0.0,False
2026-07-21 15:04:04,137680453,Core & Tone 🤎 Reformer,2026-08-12 19:00:00,Mercredi,19:00,Léa Aveline,Reformer,8,8,0,0.0,False
2026-07-21 15:04:04,137680505,Fondation 1 🤎 Reformer,2026-08-12 20:00:00,Mercredi,20:00,Léa Aveline,Reformer,8,8,0,0.0,False
2026-07-21 15:04:04,137680562,Fondation 2 🤎 Reformer,2026-08-13 09:15:00,Jeudi,09:15,Eva Bernard,Reformer,8,8,0,0.0,False
2026-07-21 15:04:04,137680726,Core & Tone 🤎 Reformer,2026-08-13 10:15:00,Jeudi,10:15,Eva Bernard,Reformer,8,8,0,0.0,False
2026-07-21 15:04:04,137680671,Soft & Stretch 🤎 Reformer,2026-08-13 11:15:00,Jeudi,11:15,Eva Bernard,Reformer,8,8,0,0.0,False
2026-07-21 15:04:04,137680787,Fondation 1 🤎 Reformer,2026-08-13 12:15:00,Jeudi,12:15,Eva Bernard,Reformer,8,8,0,0.0,False
2026-07-21 15:04:04,138403743,Flow Trio ⭐️ Pilates Mat,2026-08-13 12:15:00,Jeudi,12:15,Aveline Caminade,Mat,8,8,0,0.0,False
2026-07-21 15:04:04,138403746,Dynamic Fit ⭐️ Pilates Mat,2026-08-13 13:15:00,Jeudi,13:15,Aveline Caminade,Mat,8,8,0,0.0,False
2026-07-21 15:04:04,137680844,Dynamic Fit 🤎 Reformer,2026-08-13 13:30:00,Jeudi,13:30,Eva Bernard,Reformer,8,8,0,0.0,False
2026-07-21 15:04:04,138403754,Fondation 2 ⭐️ Pilates Mat ,2026-08-13 14:30:00,Jeudi,14:30,Aveline Caminade,Mat,8,8,0,0.0,False
2026-07-21 15:04:04,138403825,Fondation 1 ⭐️ Pilates Mat,2026-08-13 15:30:00,Jeudi,15:30,Aveline Caminade,Mat,8,8,0,0.0,False
2026-07-21 15:04:04,137681573,Fondation 2 🤎 Reformer,2026-08-14 08:00:00,Vendredi,08:00,Léa Aveline,Reformer,8,8,0,0.0,False
2026-07-21 15:04:04,138839628,Soft & Stretch ⭐️ Pilates Mat,2026-08-14 08:00:00,Vendredi,08:00,Dani Johnson,Mat,8,8,0,0.0,False
2026-07-21 15:04:04,137681629,Fondation 1 🤎 Reformer,2026-08-14 09:00:00,Vendredi,09:00,Léa Aveline,Reformer,8,8,0,0.0,False
2026-07-21 15:04:04,138839753,Dynamic Fit ⭐️ Pilates Mat,2026-08-14 09:00:00,Vendredi,09:00,Dani Johnson,Mat,8,8,0,0.0,False
2026-07-21 15:04:04,137681680,Core & Tone 🤎 Reformer,2026-08-14 10:00:00,Vendredi,10:00,Léa Aveline,Reformer,8,8,0,0.0,False
2026-07-21 15:04:04,138839680,Fondation 1 ⭐️ Pilates Mat,2026-08-14 10:00:00,Vendredi,10:00,Dani Johnson,Mat,8,8,0,0.0,False
2026-07-21 15:04:04,138839836,Fondation 1 ⭐️ Pilates Mat,2026-08-14 11:00:00,Vendredi,11:00,Dani Johnson,Mat,8,8,0,0.0,False
2026-07-21 15:04:04,137681744,Core & Tone 🤎 Reformer,2026-08-14 12:15:00,Vendredi,12:15,Léa Aveline,Reformer,8,8,0,0.0,False
2026-07-21 15:04:04,137684205,Soft & Stretch ⭐️ Pilates Mat,2026-08-14 13:00:00,Vendredi,13:00,Laetitia johan,Mat,8,8,0,0.0,False
2026-07-21 15:04:04,137681802,Fondation 2 🤎 Reformer,2026-08-14 13:15:00,Vendredi,13:15,Léa Aveline,Reformer,8,8,0,0.0,False
2026-07-21 15:04:04,137684260,Flow Trio ⭐️ Pilates Mat,2026-08-14 14:00:00,Vendredi,14:00,Laetitia johan,Mat,8,8,0,0.0,False
2026-07-21 15:04:04,137681297,Fondation 2 🤎 Reformer,2026-08-14 15:00:00,Vendredi,15:00,Eva Bernard,Reformer,8,8,0,0.0,False
2026-07-21 15:04:04,137684324,Dynamic Fit ⭐️ Pilates Mat,2026-08-14 15:00:00,Vendredi,15:00,Laetitia johan,Mat,8,8,0,0.0,False
2026-07-21 15:04:04,137681327,Sculpt 🤎 Reformer,2026-08-14 16:00:00,Vendredi,16:00,Eva Bernard,Reformer,8,8,0,0.0,False
2026-07-21 15:04:04,137684376,Sculpt ⭐️ Pilates Mat ,2026-08-14 16:00:00,Vendredi,16:00,Laetitia johan,Mat,8,8,0,0.0,False
2026-07-21 15:04:04,137681430,Flow Trio 🤎 Reformer,2026-08-14 17:00:00,Vendredi,17:00,Eva Bernard,Reformer,8,8,0,0.0,False
2026-07-21 15:04:04,137681492,Fondation 1 🤎 Reformer,2026-08-14 18:00:00,Vendredi,18:00,Eva Bernard,Reformer,8,8,0,0.0,False
2026-07-21 15:04:04,137682625,Fondation 2 🤎 Reformer,2026-08-15 09:00:00,Samedi,09:00,Léa Aveline,Reformer,8,8,0,0.0,False
2026-07-21 15:04:04,137682666,Core & Tone 🤎 Reformer,2026-08-15 10:00:00,Samedi,10:00,Léa Aveline,Reformer,8,8,0,0.0,False
2026-07-21 15:04:04,137682724,Dynamic Fit 🤎 Reformer,2026-08-15 11:00:00,Samedi,11:00,Léa Aveline,Reformer,8,8,0,0.0,False
2026-07-21 15:04:04,137682789,Flow Trio 🤎 Reformer,2026-08-15 12:00:00,Samedi,12:00,Léa Aveline,Reformer,8,8,0,0.0,False
2026-07-21 15:04:04,137682843,Fondation 2 🤎 Reformer,2026-08-16 09:00:00,Dimanche,09:00,Léa Aveline,Reformer,8,8,0,0.0,False
2026-07-21 15:04:04,137683008,Fondation 2 🤎 Reformer,2026-08-16 10:00:00,Dimanche,10:00,Léa Aveline,Reformer,8,8,0,0.0,False
2026-07-21 15:04:04,137683060,Dynamic Fit 🤎 Reformer,2026-08-16 11:00:00,Dimanche,11:00,Léa Aveline,Reformer,8,8,0,0.0,False
2026-07-21 15:04:04,137682951,Core & Tone 🤎 Reformer,2026-08-16 12:00:00,Dimanche,12:00,Léa Aveline,Reformer,8,8,0,0.0,False
2026-07-21 15:04:04,137617872,Fondation 2 🤎 Reformer,2026-08-17 07:00:00,Lundi,07:00,Nathalie Hamm,Reformer,8,7,1,12.5,False
2026-07-21 15:04:04,137618006,Sculpt 🤎 Reformer,2026-08-17 08:00:00,Lundi,08:00,Nathalie Hamm,Reformer,8,8,0,0.0,False
2026-07-21 15:04:04,138838573,Fondation 2 ⭐️ Pilates Mat ,2026-08-17 08:00:00,Lundi,08:00,Dani Johnson,Mat,8,8,0,0.0,False
2026-07-21 15:04:04,137618259,Dynamic Fit 🤎 Reformer,2026-08-17 09:00:00,Lundi,09:00,Nathalie Hamm,Reformer,8,8,0,0.0,False
2026-07-21 15:04:04,138838627,Dynamic Fit ⭐️ Pilates Mat,2026-08-17 09:00:00,Lundi,09:00,Dani Johnson,Mat,8,8,0,0.0,False
2026-07-21 15:04:04,138838685,Fondation 1 ⭐️ Pilates Mat,2026-08-17 10:00:00,Lundi,10:00,Dani Johnson,Mat,8,8,0,0.0,False
2026-07-21 15:04:04,137618327,Core & Tone 🤎 Reformer,2026-08-17 11:00:00,Lundi,11:00,Nathalie Hamm,Reformer,8,8,0,0.0,False
2026-07-21 15:04:04,137618383,Fondation 2 🤎 Reformer,2026-08-17 12:15:00,Lundi,12:15,Nathalie Hamm,Reformer,8,8,0,0.0,False
2026-07-21 15:04:04,137620258,Dynamic Fit 🤎 Reformer,2026-08-17 13:15:00,Lundi,13:15,Nathalie Hamm,Reformer,8,8,0,0.0,False
2026-07-21 15:04:04,137618587,Soft & Stretch 🤎 Reformer,2026-08-17 14:30:00,Lundi,14:30,Nathalie Hamm,Reformer,8,8,0,0.0,False
2026-07-21 15:04:04,137619927,Fondation 2 🤎 Reformer,2026-08-18 07:00:00,Mardi,07:00,Nathalie Hamm,Reformer,8,8,0,0.0,False
2026-07-21 15:04:04,137619971,Core & Tone 🤎 Reformer,2026-08-18 08:00:00,Mardi,08:00,Nathalie Hamm,Reformer,8,8,0,0.0,False
2026-07-21 15:04:04,138838751,Flow Trio ⭐️ Pilates Mat,2026-08-18 08:00:00,Mardi,08:00,Dani Johnson,Mat,8,8,0,0.0,False
2026-07-21 15:04:04,137620076,Dynamic Fit 🤎 Reformer,2026-08-18 09:00:00,Mardi,09:00,Nathalie Hamm,Reformer,8,8,0,0.0,False
2026-07-21 15:04:04,138839496,Fondation 2 ⭐️ Pilates Mat ,2026-08-18 09:00:00,Mardi,09:00,Dani Johnson,Mat,8,8,0,0.0,False
2026-07-21 15:04:04,137620026,Sculpt 🤎 Reformer,2026-08-18 10:00:00,Mardi,10:00,Nathalie Hamm,Reformer,8,8,0,0.0,False
2026-07-21 15:04:04,138839564,Core & Tone ⭐️ Pilates Mat ,2026-08-18 10:00:00,Mardi,10:00,Dani Johnson,Mat,8,8,0,0.0,False
2026-07-21 15:04:04,137620208,Fondation 2 🤎 Reformer,2026-08-18 12:15:00,Mardi,12:15,Léa Aveline,Reformer,8,8,0,0.0,False
2026-07-21 15:04:04,137620365,Dynamic Fit 🤎 Reformer,2026-08-18 13:15:00,Mardi,13:15,Léa Aveline,Reformer,8,8,0,0.0,False
2026-07-21 15:04:04,137620321,Soft & Stretch 🤎 Reformer,2026-08-18 14:30:00,Mardi,14:30,Léa Aveline,Reformer,8,8,0,0.0,False
2026-07-21 15:04:04,137620421,Core & Tone 🤎 Reformer,2026-08-18 16:00:00,Mardi,16:00,Léa Aveline,Reformer,8,8,0,0.0,False
2026-07-21 15:04:04,137620477,Fondation 2 🤎 Reformer,2026-08-18 17:00:00,Mardi,17:00,Léa Aveline,Reformer,8,8,0,0.0,False
2026-07-21 15:04:04,137620536,Flow Trio 🤎 Reformer,2026-08-18 18:00:00,Mardi,18:00,Léa Aveline,Reformer,8,8,0,0.0,False
2026-07-21 15:04:04,137620582,Sculpt 🤎 Reformer,2026-08-18 19:00:00,Mardi,19:00,Léa Aveline,Reformer,8,8,0,0.0,False
2026-07-21 15:04:04,137679299,Sculpt 🤎 Reformer,2026-08-19 07:00:00,Mercredi,07:00,Nathalie Hamm,Reformer,8,8,0,0.0,False
2026-07-21 15:04:04,137679367,Core & Tone 🤎 Reformer,2026-08-19 08:00:00,Mercredi,08:00,Nathalie Hamm,Reformer,8,8,0,0.0,False
2026-07-21 15:04:04,137683517,Fondation 2 ⭐️ Pilates Mat ,2026-08-19 08:00:00,Mercredi,08:00,Laetitia johan,Mat,8,8,0,0.0,False
2026-07-21 15:04:04,137679430,Fondation 2 🤎 Reformer,2026-08-19 09:00:00,Mercredi,09:00,Nathalie Hamm,Reformer,8,8,0,0.0,False
2026-07-21 15:04:04,137683575,Core & Tone ⭐️ Pilates Mat ,2026-08-19 09:00:00,Mercredi,09:00,Laetitia johan,Mat,8,8,0,0.0,False
2026-07-21 15:04:04,137683636,Fondation 1 ⭐️ Pilates Mat,2026-08-19 10:00:00,Mercredi,10:00,Laetitia johan,Mat,8,8,0,0.0,False
2026-07-21 15:04:04,137679506,Soft & Stretch 🤎 Reformer,2026-08-19 11:00:00,Mercredi,11:00,Nathalie Hamm,Reformer,8,8,0,0.0,False
2026-07-21 15:04:04,137683915,Core & Tone ⭐️ Pilates Mat ,2026-08-19 11:00:00,Mercredi,11:00,Laetitia johan,Mat,8,8,0,0.0,False
2026-07-21 15:04:04,137679561,Fondation 2 🤎 Reformer,2026-08-19 12:15:00,Mercredi,12:15,Nathalie Hamm,Reformer,8,8,0,0.0,False
2026-07-21 15:04:04,137684443,Sculpt ⭐️ Pilates Mat ,2026-08-19 12:15:00,Mercredi,12:15,Léa Aveline,Mat,8,8,0,0.0,False
2026-07-21 15:04:04,137679741,Flow Trio 🤎 Reformer,2026-08-19 13:15:00,Mercredi,13:15,Nathalie Hamm,Reformer,8,8,0,0.0,False
2026-07-21 15:04:04,137684516,Soft & Stretch ⭐️ Pilates Mat,2026-08-19 13:15:00,Mercredi,13:15,Léa Aveline,Mat,8,8,0,0.0,False
2026-07-21 15:04:04,137680225,Dynamic Fit 🤎 Reformer,2026-08-19 14:30:00,Mercredi,14:30,Nathalie Hamm,Reformer,8,8,0,0.0,False
2026-07-21 15:04:04,137684675,Sculpt ⭐️ Pilates Mat ,2026-08-19 14:30:00,Mercredi,14:30,Léa Aveline,Mat,8,8,0,0.0,False
2026-07-21 15:04:04,137680335,Sculpt 🤎 Reformer,2026-08-19 17:00:00,Mercredi,17:00,Léa Aveline,Reformer,8,8,0,0.0,False
2026-07-21 15:04:04,137680395,Fondation 2 🤎 Reformer,2026-08-19 18:00:00,Mercredi,18:00,Léa Aveline,Reformer,8,8,0,0.0,False
2026-07-21 15:04:04,137680447,Core & Tone 🤎 Reformer,2026-08-19 19:00:00,Mercredi,19:00,Léa Aveline,Reformer,8,8,0,0.0,False
2026-07-21 15:04:04,137680503,Fondation 1 🤎 Reformer,2026-08-19 20:00:00,Mercredi,20:00,Léa Aveline,Reformer,8,8,0,0.0,False
2026-07-21 15:04:04,138403744,Flow Trio ⭐️ Pilates Mat,2026-08-20 12:15:00,Jeudi,12:15,Aveline Caminade,Mat,8,8,0,0.0,False
2026-07-21 15:04:04,138403748,Dynamic Fit ⭐️ Pilates Mat,2026-08-20 13:15:00,Jeudi,13:15,Aveline Caminade,Mat,8,8,0,0.0,False
2026-07-21 15:04:04,138403757,Fondation 2 ⭐️ Pilates Mat ,2026-08-20 14:30:00,Jeudi,14:30,Aveline Caminade,Mat,8,8,0,0.0,False
2026-07-21 15:04:04,138403824,Fondation 1 ⭐️ Pilates Mat,2026-08-20 15:30:00,Jeudi,15:30,Aveline Caminade,Mat,8,8,0,0.0,False
2026-07-21 15:04:04,137680957,Sculpt 🤎 Reformer,2026-08-20 17:00:00,Jeudi,17:00,Justin Robert,Reformer,8,8,0,0.0,False
2026-07-21 15:04:04,137681011,Dynamic Fit 🤎 Reformer,2026-08-20 18:00:00,Jeudi,18:00,Justin Robert,Reformer,8,8,0,0.0,False
2026-07-21 15:04:04,137681165,Fondation 1 🤎 Reformer,2026-08-20 19:00:00,Jeudi,19:00,Justin Robert,Reformer,8,8,0,0.0,False
2026-07-21 15:04:04,137681217,Soft & Stretch 🤎 Reformer,2026-08-20 20:00:00,Jeudi,20:00,Justin Robert,Reformer,8,8,0,0.0,False
2026-07-21 15:04:04,137681574,Fondation 2 🤎 Reformer,2026-08-21 08:00:00,Vendredi,08:00,Léa Aveline,Reformer,8,7,1,12.5,False
2026-07-21 15:04:04,138839629,Soft & Stretch ⭐️ Pilates Mat,2026-08-21 08:00:00,Vendredi,08:00,Dani Johnson,Mat,8,8,0,0.0,False
2026-07-21 15:04:04,137681635,Fondation 1 🤎 Reformer,2026-08-21 09:00:00,Vendredi,09:00,Léa Aveline,Reformer,8,8,0,0.0,False
2026-07-21 15:04:04,138839754,Dynamic Fit ⭐️ Pilates Mat,2026-08-21 09:00:00,Vendredi,09:00,Dani Johnson,Mat,8,8,0,0.0,False
2026-07-21 15:04:04,137681681,Core & Tone 🤎 Reformer,2026-08-21 10:00:00,Vendredi,10:00,Léa Aveline,Reformer,8,8,0,0.0,False
2026-07-21 15:04:04,138839684,Fondation 1 ⭐️ Pilates Mat,2026-08-21 10:00:00,Vendredi,10:00,Dani Johnson,Mat,8,8,0,0.0,False
2026-07-21 15:04:04,138839837,Fondation 1 ⭐️ Pilates Mat,2026-08-21 11:00:00,Vendredi,11:00,Dani Johnson,Mat,8,8,0,0.0,False
2026-07-21 15:04:04,137681746,Core & Tone 🤎 Reformer,2026-08-21 12:15:00,Vendredi,12:15,Léa Aveline,Reformer,8,8,0,0.0,False
2026-07-21 15:04:04,137684206,Soft & Stretch ⭐️ Pilates Mat,2026-08-21 13:00:00,Vendredi,13:00,Laetitia johan,Mat,8,8,0,0.0,False
2026-07-21 15:04:04,137681800,Fondation 2 🤎 Reformer,2026-08-21 13:15:00,Vendredi,13:15,Léa Aveline,Reformer,8,8,0,0.0,False
2026-07-21 15:04:04,137684265,Flow Trio ⭐️ Pilates Mat,2026-08-21 14:00:00,Vendredi,14:00,Laetitia johan,Mat,8,8,0,0.0,False
2026-07-21 15:04:04,137681316,Fondation 2 🤎 Reformer,2026-08-21 15:00:00,Vendredi,15:00,Nathalie Hamm,Reformer,8,8,0,0.0,False
2026-07-21 15:04:04,137684328,Dynamic Fit ⭐️ Pilates Mat,2026-08-21 15:00:00,Vendredi,15:00,Laetitia johan,Mat,8,8,0,0.0,False
2026-07-21 15:04:04,137681326,Sculpt 🤎 Reformer,2026-08-21 16:00:00,Vendredi,16:00,Nathalie Hamm,Reformer,8,8,0,0.0,False
2026-07-21 15:04:04,137684379,Sculpt ⭐️ Pilates Mat ,2026-08-21 16:00:00,Vendredi,16:00,Laetitia johan,Mat,8,8,0,0.0,False
2026-07-21 15:04:04,137681433,Flow Trio 🤎 Reformer,2026-08-21 17:00:00,Vendredi,17:00,Nathalie Hamm,Reformer,8,8,0,0.0,False
2026-07-21 15:04:04,137681486,Fondation 1 🤎 Reformer,2026-08-21 18:00:00,Vendredi,18:00,Nathalie Hamm,Reformer,8,8,0,0.0,False
2026-07-21 15:04:04,137682606,Fondation 2 🤎 Reformer,2026-08-22 09:00:00,Samedi,09:00,Nathalie Hamm,Reformer,8,8,0,0.0,False
2026-07-21 15:04:04,137682670,Core & Tone 🤎 Reformer,2026-08-22 10:00:00,Samedi,10:00,Nathalie Hamm,Reformer,8,8,0,0.0,False
2026-07-21 15:04:04,137682727,Dynamic Fit 🤎 Reformer,2026-08-22 11:00:00,Samedi,11:00,Nathalie Hamm,Reformer,8,8,0,0.0,False
2026-07-21 15:04:04,137682787,Flow Trio 🤎 Reformer,2026-08-22 12:00:00,Samedi,12:00,Nathalie Hamm,Reformer,8,8,0,0.0,False
2026-07-21 15:04:04,137682842,Fondation 2 🤎 Reformer,2026-08-23 09:00:00,Dimanche,09:00,Nathalie Hamm,Reformer,8,8,0,0.0,False
2026-07-21 15:04:04,137683005,Fondation 2 🤎 Reformer,2026-08-23 10:00:00,Dimanche,10:00,Nathalie Hamm,Reformer,8,8,0,0.0,False
2026-07-21 15:04:04,137683069,Dynamic Fit 🤎 Reformer,2026-08-23 11:00:00,Dimanche,11:00,Nathalie Hamm,Reformer,8,8,0,0.0,False
2026-07-21 15:04:04,137682953,Core & Tone 🤎 Reformer,2026-08-23 12:00:00,Dimanche,12:00,Nathalie Hamm,Reformer,8,8,0,0.0,False
2026-07-21 15:04:04,137617873,Fondation 2 🤎 Reformer,2026-08-24 07:00:00,Lundi,07:00,Nathalie Hamm,Reformer,8,8,0,0.0,False
2026-07-21 15:04:04,137618010,Sculpt 🤎 Reformer,2026-08-24 08:00:00,Lundi,08:00,Nathalie Hamm,Reformer,8,8,0,0.0,False
2026-07-21 15:04:04,138838578,Fondation 2 ⭐️ Pilates Mat ,2026-08-24 08:00:00,Lundi,08:00,Dani Johnson,Mat,8,8,0,0.0,False
2026-07-21 15:04:04,137618263,Dynamic Fit 🤎 Reformer,2026-08-24 09:00:00,Lundi,09:00,Nathalie Hamm,Reformer,8,8,0,0.0,False
2026-07-21 15:04:04,138838628,Dynamic Fit ⭐️ Pilates Mat,2026-08-24 09:00:00,Lundi,09:00,Dani Johnson,Mat,8,8,0,0.0,False
2026-07-21 15:04:04,138838683,Fondation 1 ⭐️ Pilates Mat,2026-08-24 10:00:00,Lundi,10:00,Dani Johnson,Mat,8,8,0,0.0,False
2026-07-21 15:04:04,137618330,Core & Tone 🤎 Reformer,2026-08-24 11:00:00,Lundi,11:00,Nathalie Hamm,Reformer,8,8,0,0.0,False
2026-07-21 15:04:04,137618386,Fondation 2 🤎 Reformer,2026-08-24 12:15:00,Lundi,12:15,Nathalie Hamm,Reformer,8,8,0,0.0,False
2026-07-21 15:04:04,137620260,Dynamic Fit 🤎 Reformer,2026-08-24 13:15:00,Lundi,13:15,Nathalie Hamm,Reformer,8,8,0,0.0,False
2026-07-21 15:04:04,137618585,Soft & Stretch 🤎 Reformer,2026-08-24 14:30:00,Lundi,14:30,Nathalie Hamm,Reformer,8,8,0,0.0,False
2026-07-21 15:04:04,137618708,Fondation 2 🤎 Reformer,2026-08-24 17:00:00,Lundi,17:00,Eva Bernard,Reformer,8,8,0,0.0,False
2026-07-21 15:04:04,137618814,Sculpt 🤎 Reformer,2026-08-24 18:00:00,Lundi,18:00,Eva Bernard,Reformer,8,8,0,0.0,False
2026-07-21 15:04:04,137619311,Core & Tone 🤎 Reformer,2026-08-24 19:00:00,Lundi,19:00,Eva Bernard,Reformer,8,8,0,0.0,False
2026-07-21 15:04:04,137619700,Sculpt 🤎 Reformer,2026-08-24 20:00:00,Lundi,20:00,Eva Bernard,Reformer,8,8,0,0.0,False
2026-07-21 15:04:04,137619911,Fondation 2 🤎 Reformer,2026-08-25 07:00:00,Mardi,07:00,Nathalie Hamm,Reformer,8,8,0,0.0,False
2026-07-21 15:04:04,137619978,Core & Tone 🤎 Reformer,2026-08-25 08:00:00,Mardi,08:00,Nathalie Hamm,Reformer,8,8,0,0.0,False
2026-07-21 15:04:04,138838753,Flow Trio ⭐️ Pilates Mat,2026-08-25 08:00:00,Mardi,08:00,Dani Johnson,Mat,8,8,0,0.0,False
2026-07-21 15:04:04,137620080,Dynamic Fit 🤎 Reformer,2026-08-25 09:00:00,Mardi,09:00,Nathalie Hamm,Reformer,8,8,0,0.0,False
2026-07-21 15:04:04,138839501,Fondation 2 ⭐️ Pilates Mat ,2026-08-25 09:00:00,Mardi,09:00,Dani Johnson,Mat,8,8,0,0.0,False
2026-07-21 15:04:04,137620028,Sculpt 🤎 Reformer,2026-08-25 10:00:00,Mardi,10:00,Nathalie Hamm,Reformer,8,8,0,0.0,False
2026-07-21 15:04:04,138839586,Core & Tone ⭐️ Pilates Mat ,2026-08-25 10:00:00,Mardi,10:00,Dani Johnson,Mat,8,8,0,0.0,False
2026-07-21 15:04:04,137620209,Fondation 2 🤎 Reformer,2026-08-25 12:15:00,Mardi,12:15,Léa Aveline,Reformer,8,8,0,0.0,False
2026-07-21 15:04:04,137620369,Dynamic Fit 🤎 Reformer,2026-08-25 13:15:00,Mardi,13:15,Léa Aveline,Reformer,8,8,0,0.0,False
2026-07-21 15:04:04,137620314,Soft & Stretch 🤎 Reformer,2026-08-25 14:30:00,Mardi,14:30,Léa Aveline,Reformer,8,8,0,0.0,False
2026-07-21 15:04:04,137620430,Core & Tone 🤎 Reformer,2026-08-25 16:00:00,Mardi,16:00,Léa Aveline,Reformer,8,8,0,0.0,False
2026-07-21 15:04:04,137620481,Fondation 2 🤎 Reformer,2026-08-25 17:00:00,Mardi,17:00,Léa Aveline,Reformer,8,8,0,0.0,False
2026-07-21 15:04:04,137620535,Flow Trio 🤎 Reformer,2026-08-25 18:00:00,Mardi,18:00,Léa Aveline,Reformer,8,8,0,0.0,False
2026-07-21 15:04:04,137620614,Sculpt 🤎 Reformer,2026-08-25 19:00:00,Mardi,19:00,Léa Aveline,Reformer,8,8,0,0.0,False
2026-07-21 15:04:04,137679291,Sculpt 🤎 Reformer,2026-08-26 07:00:00,Mercredi,07:00,Nathalie Hamm,Reformer,8,8,0,0.0,False
2026-07-21 15:04:04,137679366,Core & Tone 🤎 Reformer,2026-08-26 08:00:00,Mercredi,08:00,Nathalie Hamm,Reformer,8,8,0,0.0,False
2026-07-21 15:04:04,137683522,Fondation 2 ⭐️ Pilates Mat ,2026-08-26 08:00:00,Mercredi,08:00,Laetitia johan,Mat,8,8,0,0.0,False
2026-07-21 15:04:04,137679448,Fondation 2 🤎 Reformer,2026-08-26 09:00:00,Mercredi,09:00,Nathalie Hamm,Reformer,8,8,0,0.0,False
2026-07-21 15:04:04,137683576,Core & Tone ⭐️ Pilates Mat ,2026-08-26 09:00:00,Mercredi,09:00,Laetitia johan,Mat,8,8,0,0.0,False
2026-07-21 15:04:04,137683640,Fondation 1 ⭐️ Pilates Mat,2026-08-26 10:00:00,Mercredi,10:00,Laetitia johan,Mat,8,8,0,0.0,False
2026-07-21 15:04:04,137679509,Soft & Stretch 🤎 Reformer,2026-08-26 11:00:00,Mercredi,11:00,Nathalie Hamm,Reformer,8,8,0,0.0,False
2026-07-21 15:04:04,137683930,Core & Tone ⭐️ Pilates Mat ,2026-08-26 11:00:00,Mercredi,11:00,Laetitia johan,Mat,8,8,0,0.0,False
2026-07-21 15:04:04,137679564,Fondation 2 🤎 Reformer,2026-08-26 12:15:00,Mercredi,12:15,Nathalie Hamm,Reformer,8,8,0,0.0,False
2026-07-21 15:04:04,137684452,Sculpt ⭐️ Pilates Mat ,2026-08-26 12:15:00,Mercredi,12:15,Léa Aveline,Mat,8,8,0,0.0,False
2026-07-21 15:04:04,137679720,Flow Trio 🤎 Reformer,2026-08-26 13:15:00,Mercredi,13:15,Nathalie Hamm,Reformer,8,8,0,0.0,False
2026-07-21 15:04:04,137684514,Soft & Stretch ⭐️ Pilates Mat,2026-08-26 13:15:00,Mercredi,13:15,Léa Aveline,Mat,8,8,0,0.0,False
2026-07-21 15:04:04,137680226,Dynamic Fit 🤎 Reformer,2026-08-26 14:30:00,Mercredi,14:30,Nathalie Hamm,Reformer,8,8,0,0.0,False
2026-07-21 15:04:04,137684676,Sculpt ⭐️ Pilates Mat ,2026-08-26 14:30:00,Mercredi,14:30,Léa Aveline,Mat,8,8,0,0.0,False
2026-07-21 15:04:04,137680343,Sculpt 🤎 Reformer,2026-08-26 17:00:00,Mercredi,17:00,Léa Aveline,Reformer,8,8,0,0.0,False
2026-07-21 15:04:04,137680400,Fondation 2 🤎 Reformer,2026-08-26 18:00:00,Mercredi,18:00,Léa Aveline,Reformer,8,8,0,0.0,False
2026-07-21 15:04:04,137680448,Core & Tone 🤎 Reformer,2026-08-26 19:00:00,Mercredi,19:00,Léa Aveline,Reformer,8,8,0,0.0,False
2026-07-21 15:04:04,137680501,Fondation 1 🤎 Reformer,2026-08-26 20:00:00,Mercredi,20:00,Léa Aveline,Reformer,8,8,0,0.0,False
2026-07-21 15:04:04,137680559,Fondation 2 🤎 Reformer,2026-08-27 09:15:00,Jeudi,09:15,Eva Bernard,Reformer,8,8,0,0.0,False
2026-07-21 15:04:04,137680727,Core & Tone 🤎 Reformer,2026-08-27 10:15:00,Jeudi,10:15,Eva Bernard,Reformer,8,8,0,0.0,False
2026-07-21 15:04:04,137680680,Soft & Stretch 🤎 Reformer,2026-08-27 11:15:00,Jeudi,11:15,Eva Bernard,Reformer,8,8,0,0.0,False
2026-07-21 15:04:04,137680793,Fondation 1 🤎 Reformer,2026-08-27 12:15:00,Jeudi,12:15,Eva Bernard,Reformer,8,8,0,0.0,False
2026-07-21 15:04:04,138403745,Flow Trio ⭐️ Pilates Mat,2026-08-27 12:15:00,Jeudi,12:15,Aveline Caminade,Mat,8,8,0,0.0,False
2026-07-21 15:04:04,138403749,Dynamic Fit ⭐️ Pilates Mat,2026-08-27 13:15:00,Jeudi,13:15,Aveline Caminade,Mat,8,8,0,0.0,False
2026-07-21 15:04:04,137680840,Dynamic Fit 🤎 Reformer,2026-08-27 13:30:00,Jeudi,13:30,Eva Bernard,Reformer,8,8,0,0.0,False
2026-07-21 15:04:04,138403756,Fondation 2 ⭐️ Pilates Mat ,2026-08-27 14:30:00,Jeudi,14:30,Aveline Caminade,Mat,8,8,0,0.0,False
2026-07-21 15:04:04,138403827,Fondation 1 ⭐️ Pilates Mat,2026-08-27 15:30:00,Jeudi,15:30,Aveline Caminade,Mat,8,8,0,0.0,False
2026-07-21 15:04:04,137680956,Sculpt 🤎 Reformer,2026-08-27 17:00:00,Jeudi,17:00,Justin Robert,Reformer,8,8,0,0.0,False
2026-07-21 15:04:04,137681009,Dynamic Fit 🤎 Reformer,2026-08-27 18:00:00,Jeudi,18:00,Justin Robert,Reformer,8,8,0,0.0,False
2026-07-21 15:04:04,137681168,Fondation 1 🤎 Reformer,2026-08-27 19:00:00,Jeudi,19:00,Justin Robert,Reformer,8,8,0,0.0,False
2026-07-21 15:04:04,137681219,Soft & Stretch 🤎 Reformer,2026-08-27 20:00:00,Jeudi,20:00,Justin Robert,Reformer,8,8,0,0.0,False
2026-07-21 15:04:04,137681580,Fondation 2 🤎 Reformer,2026-08-28 08:00:00,Vendredi,08:00,Léa Aveline,Reformer,8,8,0,0.0,False
2026-07-21 15:04:04,138839630,Soft & Stretch ⭐️ Pilates Mat,2026-08-28 08:00:00,Vendredi,08:00,Dani Johnson,Mat,8,8,0,0.0,False
2026-07-21 15:04:04,137681628,Fondation 1 🤎 Reformer,2026-08-28 09:00:00,Vendredi,09:00,Léa Aveline,Reformer,8,8,0,0.0,False
2026-07-21 15:04:04,138839756,Dynamic Fit ⭐️ Pilates Mat,2026-08-28 09:00:00,Vendredi,09:00,Dani Johnson,Mat,8,8,0,0.0,False
2026-07-21 15:04:04,137681682,Core & Tone 🤎 Reformer,2026-08-28 10:00:00,Vendredi,10:00,Léa Aveline,Reformer,8,8,0,0.0,False
2026-07-21 15:04:04,138839682,Fondation 1 ⭐️ Pilates Mat,2026-08-28 10:00:00,Vendredi,10:00,Dani Johnson,Mat,8,8,0,0.0,False
2026-07-21 15:04:04,138839838,Fondation 1 ⭐️ Pilates Mat,2026-08-28 11:00:00,Vendredi,11:00,Dani Johnson,Mat,8,8,0,0.0,False
2026-07-21 15:04:04,137681747,Core & Tone 🤎 Reformer,2026-08-28 12:15:00,Vendredi,12:15,Léa Aveline,Reformer,8,8,0,0.0,False
2026-07-21 15:04:04,137684214,Soft & Stretch ⭐️ Pilates Mat,2026-08-28 13:00:00,Vendredi,13:00,Laetitia johan,Mat,8,8,0,0.0,False
2026-07-21 15:04:04,137681811,Fondation 2 🤎 Reformer,2026-08-28 13:15:00,Vendredi,13:15,Léa Aveline,Reformer,8,8,0,0.0,False
2026-07-21 15:04:04,137684263,Flow Trio ⭐️ Pilates Mat,2026-08-28 14:00:00,Vendredi,14:00,Laetitia johan,Mat,8,8,0,0.0,False
2026-07-21 15:04:04,137681296,Fondation 2 🤎 Reformer,2026-08-28 15:00:00,Vendredi,15:00,Nathalie Hamm,Reformer,8,8,0,0.0,False
2026-07-21 15:04:04,137684325,Dynamic Fit ⭐️ Pilates Mat,2026-08-28 15:00:00,Vendredi,15:00,Laetitia johan,Mat,8,8,0,0.0,False
2026-07-21 15:04:04,137681330,Sculpt 🤎 Reformer,2026-08-28 16:00:00,Vendredi,16:00,Nathalie Hamm,Reformer,8,8,0,0.0,False
2026-07-21 15:04:04,137684381,Sculpt ⭐️ Pilates Mat ,2026-08-28 16:00:00,Vendredi,16:00,Laetitia johan,Mat,8,8,0,0.0,False
2026-07-21 15:04:04,137681434,Flow Trio 🤎 Reformer,2026-08-28 17:00:00,Vendredi,17:00,Nathalie Hamm,Reformer,8,8,0,0.0,False
2026-07-21 15:04:04,137681491,Fondation 1 🤎 Reformer,2026-08-28 18:00:00,Vendredi,18:00,Nathalie Hamm,Reformer,8,8,0,0.0,False
2026-07-21 15:04:04,137682656,Fondation 2 🤎 Reformer,2026-08-29 09:00:00,Samedi,09:00,Léa Aveline,Reformer,8,8,0,0.0,False
2026-07-21 15:04:04,137682665,Core & Tone 🤎 Reformer,2026-08-29 10:00:00,Samedi,10:00,Léa Aveline,Reformer,8,8,0,0.0,False
2026-07-21 15:04:04,137682721,Dynamic Fit 🤎 Reformer,2026-08-29 11:00:00,Samedi,11:00,Léa Aveline,Reformer,8,8,0,0.0,False
2026-07-21 15:04:04,137682785,Flow Trio 🤎 Reformer,2026-08-29 12:00:00,Samedi,12:00,Léa Aveline,Reformer,8,8,0,0.0,False
2026-07-21 15:04:04,137682840,Fondation 2 🤎 Reformer,2026-08-30 09:00:00,Dimanche,09:00,Léa Aveline,Reformer,8,8,0,0.0,False
2026-07-21 15:04:04,137683006,Fondation 2 🤎 Reformer,2026-08-30 10:00:00,Dimanche,10:00,Léa Aveline,Reformer,8,8,0,0.0,False
2026-07-21 15:04:04,137683063,Dynamic Fit 🤎 Reformer,2026-08-30 11:00:00,Dimanche,11:00,Léa Aveline,Reformer,8,8,0,0.0,False
2026-07-21 15:04:04,137682956,Core & Tone 🤎 Reformer,2026-08-30 12:00:00,Dimanche,12:00,Léa Aveline,Reformer,8,8,0,0.0,False
2026-07-21 15:04:04,137617874,Fondation 2 🤎 Reformer,2026-08-31 07:00:00,Lundi,07:00,Nathalie Hamm,Reformer,8,8,0,0.0,False
2026-07-21 15:04:04,137618009,Sculpt 🤎 Reformer,2026-08-31 08:00:00,Lundi,08:00,Nathalie Hamm,Reformer,8,8,0,0.0,False
2026-07-21 15:04:04,137618260,Dynamic Fit 🤎 Reformer,2026-08-31 09:00:00,Lundi,09:00,Nathalie Hamm,Reformer,8,8,0,0.0,False
2026-07-21 15:04:04,138838687,Fondation 1 ⭐️ Pilates Mat,2026-08-31 10:00:00,Lundi,10:00,Dani Johnson,Mat,8,8,0,0.0,False
2026-07-21 15:04:04,137618331,Core & Tone 🤎 Reformer,2026-08-31 11:00:00,Lundi,11:00,Nathalie Hamm,Reformer,8,8,0,0.0,False
2026-07-21 15:04:04,137618388,Fondation 2 🤎 Reformer,2026-08-31 12:15:00,Lundi,12:15,Nathalie Hamm,Reformer,8,8,0,0.0,False
2026-07-21 15:04:04,138839966,Fondation 1 ⭐️ Pilates Mat,2026-08-31 12:15:00,Lundi,12:15,JEAN DUTARTRE,Mat,8,8,0,0.0,False
2026-07-21 15:04:04,137620281,Dynamic Fit 🤎 Reformer,2026-08-31 13:15:00,Lundi,13:15,Nathalie Hamm,Reformer,8,8,0,0.0,False
2026-07-21 15:04:04,138840024,Core & Tone ⭐️ Pilates Mat ,2026-08-31 13:15:00,Lundi,13:15,JEAN DUTARTRE,Mat,8,8,0,0.0,False
2026-07-21 15:04:04,137618588,Soft & Stretch 🤎 Reformer,2026-08-31 14:30:00,Lundi,14:30,Nathalie Hamm,Reformer,8,8,0,0.0,False
2026-07-21 15:04:04,137618709,Fondation 2 🤎 Reformer,2026-08-31 17:00:00,Lundi,17:00,Eva Bernard,Reformer,8,8,0,0.0,False
2026-07-21 15:04:04,137618812,Sculpt 🤎 Reformer,2026-08-31 18:00:00,Lundi,18:00,Eva Bernard,Reformer,8,8,0,0.0,False
2026-07-21 15:04:04,137619211,Core & Tone 🤎 Reformer,2026-08-31 19:00:00,Lundi,19:00,Eva Bernard,Reformer,8,8,0,0.0,False
2026-07-21 15:04:04,137619712,Sculpt 🤎 Reformer,2026-08-31 20:00:00,Lundi,20:00,Eva Bernard,Reformer,8,8,0,0.0,False
2026-07-21 15:04:04,137619906,Fondation 2 🤎 Reformer,2026-09-01 07:00:00,Mardi,07:00,Nathalie Hamm,Reformer,8,8,0,0.0,False
2026-07-21 15:04:04,137619987,Core & Tone 🤎 Reformer,2026-09-01 08:00:00,Mardi,08:00,Nathalie Hamm,Reformer,8,8,0,0.0,False
2026-07-21 15:04:04,137620077,Dynamic Fit 🤎 Reformer,2026-09-01 09:00:00,Mardi,09:00,Nathalie Hamm,Reformer,8,8,0,0.0,False
2026-07-21 15:04:04,137620027,Sculpt 🤎 Reformer,2026-09-01 10:00:00,Mardi,10:00,Nathalie Hamm,Reformer,8,8,0,0.0,False
2026-07-21 15:04:04,137620212,Fondation 2 🤎 Reformer,2026-09-01 12:15:00,Mardi,12:15,Léa Aveline,Reformer,8,8,0,0.0,False
2026-07-21 15:04:04,138840096,Dynamic Fit ⭐️ Pilates Mat,2026-09-01 12:15:00,Mardi,12:15,JEAN DUTARTRE,Mat,8,8,0,0.0,False
2026-07-21 15:04:04,137620366,Dynamic Fit 🤎 Reformer,2026-09-01 13:15:00,Mardi,13:15,Léa Aveline,Reformer,8,8,0,0.0,False
2026-07-21 15:04:04,138840170,Fondation 2 ⭐️ Pilates Mat ,2026-09-01 13:15:00,Mardi,13:15,JEAN DUTARTRE,Mat,8,8,0,0.0,False
2026-07-21 15:04:04,137620313,Soft & Stretch 🤎 Reformer,2026-09-01 14:30:00,Mardi,14:30,Léa Aveline,Reformer,8,8,0,0.0,False
2026-07-21 15:04:04,137620427,Core & Tone 🤎 Reformer,2026-09-01 16:00:00,Mardi,16:00,Léa Aveline,Reformer,8,8,0,0.0,False
2026-07-21 15:04:04,137620476,Fondation 2 🤎 Reformer,2026-09-01 17:00:00,Mardi,17:00,Léa Aveline,Reformer,8,8,0,0.0,False
2026-07-21 15:04:04,137620530,Flow Trio 🤎 Reformer,2026-09-01 18:00:00,Mardi,18:00,Léa Aveline,Reformer,8,8,0,0.0,False
2026-07-21 15:04:04,137620589,Sculpt 🤎 Reformer,2026-09-01 19:00:00,Mardi,19:00,Léa Aveline,Reformer,8,8,0,0.0,False
2026-07-21 15:04:04,137679290,Sculpt 🤎 Reformer,2026-09-02 07:00:00,Mercredi,07:00,Nathalie Hamm,Reformer,8,8,0,0.0,False
2026-07-21 15:04:04,137679371,Core & Tone 🤎 Reformer,2026-09-02 08:00:00,Mercredi,08:00,Nathalie Hamm,Reformer,8,8,0,0.0,False
2026-07-21 15:04:04,137679433,Fondation 2 🤎 Reformer,2026-09-02 09:00:00,Mercredi,09:00,Nathalie Hamm,Reformer,8,8,0,0.0,False
2026-07-21 15:04:04,137683633,Fondation 1 ⭐️ Pilates Mat,2026-09-02 10:00:00,Mercredi,10:00,Laetitia johan,Mat,8,8,0,0.0,False
2026-07-21 15:04:04,137679507,Soft & Stretch 🤎 Reformer,2026-09-02 11:00:00,Mercredi,11:00,Nathalie Hamm,Reformer,8,8,0,0.0,False
2026-07-21 15:04:04,137683909,Core & Tone ⭐️ Pilates Mat ,2026-09-02 11:00:00,Mercredi,11:00,Laetitia johan,Mat,8,8,0,0.0,False
2026-07-21 15:04:04,137679566,Fondation 2 🤎 Reformer,2026-09-02 12:15:00,Mercredi,12:15,Nathalie Hamm,Reformer,8,8,0,0.0,False
2026-07-21 15:04:04,137684444,Sculpt ⭐️ Pilates Mat ,2026-09-02 12:15:00,Mercredi,12:15,Léa Aveline,Mat,8,8,0,0.0,False
2026-07-21 15:04:04,137679731,Flow Trio 🤎 Reformer,2026-09-02 13:15:00,Mercredi,13:15,Nathalie Hamm,Reformer,8,8,0,0.0,False
2026-07-21 15:04:04,137684515,Soft & Stretch ⭐️ Pilates Mat,2026-09-02 13:15:00,Mercredi,13:15,Léa Aveline,Mat,8,8,0,0.0,False
2026-07-21 15:04:04,137680223,Dynamic Fit 🤎 Reformer,2026-09-02 14:30:00,Mercredi,14:30,Nathalie Hamm,Reformer,8,8,0,0.0,False
2026-07-21 15:04:04,137684673,Sculpt ⭐️ Pilates Mat ,2026-09-02 14:30:00,Mercredi,14:30,Léa Aveline,Mat,8,8,0,0.0,False
2026-07-21 15:04:04,138403553,Core & Tone ⭐️ Pilates Mat ,2026-09-02 16:00:00,Mercredi,16:00,Aveline Caminade,Mat,8,8,0,0.0,False
2026-07-21 15:04:04,137680340,Sculpt 🤎 Reformer,2026-09-02 17:00:00,Mercredi,17:00,Léa Aveline,Reformer,8,8,0,0.0,False
2026-07-21 15:04:04,138403606,Dynamic Fit ⭐️ Pilates Mat,2026-09-02 17:00:00,Mercredi,17:00,Aveline Caminade,Mat,8,8,0,0.0,False
2026-07-21 15:04:04,137680396,Fondation 2 🤎 Reformer,2026-09-02 18:00:00,Mercredi,18:00,Léa Aveline,Reformer,8,8,0,0.0,False
2026-07-21 15:04:04,138403689,Sculpt ⭐️ Pilates Mat ,2026-09-02 18:00:00,Mercredi,18:00,Aveline Caminade,Mat,8,8,0,0.0,False
2026-07-21 15:04:04,137680450,Core & Tone 🤎 Reformer,2026-09-02 19:00:00,Mercredi,19:00,Léa Aveline,Reformer,8,8,0,0.0,False
2026-07-21 15:04:04,137680506,Fondation 1 🤎 Reformer,2026-09-02 20:00:00,Mercredi,20:00,Léa Aveline,Reformer,8,8,0,0.0,False
2026-07-21 15:04:04,137680570,Fondation 2 🤎 Reformer,2026-09-03 09:15:00,Jeudi,09:15,Eva Bernard,Reformer,8,8,0,0.0,False
2026-07-21 15:04:04,137680729,Core & Tone 🤎 Reformer,2026-09-03 10:15:00,Jeudi,10:15,Eva Bernard,Reformer,8,8,0,0.0,False
2026-07-21 15:04:04,137680677,Soft & Stretch 🤎 Reformer,2026-09-03 11:15:00,Jeudi,11:15,Eva Bernard,Reformer,8,8,0,0.0,False
2026-07-21 15:04:04,137680801,Fondation 1 🤎 Reformer,2026-09-03 12:15:00,Jeudi,12:15,Eva Bernard,Reformer,8,8,0,0.0,False
2026-07-21 15:04:04,137680842,Dynamic Fit 🤎 Reformer,2026-09-03 13:30:00,Jeudi,13:30,Eva Bernard,Reformer,8,8,0,0.0,False
2026-07-21 15:04:04,137680954,Sculpt 🤎 Reformer,2026-09-03 17:00:00,Jeudi,17:00,Justin Robert,Reformer,8,8,0,0.0,False
2026-07-21 15:04:04,137681016,Dynamic Fit 🤎 Reformer,2026-09-03 18:00:00,Jeudi,18:00,Justin Robert,Reformer,8,8,0,0.0,False
2026-07-21 15:04:04,137681166,Fondation 1 🤎 Reformer,2026-09-03 19:00:00,Jeudi,19:00,Justin Robert,Reformer,8,8,0,0.0,False
2026-07-21 15:04:04,137681218,Soft & Stretch 🤎 Reformer,2026-09-03 20:00:00,Jeudi,20:00,Justin Robert,Reformer,8,8,0,0.0,False
2026-07-21 15:04:04,137681577,Fondation 2 🤎 Reformer,2026-09-04 08:00:00,Vendredi,08:00,Léa Aveline,Reformer,8,8,0,0.0,False
2026-07-21 15:04:04,137681632,Fondation 1 🤎 Reformer,2026-09-04 09:00:00,Vendredi,09:00,Léa Aveline,Reformer,8,8,0,0.0,False
2026-07-21 15:04:04,137681683,Core & Tone 🤎 Reformer,2026-09-04 10:00:00,Vendredi,10:00,Léa Aveline,Reformer,8,8,0,0.0,False
2026-07-21 15:04:04,137684383,Sculpt ⭐️ Pilates Mat ,2026-09-04 12:00:00,Vendredi,12:00,Laetitia johan,Mat,8,8,0,0.0,False
2026-07-21 15:04:04,137681749,Core & Tone 🤎 Reformer,2026-09-04 12:15:00,Vendredi,12:15,Léa Aveline,Reformer,8,8,0,0.0,False
2026-07-21 15:04:04,137684208,Soft & Stretch ⭐️ Pilates Mat,2026-09-04 13:00:00,Vendredi,13:00,Laetitia johan,Mat,8,8,0,0.0,False
2026-07-21 15:04:04,137681805,Fondation 2 🤎 Reformer,2026-09-04 13:15:00,Vendredi,13:15,Léa Aveline,Reformer,8,8,0,0.0,False
2026-07-21 15:04:04,137684264,Flow Trio ⭐️ Pilates Mat,2026-09-04 14:00:00,Vendredi,14:00,Laetitia johan,Mat,8,8,0,0.0,False
2026-07-21 15:04:04,137681318,Fondation 2 🤎 Reformer,2026-09-04 15:00:00,Vendredi,15:00,Nathalie Hamm,Reformer,8,8,0,0.0,False
2026-07-21 15:04:04,137684323,Dynamic Fit ⭐️ Pilates Mat,2026-09-04 15:00:00,Vendredi,15:00,Laetitia johan,Mat,8,8,0,0.0,False
2026-07-21 15:04:04,137681338,Sculpt 🤎 Reformer,2026-09-04 16:00:00,Vendredi,16:00,Nathalie Hamm,Reformer,8,8,0,0.0,False
2026-07-21 15:04:04,137681438,Flow Trio 🤎 Reformer,2026-09-04 17:00:00,Vendredi,17:00,Nathalie Hamm,Reformer,8,8,0,0.0,False
2026-07-21 15:04:04,137681490,Fondation 1 🤎 Reformer,2026-09-04 18:00:00,Vendredi,18:00,Nathalie Hamm,Reformer,8,8,0,0.0,False
2026-07-21 15:04:04,137682647,Fondation 2 🤎 Reformer,2026-09-05 09:00:00,Samedi,09:00,JEAN DUTARTRE,Reformer,8,8,0,0.0,False
2026-07-21 15:04:04,137682664,Core & Tone 🤎 Reformer,2026-09-05 10:00:00,Samedi,10:00,JEAN DUTARTRE,Reformer,8,8,0,0.0,False
2026-07-21 15:04:04,137682722,Dynamic Fit 🤎 Reformer,2026-09-05 11:00:00,Samedi,11:00,JEAN DUTARTRE,Reformer,8,8,0,0.0,False
2026-07-21 15:04:04,137682797,Flow Trio 🤎 Reformer,2026-09-05 12:00:00,Samedi,12:00,JEAN DUTARTRE,Reformer,8,8,0,0.0,False
2026-07-21 15:04:04,137682853,Fondation 2 🤎 Reformer,2026-09-06 09:00:00,Dimanche,09:00,JEAN DUTARTRE,Reformer,8,8,0,0.0,False
2026-07-21 15:04:04,137683015,Fondation 2 🤎 Reformer,2026-09-06 10:00:00,Dimanche,10:00,JEAN DUTARTRE,Reformer,8,8,0,0.0,False
2026-07-21 15:04:04,137683065,Dynamic Fit 🤎 Reformer,2026-09-06 11:00:00,Dimanche,11:00,JEAN DUTARTRE,Reformer,8,8,0,0.0,False
2026-07-21 15:04:04,137682952,Core & Tone 🤎 Reformer,2026-09-06 12:00:00,Dimanche,12:00,JEAN DUTARTRE,Reformer,8,8,0,0.0,False
2026-07-21 15:04:04,138838684,Fondation 1 ⭐️ Pilates Mat,2026-09-07 10:00:00,Lundi,10:00,Dani Johnson,Mat,8,8,0,0.0,False
2026-07-21 15:04:04,138839967,Fondation 1 ⭐️ Pilates Mat,2026-09-07 12:15:00,Lundi,12:15,JEAN DUTARTRE,Mat,8,8,0,0.0,False
2026-07-21 15:04:04,138840025,Core & Tone ⭐️ Pilates Mat ,2026-09-07 13:15:00,Lundi,13:15,JEAN DUTARTRE,Mat,8,8,0,0.0,False
2026-07-21 15:04:04,138840098,Dynamic Fit ⭐️ Pilates Mat,2026-09-08 12:15:00,Mardi,12:15,JEAN DUTARTRE,Mat,8,8,0,0.0,False
2026-07-21 15:04:04,138840168,Fondation 2 ⭐️ Pilates Mat ,2026-09-08 13:15:00,Mardi,13:15,JEAN DUTARTRE,Mat,8,8,0,0.0,False
2026-07-21 15:04:04,138403550,Core & Tone ⭐️ Pilates Mat ,2026-09-09 16:00:00,Mercredi,16:00,Aveline Caminade,Mat,8,8,0,0.0,False
2026-07-21 15:04:04,138403609,Dynamic Fit ⭐️ Pilates Mat,2026-09-09 17:00:00,Mercredi,17:00,Aveline Caminade,Mat,8,8,0,0.0,False
2026-07-21 15:04:04,138403694,Sculpt ⭐️ Pilates Mat ,2026-09-09 18:00:00,Mercredi,18:00,Aveline Caminade,Mat,8,8,0,0.0,False
2026-07-21 15:04:04,138838699,Fondation 1 ⭐️ Pilates Mat,2026-09-14 10:00:00,Lundi,10:00,Dani Johnson,Mat,8,8,0,0.0,False
2026-07-21 15:04:04,138839968,Fondation 1 ⭐️ Pilates Mat,2026-09-14 12:15:00,Lundi,12:15,JEAN DUTARTRE,Mat,8,8,0,0.0,False
2026-07-21 15:04:04,138840026,Core & Tone ⭐️ Pilates Mat ,2026-09-14 13:15:00,Lundi,13:15,JEAN DUTARTRE,Mat,8,8,0,0.0,False
2026-07-21 15:04:04,138840097,Dynamic Fit ⭐️ Pilates Mat,2026-09-15 12:15:00,Mardi,12:15,JEAN DUTARTRE,Mat,8,8,0,0.0,False
2026-07-21 15:04:04,138840171,Fondation 2 ⭐️ Pilates Mat ,2026-09-15 13:15:00,Mardi,13:15,JEAN DUTARTRE,Mat,8,8,0,0.0,False
2026-07-21 15:04:04,138403554,Core & Tone ⭐️ Pilates Mat ,2026-09-16 16:00:00,Mercredi,16:00,Aveline Caminade,Mat,8,8,0,0.0,False
2026-07-21 15:04:04,138403607,Dynamic Fit ⭐️ Pilates Mat,2026-09-16 17:00:00,Mercredi,17:00,Aveline Caminade,Mat,8,8,0,0.0,False
2026-07-21 15:04:04,138403668,Sculpt ⭐️ Pilates Mat ,2026-09-16 18:00:00,Mercredi,18:00,Aveline Caminade,Mat,8,8,0,0.0,False
2026-07-21 15:04:04,138838688,Fondation 1 ⭐️ Pilates Mat,2026-09-21 10:00:00,Lundi,10:00,Dani Johnson,Mat,8,8,0,0.0,False
2026-07-22 08:11:48,138953961,Fondation 2 🤎 Reformer,2026-07-27 07:00:00,Lundi,07:00,Nathalie Hamm,Reformer,5,4,1,20.0,False
2026-07-22 08:11:48,138954014,Sculpt 🤎 Reformer,2026-07-27 08:00:00,Lundi,08:00,Nathalie Hamm,Reformer,5,5,0,0.0,False
2026-07-22 08:11:48,138954015,Dynamic Fit 🤎 Reformer,2026-07-27 09:00:00,Lundi,09:00,Nathalie Hamm,Reformer,5,5,0,0.0,False
2026-07-22 08:11:48,138954077,Core & Tone 🤎 Reformer,2026-07-27 11:00:00,Lundi,11:00,Nathalie Hamm,Reformer,5,5,0,0.0,False
2026-07-22 08:11:48,138954079,Fondation 2 🤎 Reformer,2026-07-27 12:15:00,Lundi,12:15,Nathalie Hamm,Reformer,5,5,0,0.0,False
2026-07-22 08:11:48,138954080,Dynamic Fit 🤎 Reformer,2026-07-27 13:15:00,Lundi,13:15,Nathalie Hamm,Reformer,5,5,0,0.0,False
2026-07-22 08:11:48,138954081,Soft & Stretch 🤎 Reformer,2026-07-27 14:30:00,Lundi,14:30,Nathalie Hamm,Reformer,5,5,0,0.0,False
2026-07-22 08:11:48,138954082,Fondation 2 🤎 Reformer,2026-07-27 17:00:00,Lundi,17:00,Eva Bernard,Reformer,5,5,0,0.0,False
2026-07-22 08:11:48,138954092,Fondation 1 🤎 Reformer,2026-07-27 18:00:00,Lundi,18:00,Eva Bernard,Reformer,5,4,1,20.0,False
2026-07-22 08:11:48,138954129,Core & Tone 🤎 Reformer,2026-07-27 19:00:00,Lundi,19:00,Eva Bernard,Reformer,5,5,0,0.0,False
2026-07-22 08:11:48,138954130,Sculpt 🤎 Reformer,2026-07-27 20:00:00,Lundi,20:00,Eva Bernard,Reformer,5,4,1,20.0,False
2026-07-22 08:11:48,138954131,Fondation 2 🤎 Reformer,2026-07-28 07:00:00,Mardi,07:00,Nathalie Hamm,Reformer,5,5,0,0.0,False
2026-07-22 08:11:48,138954132,Core & Tone 🤎 Reformer,2026-07-28 08:00:00,Mardi,08:00,Nathalie Hamm,Reformer,5,5,0,0.0,False
2026-07-22 08:11:48,138954133,Dynamic Fit 🤎 Reformer,2026-07-28 09:00:00,Mardi,09:00,Nathalie Hamm,Reformer,5,4,1,20.0,False
2026-07-22 08:11:48,138954134,Sculpt 🤎 Reformer,2026-07-28 10:00:00,Mardi,10:00,Nathalie Hamm,Reformer,5,5,0,0.0,False
2026-07-22 08:11:48,138954136,Fondation 2 🤎 Reformer,2026-07-28 12:15:00,Mardi,12:15,Léa Aveline,Reformer,5,5,0,0.0,False
2026-07-22 08:11:48,138954138,Dynamic Fit 🤎 Reformer,2026-07-28 13:15:00,Mardi,13:15,Léa Aveline,Reformer,5,5,0,0.0,False
2026-07-22 08:11:48,138954196,Soft & Stretch 🤎 Reformer,2026-07-28 14:30:00,Mardi,14:30,Léa Aveline,Reformer,5,5,0,0.0,False
2026-07-22 08:11:48,138954198,Core & Tone 🤎 Reformer,2026-07-28 16:00:00,Mardi,16:00,Léa Aveline,Reformer,5,5,0,0.0,False
2026-07-22 08:11:48,138954200,Fondation 2 🤎 Reformer,2026-07-28 17:00:00,Mardi,17:00,Léa Aveline,Reformer,5,5,0,0.0,False
2026-07-22 08:11:48,138954201,Flow Trio 🤎 Reformer,2026-07-28 18:00:00,Mardi,18:00,Léa Aveline,Reformer,5,5,0,0.0,False
2026-07-22 08:11:48,138954203,Sculpt 🤎 Reformer,2026-07-28 19:00:00,Mardi,19:00,Léa Aveline,Reformer,5,5,0,0.0,False
2026-07-22 08:11:48,138954204,Sculpt 🤎 Reformer,2026-07-29 07:00:00,Mercredi,07:00,Nathalie Hamm,Reformer,5,5,0,0.0,False
2026-07-22 08:11:48,138954205,Core & Tone 🤎 Reformer,2026-07-29 08:00:00,Mercredi,08:00,Nathalie Hamm,Reformer,5,5,0,0.0,False
2026-07-22 08:11:48,138954206,Fondation 2 🤎 Reformer,2026-07-29 09:00:00,Mercredi,09:00,Nathalie Hamm,Reformer,5,5,0,0.0,False
2026-07-22 08:11:48,138954207,Soft & Stretch 🤎 Reformer,2026-07-29 11:00:00,Mercredi,11:00,Nathalie Hamm,Reformer,5,5,0,0.0,False
2026-07-22 08:11:48,138954210,Fondation 2 🤎 Reformer,2026-07-29 12:15:00,Mercredi,12:15,Nathalie Hamm,Reformer,5,4,1,20.0,False
2026-07-22 08:11:48,138954209,Sculpt ⭐️ Pilates Mat ,2026-07-29 12:15:00,Mercredi,12:15,Léa Aveline,Mat,8,8,0,0.0,False
2026-07-22 08:11:48,138954214,Flow Trio 🤎 Reformer,2026-07-29 13:15:00,Mercredi,13:15,Nathalie Hamm,Reformer,5,5,0,0.0,False
2026-07-22 08:11:48,138954211,Soft & Stretch ⭐️ Pilates Mat,2026-07-29 13:15:00,Mercredi,13:15,Léa Aveline,Mat,8,8,0,0.0,False
2026-07-22 08:11:48,138954226,Dynamic Fit 🤎 Reformer,2026-07-29 14:30:00,Mercredi,14:30,Nathalie Hamm,Reformer,5,5,0,0.0,False
2026-07-22 08:11:48,138954218,Sculpt ⭐️ Pilates Mat ,2026-07-29 14:30:00,Mercredi,14:30,Léa Aveline,Mat,8,8,0,0.0,False
2026-07-22 08:11:48,138954227,Sculpt 🤎 Reformer,2026-07-29 17:00:00,Mercredi,17:00,Léa Aveline,Reformer,5,5,0,0.0,False
2026-07-22 08:11:48,138954228,Fondation 2 🤎 Reformer,2026-07-29 18:00:00,Mercredi,18:00,Léa Aveline,Reformer,5,5,0,0.0,False
2026-07-22 08:11:48,138954230,Core & Tone 🤎 Reformer,2026-07-29 19:00:00,Mercredi,19:00,Léa Aveline,Reformer,5,5,0,0.0,False
2026-07-22 08:11:48,138954232,Fondation 1 🤎 Reformer,2026-07-29 20:00:00,Mercredi,20:00,Léa Aveline,Reformer,5,5,0,0.0,False
2026-07-22 08:11:48,138954249,Fondation 2 🤎 Reformer,2026-07-30 09:15:00,Jeudi,09:15,Eva Bernard,Reformer,5,5,0,0.0,False
2026-07-22 08:11:48,138954254,Core & Tone 🤎 Reformer,2026-07-30 10:15:00,Jeudi,10:15,Eva Bernard,Reformer,5,5,0,0.0,False
2026-07-22 08:11:48,138954317,Soft & Stretch 🤎 Reformer,2026-07-30 11:15:00,Jeudi,11:15,Eva Bernard,Reformer,5,5,0,0.0,False
2026-07-22 08:11:48,138956170,Fondation 1 🤎 Reformer,2026-07-30 12:15:00,Jeudi,12:15,Eva Bernard,Reformer,5,5,0,0.0,False
2026-07-22 08:11:48,138956168,Flow Trio ⭐️ Pilates Mat,2026-07-30 12:15:00,Jeudi,12:15,Aveline Caminade,Mat,8,8,0,0.0,False
2026-07-22 08:11:48,138956223,Dynamic Fit ⭐️ Pilates Mat,2026-07-30 13:15:00,Jeudi,13:15,Aveline Caminade,Mat,8,8,0,0.0,False
2026-07-22 08:11:48,138956226,Dynamic Fit 🤎 Reformer,2026-07-30 13:30:00,Jeudi,13:30,Eva Bernard,Reformer,5,5,0,0.0,False
2026-07-22 08:11:48,138956227,Fondation 2 ⭐️ Pilates Mat ,2026-07-30 14:30:00,Jeudi,14:30,Aveline Caminade,Mat,8,8,0,0.0,False
2026-07-22 08:11:48,138956254,Fondation 1 ⭐️ Pilates Mat,2026-07-30 15:30:00,Jeudi,15:30,Aveline Caminade,Mat,8,8,0,0.0,False
2026-07-22 08:11:48,138956308,Sculpt 🤎 Reformer,2026-07-30 17:00:00,Jeudi,17:00,Justin Robert,Reformer,5,5,0,0.0,False
2026-07-22 08:11:48,138956310,Dynamic Fit 🤎 Reformer,2026-07-30 18:00:00,Jeudi,18:00,Justin Robert,Reformer,5,5,0,0.0,False
2026-07-22 08:11:48,138956313,Fondation 1 🤎 Reformer,2026-07-30 19:00:00,Jeudi,19:00,Justin Robert,Reformer,5,5,0,0.0,False
2026-07-22 08:11:48,138956316,Soft & Stretch 🤎 Reformer,2026-07-30 20:00:00,Jeudi,20:00,Justin Robert,Reformer,5,5,0,0.0,False
2026-07-22 08:11:48,138956322,Fondation 2 🤎 Reformer,2026-07-31 08:00:00,Vendredi,08:00,Léa Aveline,Reformer,5,5,0,0.0,False
2026-07-22 08:11:48,138957168,Fondation 1 🤎 Reformer,2026-07-31 09:00:00,Vendredi,09:00,Léa Aveline,Reformer,5,5,0,0.0,False
2026-07-22 08:11:48,138957169,Core & Tone 🤎 Reformer,2026-07-31 10:00:00,Vendredi,10:00,Léa Aveline,Reformer,5,5,0,0.0,False
2026-07-22 08:11:48,138957174,Core & Tone 🤎 Reformer,2026-07-31 12:15:00,Vendredi,12:15,Léa Aveline,Reformer,5,5,0,0.0,False
2026-07-22 08:11:48,138957175,Fondation 2 🤎 Reformer,2026-07-31 13:15:00,Vendredi,13:15,Léa Aveline,Reformer,5,5,0,0.0,False
2026-07-22 08:11:48,138957176,Fondation 2 🤎 Reformer,2026-07-31 15:00:00,Vendredi,15:00,Nathalie Hamm,Reformer,5,5,0,0.0,False
2026-07-22 08:11:48,138957177,Sculpt 🤎 Reformer,2026-07-31 16:00:00,Vendredi,16:00,Nathalie Hamm,Reformer,5,5,0,0.0,False
2026-07-22 08:11:48,138957190,Flow Trio 🤎 Reformer,2026-07-31 17:00:00,Vendredi,17:00,Nathalie Hamm,Reformer,5,5,0,0.0,False
2026-07-22 08:11:48,138957195,Fondation 1 🤎 Reformer,2026-07-31 18:00:00,Vendredi,18:00,Nathalie Hamm,Reformer,5,5,0,0.0,False
2026-07-22 08:11:48,138957198,Fondation 1 🤎 Reformer,2026-08-01 09:00:00,Samedi,09:00,Léa Aveline,Reformer,5,5,0,0.0,False
2026-07-22 08:11:48,138957265,Sculpt 🤎 Reformer,2026-08-01 10:00:00,Samedi,10:00,Léa Aveline,Reformer,5,5,0,0.0,False
2026-07-22 08:11:48,138957280,Core & Tone 🤎 Reformer,2026-08-01 11:00:00,Samedi,11:00,Léa Aveline,Reformer,5,5,0,0.0,False
2026-07-22 08:11:48,138957373,Fondation 2 🤎 Reformer,2026-08-01 12:00:00,Samedi,12:00,Léa Aveline,Reformer,5,5,0,0.0,False
2026-07-22 08:11:48,137617870,Fondation 2 🤎 Reformer,2026-08-03 07:00:00,Lundi,07:00,Aveline Caminade,Reformer,5,4,1,20.0,False
2026-07-22 08:11:48,137618003,Sculpt 🤎 Reformer,2026-08-03 08:00:00,Lundi,08:00,Aveline Caminade,Reformer,5,5,0,0.0,False
2026-07-22 08:11:48,137618256,Dynamic Fit 🤎 Reformer,2026-08-03 09:00:00,Lundi,09:00,Aveline Caminade,Reformer,5,2,3,60.0,False
2026-07-22 08:11:48,137618704,Fondation 2 🤎 Reformer,2026-08-03 17:00:00,Lundi,17:00,Eva Bernard,Reformer,5,5,0,0.0,False
2026-07-22 08:11:48,137618807,Sculpt 🤎 Reformer,2026-08-03 18:00:00,Lundi,18:00,Eva Bernard,Reformer,5,5,0,0.0,False
2026-07-22 08:11:48,137619206,Core & Tone 🤎 Reformer,2026-08-03 19:00:00,Lundi,19:00,Eva Bernard,Reformer,5,5,0,0.0,False
2026-07-22 08:11:48,137619698,Sculpt 🤎 Reformer,2026-08-03 20:00:00,Lundi,20:00,Eva Bernard,Reformer,5,5,0,0.0,False
2026-07-22 08:11:48,138961684,Core & Tone ⭐️ Pilates Mat ,2026-08-04 08:00:00,Mardi,08:00,Dani Johnson,Mat,8,8,0,0.0,False
2026-07-22 08:11:48,138961695,Soft & Stretch ⭐️ Pilates Mat,2026-08-04 09:00:00,Mardi,09:00,Dani Johnson,Mat,8,8,0,0.0,False
2026-07-22 08:11:48,138961733,Dynamic Fit ⭐️ Pilates Mat,2026-08-04 10:00:00,Mardi,10:00,Dani Johnson,Mat,8,8,0,0.0,False
2026-07-22 08:11:48,137620205,Fondation 2 🤎 Reformer,2026-08-04 12:15:00,Mardi,12:15,Léa Aveline,Reformer,5,5,0,0.0,False
2026-07-22 08:11:48,137620363,Dynamic Fit 🤎 Reformer,2026-08-04 13:15:00,Mardi,13:15,Léa Aveline,Reformer,5,5,0,0.0,False
2026-07-22 08:11:48,137620311,Soft & Stretch 🤎 Reformer,2026-08-04 14:30:00,Mardi,14:30,Léa Aveline,Reformer,5,5,0,0.0,False
2026-07-22 08:11:48,137620422,Core & Tone 🤎 Reformer,2026-08-04 16:00:00,Mardi,16:00,Léa Aveline,Reformer,5,5,0,0.0,False
2026-07-22 08:11:48,137620475,Fondation 2 🤎 Reformer,2026-08-04 17:00:00,Mardi,17:00,Léa Aveline,Reformer,5,5,0,0.0,False
2026-07-22 08:11:48,137620529,Flow Trio 🤎 Reformer,2026-08-04 18:00:00,Mardi,18:00,Léa Aveline,Reformer,5,5,0,0.0,False
2026-07-22 08:11:48,137620585,Sculpt 🤎 Reformer,2026-08-04 19:00:00,Mardi,19:00,Léa Aveline,Reformer,5,5,0,0.0,False
2026-07-22 08:11:48,137684442,Sculpt ⭐️ Pilates Mat ,2026-08-05 12:15:00,Mercredi,12:15,Léa Aveline,Mat,8,8,0,0.0,False
2026-07-22 08:11:48,137679563,Fondation 2 🤎 Reformer,2026-08-05 12:15:00,Mercredi,12:15,Sabine  Forêt ,Reformer,5,5,0,0.0,False
2026-07-22 08:11:48,137684513,Soft & Stretch ⭐️ Pilates Mat,2026-08-05 13:15:00,Mercredi,13:15,Léa Aveline,Mat,8,8,0,0.0,False
2026-07-22 08:11:48,137679716,Flow Trio 🤎 Reformer,2026-08-05 13:15:00,Mercredi,13:15,Sabine  Forêt ,Reformer,5,5,0,0.0,False
2026-07-22 08:11:48,137684669,Sculpt ⭐️ Pilates Mat ,2026-08-05 14:30:00,Mercredi,14:30,Léa Aveline,Mat,8,8,0,0.0,False
2026-07-22 08:11:48,137680222,Dynamic Fit 🤎 Reformer,2026-08-05 14:30:00,Mercredi,14:30,Sabine  Forêt ,Reformer,5,5,0,0.0,False
2026-07-22 08:11:48,137680337,Sculpt 🤎 Reformer,2026-08-05 17:00:00,Mercredi,17:00,Léa Aveline,Reformer,5,5,0,0.0,False
2026-07-22 08:11:48,137680394,Fondation 2 🤎 Reformer,2026-08-05 18:00:00,Mercredi,18:00,Léa Aveline,Reformer,5,5,0,0.0,False
2026-07-22 08:11:48,137680446,Core & Tone 🤎 Reformer,2026-08-05 19:00:00,Mercredi,19:00,Léa Aveline,Reformer,5,5,0,0.0,False
2026-07-22 08:11:48,137680502,Fondation 1 🤎 Reformer,2026-08-05 20:00:00,Mercredi,20:00,Léa Aveline,Reformer,5,5,0,0.0,False
2026-07-22 08:11:48,137680561,Fondation 2 🤎 Reformer,2026-08-06 09:15:00,Jeudi,09:15,Eva Bernard,Reformer,5,2,3,60.0,False
2026-07-22 08:11:48,137680725,Core & Tone 🤎 Reformer,2026-08-06 10:15:00,Jeudi,10:15,Eva Bernard,Reformer,5,5,0,0.0,False
2026-07-22 08:11:48,137680670,Soft & Stretch 🤎 Reformer,2026-08-06 11:15:00,Jeudi,11:15,Eva Bernard,Reformer,5,5,0,0.0,False
2026-07-22 08:11:48,137680786,Fondation 1 🤎 Reformer,2026-08-06 12:15:00,Jeudi,12:15,Eva Bernard,Reformer,5,5,0,0.0,False
2026-07-22 08:11:48,138403741,Flow Trio ⭐️ Pilates Mat,2026-08-06 12:15:00,Jeudi,12:15,Aveline Caminade,Mat,8,8,0,0.0,False
2026-07-22 08:11:48,138403747,Dynamic Fit ⭐️ Pilates Mat,2026-08-06 13:15:00,Jeudi,13:15,Aveline Caminade,Mat,8,8,0,0.0,False
2026-07-22 08:11:48,137680848,Dynamic Fit 🤎 Reformer,2026-08-06 13:30:00,Jeudi,13:30,Eva Bernard,Reformer,5,5,0,0.0,False
2026-07-22 08:11:48,138403755,Fondation 2 ⭐️ Pilates Mat ,2026-08-06 14:30:00,Jeudi,14:30,Aveline Caminade,Mat,8,8,0,0.0,False
2026-07-22 08:11:48,138403826,Fondation 1 ⭐️ Pilates Mat,2026-08-06 15:30:00,Jeudi,15:30,Aveline Caminade,Mat,8,8,0,0.0,False
2026-07-22 08:11:48,137680952,Sculpt 🤎 Reformer,2026-08-06 17:00:00,Jeudi,17:00,Justin Robert,Reformer,5,5,0,0.0,False
2026-07-22 08:11:48,137681008,Dynamic Fit 🤎 Reformer,2026-08-06 18:00:00,Jeudi,18:00,Justin Robert,Reformer,5,5,0,0.0,False
2026-07-22 08:11:48,137681164,Fondation 1 🤎 Reformer,2026-08-06 19:00:00,Jeudi,19:00,Justin Robert,Reformer,5,5,0,0.0,False
2026-07-22 08:11:48,137681215,Soft & Stretch 🤎 Reformer,2026-08-06 20:00:00,Jeudi,20:00,Justin Robert,Reformer,5,5,0,0.0,False
2026-07-22 08:11:48,137681575,Fondation 2 🤎 Reformer,2026-08-07 08:00:00,Vendredi,08:00,Léa Aveline,Reformer,5,5,0,0.0,False
2026-07-22 08:11:48,137681626,Fondation 1 🤎 Reformer,2026-08-07 09:00:00,Vendredi,09:00,Léa Aveline,Reformer,5,5,0,0.0,False
2026-07-22 08:11:48,137681679,Core & Tone 🤎 Reformer,2026-08-07 10:00:00,Vendredi,10:00,Léa Aveline,Reformer,5,2,3,60.0,False
2026-07-22 08:11:48,137681745,Core & Tone 🤎 Reformer,2026-08-07 12:15:00,Vendredi,12:15,Léa Aveline,Reformer,5,5,0,0.0,False
2026-07-22 08:11:48,137681801,Fondation 2 🤎 Reformer,2026-08-07 13:15:00,Vendredi,13:15,Léa Aveline,Reformer,5,5,0,0.0,False
2026-07-22 08:11:48,137681278,Fondation 2 🤎 Reformer,2026-08-07 15:00:00,Vendredi,15:00,Eva Bernard,Reformer,5,5,0,0.0,False
2026-07-22 08:11:48,137681325,Sculpt 🤎 Reformer,2026-08-07 16:00:00,Vendredi,16:00,Eva Bernard,Reformer,5,5,0,0.0,False
2026-07-22 08:11:48,137681432,Flow Trio 🤎 Reformer,2026-08-07 17:00:00,Vendredi,17:00,Eva Bernard,Reformer,5,5,0,0.0,False
2026-07-22 08:11:48,137681487,Fondation 1 🤎 Reformer,2026-08-07 18:00:00,Vendredi,18:00,Eva Bernard,Reformer,5,5,0,0.0,False
2026-07-22 08:11:48,137682623,Fondation 2 🤎 Reformer,2026-08-08 09:00:00,Samedi,09:00,Eva Bernard,Reformer,5,5,0,0.0,False
2026-07-22 08:11:48,137682663,Core & Tone 🤎 Reformer,2026-08-08 10:00:00,Samedi,10:00,Eva Bernard,Reformer,5,5,0,0.0,False
2026-07-22 08:11:48,137682719,Dynamic Fit 🤎 Reformer,2026-08-08 11:00:00,Samedi,11:00,Eva Bernard,Reformer,5,5,0,0.0,False
2026-07-22 08:11:48,137682794,Flow Trio 🤎 Reformer,2026-08-08 12:00:00,Samedi,12:00,Eva Bernard,Reformer,5,5,0,0.0,False
2026-07-22 08:11:48,137682839,Fondation 2 🤎 Reformer,2026-08-09 09:00:00,Dimanche,09:00,Eva Bernard,Reformer,5,5,0,0.0,False
2026-07-22 08:11:48,137683010,Fondation 2 🤎 Reformer,2026-08-09 10:00:00,Dimanche,10:00,Eva Bernard,Reformer,5,5,0,0.0,False
2026-07-22 08:11:48,137683066,Dynamic Fit 🤎 Reformer,2026-08-09 11:00:00,Dimanche,11:00,Eva Bernard,Reformer,5,5,0,0.0,False
2026-07-22 08:11:48,137682949,Core & Tone 🤎 Reformer,2026-08-09 12:00:00,Dimanche,12:00,Eva Bernard,Reformer,5,5,0,0.0,False
2026-07-22 08:11:48,137617871,Fondation 2 🤎 Reformer,2026-08-10 07:00:00,Lundi,07:00,Aveline Caminade,Reformer,8,8,0,0.0,False
2026-07-22 08:11:48,137618004,Sculpt 🤎 Reformer,2026-08-10 08:00:00,Lundi,08:00,Aveline Caminade,Reformer,8,8,0,0.0,False
2026-07-22 08:11:48,138838572,Fondation 2 ⭐️ Pilates Mat ,2026-08-10 08:00:00,Lundi,08:00,Dani Johnson,Mat,8,8,0,0.0,False
2026-07-22 08:11:48,137618258,Dynamic Fit 🤎 Reformer,2026-08-10 09:00:00,Lundi,09:00,Aveline Caminade,Reformer,8,8,0,0.0,False
2026-07-22 08:11:48,138838626,Dynamic Fit ⭐️ Pilates Mat,2026-08-10 09:00:00,Lundi,09:00,Dani Johnson,Mat,8,8,0,0.0,False
2026-07-22 08:11:48,138838686,Fondation 1 ⭐️ Pilates Mat,2026-08-10 10:00:00,Lundi,10:00,Dani Johnson,Mat,8,8,0,0.0,False
2026-07-22 08:11:48,137618590,Soft & Stretch 🤎 Reformer,2026-08-10 14:30:00,Lundi,14:30,Aveline Caminade,Reformer,8,8,0,0.0,False
2026-07-22 08:11:48,137618705,Fondation 2 🤎 Reformer,2026-08-10 17:00:00,Lundi,17:00,Eva Bernard,Reformer,8,8,0,0.0,False
2026-07-22 08:11:48,137618809,Sculpt 🤎 Reformer,2026-08-10 18:00:00,Lundi,18:00,Eva Bernard,Reformer,8,8,0,0.0,False
2026-07-22 08:11:48,137619312,Core & Tone 🤎 Reformer,2026-08-10 19:00:00,Lundi,19:00,Eva Bernard,Reformer,8,8,0,0.0,False
2026-07-22 08:11:48,137619699,Sculpt 🤎 Reformer,2026-08-10 20:00:00,Lundi,20:00,Eva Bernard,Reformer,8,8,0,0.0,False
2026-07-22 08:11:48,138838750,Flow Trio ⭐️ Pilates Mat,2026-08-11 08:00:00,Mardi,08:00,Dani Johnson,Mat,8,8,0,0.0,False
2026-07-22 08:11:48,138839507,Fondation 2 ⭐️ Pilates Mat ,2026-08-11 09:00:00,Mardi,09:00,Dani Johnson,Mat,8,8,0,0.0,False
2026-07-22 08:11:48,138839555,Core & Tone ⭐️ Pilates Mat ,2026-08-11 10:00:00,Mardi,10:00,Dani Johnson,Mat,8,8,0,0.0,False
2026-07-22 08:11:48,137620207,Fondation 2 🤎 Reformer,2026-08-11 12:15:00,Mardi,12:15,Léa Aveline,Reformer,8,8,0,0.0,False
2026-07-22 08:11:48,137620364,Dynamic Fit 🤎 Reformer,2026-08-11 13:15:00,Mardi,13:15,Léa Aveline,Reformer,8,8,0,0.0,False
2026-07-22 08:11:48,137620312,Soft & Stretch 🤎 Reformer,2026-08-11 14:30:00,Mardi,14:30,Léa Aveline,Reformer,8,8,0,0.0,False
2026-07-22 08:11:48,137620423,Core & Tone 🤎 Reformer,2026-08-11 16:00:00,Mardi,16:00,Léa Aveline,Reformer,8,8,0,0.0,False
2026-07-22 08:11:48,137620480,Fondation 2 🤎 Reformer,2026-08-11 17:00:00,Mardi,17:00,Léa Aveline,Reformer,8,8,0,0.0,False
2026-07-22 08:11:48,137620542,Flow Trio 🤎 Reformer,2026-08-11 18:00:00,Mardi,18:00,Léa Aveline,Reformer,8,8,0,0.0,False
2026-07-22 08:11:48,137620584,Sculpt 🤎 Reformer,2026-08-11 19:00:00,Mardi,19:00,Léa Aveline,Reformer,8,8,0,0.0,False
2026-07-22 08:11:48,137683519,Fondation 2 ⭐️ Pilates Mat ,2026-08-12 08:00:00,Mercredi,08:00,Laetitia johan,Mat,8,7,1,12.5,False
2026-07-22 08:11:48,137679432,Fondation 2 🤎 Reformer,2026-08-12 09:00:00,Mercredi,09:00,Eva Bernard,Reformer,8,8,0,0.0,False
2026-07-22 08:11:48,137683574,Core & Tone ⭐️ Pilates Mat ,2026-08-12 09:00:00,Mercredi,09:00,Laetitia johan,Mat,8,8,0,0.0,False
2026-07-22 08:11:48,137679508,Soft & Stretch 🤎 Reformer,2026-08-12 11:00:00,Mercredi,11:00,Eva Bernard,Reformer,8,2,6,75.0,False
2026-07-22 08:11:48,137684447,Sculpt ⭐️ Pilates Mat ,2026-08-12 12:15:00,Mercredi,12:15,Léa Aveline,Mat,8,8,0,0.0,False
2026-07-22 08:11:48,137679562,Fondation 2 🤎 Reformer,2026-08-12 12:15:00,Mercredi,12:15,Eva Bernard,Reformer,8,8,0,0.0,False
2026-07-22 08:11:48,137684519,Soft & Stretch ⭐️ Pilates Mat,2026-08-12 13:15:00,Mercredi,13:15,Léa Aveline,Mat,8,8,0,0.0,False
2026-07-22 08:11:48,137679709,Flow Trio 🤎 Reformer,2026-08-12 13:15:00,Mercredi,13:15,Eva Bernard,Reformer,8,8,0,0.0,False
2026-07-22 08:11:48,137684671,Sculpt ⭐️ Pilates Mat ,2026-08-12 14:30:00,Mercredi,14:30,Léa Aveline,Mat,8,8,0,0.0,False
2026-07-22 08:11:48,137680338,Sculpt 🤎 Reformer,2026-08-12 17:00:00,Mercredi,17:00,Léa Aveline,Reformer,8,8,0,0.0,False
2026-07-22 08:11:48,137680393,Fondation 2 🤎 Reformer,2026-08-12 18:00:00,Mercredi,18:00,Léa Aveline,Reformer,8,8,0,0.0,False
2026-07-22 08:11:48,137680453,Core & Tone 🤎 Reformer,2026-08-12 19:00:00,Mercredi,19:00,Léa Aveline,Reformer,8,8,0,0.0,False
2026-07-22 08:11:48,137680505,Fondation 1 🤎 Reformer,2026-08-12 20:00:00,Mercredi,20:00,Léa Aveline,Reformer,8,8,0,0.0,False
2026-07-22 08:11:48,137680562,Fondation 2 🤎 Reformer,2026-08-13 09:15:00,Jeudi,09:15,Eva Bernard,Reformer,8,8,0,0.0,False
2026-07-22 08:11:48,137680726,Core & Tone 🤎 Reformer,2026-08-13 10:15:00,Jeudi,10:15,Eva Bernard,Reformer,8,8,0,0.0,False
2026-07-22 08:11:48,137680671,Soft & Stretch 🤎 Reformer,2026-08-13 11:15:00,Jeudi,11:15,Eva Bernard,Reformer,8,8,0,0.0,False
2026-07-22 08:11:48,137680787,Fondation 1 🤎 Reformer,2026-08-13 12:15:00,Jeudi,12:15,Eva Bernard,Reformer,8,8,0,0.0,False
2026-07-22 08:11:48,138403743,Flow Trio ⭐️ Pilates Mat,2026-08-13 12:15:00,Jeudi,12:15,Aveline Caminade,Mat,8,8,0,0.0,False
2026-07-22 08:11:48,138403746,Dynamic Fit ⭐️ Pilates Mat,2026-08-13 13:15:00,Jeudi,13:15,Aveline Caminade,Mat,8,8,0,0.0,False
2026-07-22 08:11:48,137680844,Dynamic Fit 🤎 Reformer,2026-08-13 13:30:00,Jeudi,13:30,Eva Bernard,Reformer,8,8,0,0.0,False
2026-07-22 08:11:48,138403754,Fondation 2 ⭐️ Pilates Mat ,2026-08-13 14:30:00,Jeudi,14:30,Aveline Caminade,Mat,8,8,0,0.0,False
2026-07-22 08:11:48,138403825,Fondation 1 ⭐️ Pilates Mat,2026-08-13 15:30:00,Jeudi,15:30,Aveline Caminade,Mat,8,8,0,0.0,False
2026-07-22 08:11:48,137681573,Fondation 2 🤎 Reformer,2026-08-14 08:00:00,Vendredi,08:00,Léa Aveline,Reformer,8,8,0,0.0,False
2026-07-22 08:11:48,138839628,Soft & Stretch ⭐️ Pilates Mat,2026-08-14 08:00:00,Vendredi,08:00,Dani Johnson,Mat,8,8,0,0.0,False
2026-07-22 08:11:48,137681629,Fondation 1 🤎 Reformer,2026-08-14 09:00:00,Vendredi,09:00,Léa Aveline,Reformer,8,8,0,0.0,False
2026-07-22 08:11:48,138839753,Dynamic Fit ⭐️ Pilates Mat,2026-08-14 09:00:00,Vendredi,09:00,Dani Johnson,Mat,8,8,0,0.0,False
2026-07-22 08:11:48,137681680,Core & Tone 🤎 Reformer,2026-08-14 10:00:00,Vendredi,10:00,Léa Aveline,Reformer,8,8,0,0.0,False
2026-07-22 08:11:48,138839680,Fondation 1 ⭐️ Pilates Mat,2026-08-14 10:00:00,Vendredi,10:00,Dani Johnson,Mat,8,8,0,0.0,False
2026-07-22 08:11:48,138839836,Fondation 1 ⭐️ Pilates Mat,2026-08-14 11:00:00,Vendredi,11:00,Dani Johnson,Mat,8,8,0,0.0,False
2026-07-22 08:11:48,137681744,Core & Tone 🤎 Reformer,2026-08-14 12:15:00,Vendredi,12:15,Léa Aveline,Reformer,8,8,0,0.0,False
2026-07-22 08:11:48,137684205,Soft & Stretch ⭐️ Pilates Mat,2026-08-14 13:00:00,Vendredi,13:00,Laetitia johan,Mat,8,8,0,0.0,False
2026-07-22 08:11:48,137681802,Fondation 2 🤎 Reformer,2026-08-14 13:15:00,Vendredi,13:15,Léa Aveline,Reformer,8,8,0,0.0,False
2026-07-22 08:11:48,137684260,Flow Trio ⭐️ Pilates Mat,2026-08-14 14:00:00,Vendredi,14:00,Laetitia johan,Mat,8,8,0,0.0,False
2026-07-22 08:11:48,137681297,Fondation 2 🤎 Reformer,2026-08-14 15:00:00,Vendredi,15:00,Eva Bernard,Reformer,8,8,0,0.0,False
2026-07-22 08:11:48,137684324,Dynamic Fit ⭐️ Pilates Mat,2026-08-14 15:00:00,Vendredi,15:00,Laetitia johan,Mat,8,8,0,0.0,False
2026-07-22 08:11:48,137681327,Sculpt 🤎 Reformer,2026-08-14 16:00:00,Vendredi,16:00,Eva Bernard,Reformer,8,8,0,0.0,False
2026-07-22 08:11:48,137684376,Sculpt ⭐️ Pilates Mat ,2026-08-14 16:00:00,Vendredi,16:00,Laetitia johan,Mat,8,8,0,0.0,False
2026-07-22 08:11:48,137681430,Flow Trio 🤎 Reformer,2026-08-14 17:00:00,Vendredi,17:00,Eva Bernard,Reformer,8,8,0,0.0,False
2026-07-22 08:11:48,137681492,Fondation 1 🤎 Reformer,2026-08-14 18:00:00,Vendredi,18:00,Eva Bernard,Reformer,8,8,0,0.0,False
2026-07-22 08:11:48,137682625,Fondation 2 🤎 Reformer,2026-08-15 09:00:00,Samedi,09:00,Léa Aveline,Reformer,8,8,0,0.0,False
2026-07-22 08:11:48,137682666,Core & Tone 🤎 Reformer,2026-08-15 10:00:00,Samedi,10:00,Léa Aveline,Reformer,8,8,0,0.0,False
2026-07-22 08:11:48,137682724,Dynamic Fit 🤎 Reformer,2026-08-15 11:00:00,Samedi,11:00,Léa Aveline,Reformer,8,8,0,0.0,False
2026-07-22 08:11:48,137682789,Flow Trio 🤎 Reformer,2026-08-15 12:00:00,Samedi,12:00,Léa Aveline,Reformer,8,8,0,0.0,False
2026-07-22 08:11:48,137682843,Fondation 2 🤎 Reformer,2026-08-16 09:00:00,Dimanche,09:00,Léa Aveline,Reformer,8,8,0,0.0,False
2026-07-22 08:11:48,137683008,Fondation 2 🤎 Reformer,2026-08-16 10:00:00,Dimanche,10:00,Léa Aveline,Reformer,8,8,0,0.0,False
2026-07-22 08:11:48,137683060,Dynamic Fit 🤎 Reformer,2026-08-16 11:00:00,Dimanche,11:00,Léa Aveline,Reformer,8,8,0,0.0,False
2026-07-22 08:11:48,137682951,Core & Tone 🤎 Reformer,2026-08-16 12:00:00,Dimanche,12:00,Léa Aveline,Reformer,8,8,0,0.0,False
2026-07-22 08:11:48,137617872,Fondation 2 🤎 Reformer,2026-08-17 07:00:00,Lundi,07:00,Nathalie Hamm,Reformer,8,7,1,12.5,False
2026-07-22 08:11:48,137618006,Sculpt 🤎 Reformer,2026-08-17 08:00:00,Lundi,08:00,Nathalie Hamm,Reformer,8,8,0,0.0,False
2026-07-22 08:11:48,138838573,Fondation 2 ⭐️ Pilates Mat ,2026-08-17 08:00:00,Lundi,08:00,Dani Johnson,Mat,8,8,0,0.0,False
2026-07-22 08:11:48,137618259,Dynamic Fit 🤎 Reformer,2026-08-17 09:00:00,Lundi,09:00,Nathalie Hamm,Reformer,8,8,0,0.0,False
2026-07-22 08:11:48,138838627,Dynamic Fit ⭐️ Pilates Mat,2026-08-17 09:00:00,Lundi,09:00,Dani Johnson,Mat,8,8,0,0.0,False
2026-07-22 08:11:48,138838685,Fondation 1 ⭐️ Pilates Mat,2026-08-17 10:00:00,Lundi,10:00,Dani Johnson,Mat,8,8,0,0.0,False
2026-07-22 08:11:48,137618327,Core & Tone 🤎 Reformer,2026-08-17 11:00:00,Lundi,11:00,Nathalie Hamm,Reformer,8,8,0,0.0,False
2026-07-22 08:11:48,137618383,Fondation 2 🤎 Reformer,2026-08-17 12:15:00,Lundi,12:15,Nathalie Hamm,Reformer,8,8,0,0.0,False
2026-07-22 08:11:48,137620258,Dynamic Fit 🤎 Reformer,2026-08-17 13:15:00,Lundi,13:15,Nathalie Hamm,Reformer,8,8,0,0.0,False
2026-07-22 08:11:48,137618587,Soft & Stretch 🤎 Reformer,2026-08-17 14:30:00,Lundi,14:30,Nathalie Hamm,Reformer,8,8,0,0.0,False
2026-07-22 08:11:48,137619927,Fondation 2 🤎 Reformer,2026-08-18 07:00:00,Mardi,07:00,Nathalie Hamm,Reformer,8,8,0,0.0,False
2026-07-22 08:11:48,137619971,Core & Tone 🤎 Reformer,2026-08-18 08:00:00,Mardi,08:00,Nathalie Hamm,Reformer,8,8,0,0.0,False
2026-07-22 08:11:48,138838751,Flow Trio ⭐️ Pilates Mat,2026-08-18 08:00:00,Mardi,08:00,Dani Johnson,Mat,8,8,0,0.0,False
2026-07-22 08:11:48,137620076,Dynamic Fit 🤎 Reformer,2026-08-18 09:00:00,Mardi,09:00,Nathalie Hamm,Reformer,8,8,0,0.0,False
2026-07-22 08:11:48,138839496,Fondation 2 ⭐️ Pilates Mat ,2026-08-18 09:00:00,Mardi,09:00,Dani Johnson,Mat,8,8,0,0.0,False
2026-07-22 08:11:48,137620026,Sculpt 🤎 Reformer,2026-08-18 10:00:00,Mardi,10:00,Nathalie Hamm,Reformer,8,8,0,0.0,False
2026-07-22 08:11:48,138839564,Core & Tone ⭐️ Pilates Mat ,2026-08-18 10:00:00,Mardi,10:00,Dani Johnson,Mat,8,8,0,0.0,False
2026-07-22 08:11:48,137620208,Fondation 2 🤎 Reformer,2026-08-18 12:15:00,Mardi,12:15,Léa Aveline,Reformer,8,8,0,0.0,False
2026-07-22 08:11:48,137620365,Dynamic Fit 🤎 Reformer,2026-08-18 13:15:00,Mardi,13:15,Léa Aveline,Reformer,8,8,0,0.0,False
2026-07-22 08:11:48,137620321,Soft & Stretch 🤎 Reformer,2026-08-18 14:30:00,Mardi,14:30,Léa Aveline,Reformer,8,8,0,0.0,False
2026-07-22 08:11:48,137620421,Core & Tone 🤎 Reformer,2026-08-18 16:00:00,Mardi,16:00,Léa Aveline,Reformer,8,8,0,0.0,False
2026-07-22 08:11:48,137620477,Fondation 2 🤎 Reformer,2026-08-18 17:00:00,Mardi,17:00,Léa Aveline,Reformer,8,8,0,0.0,False
2026-07-22 08:11:48,137620536,Flow Trio 🤎 Reformer,2026-08-18 18:00:00,Mardi,18:00,Léa Aveline,Reformer,8,8,0,0.0,False
2026-07-22 08:11:48,137620582,Sculpt 🤎 Reformer,2026-08-18 19:00:00,Mardi,19:00,Léa Aveline,Reformer,8,8,0,0.0,False
2026-07-22 08:11:48,137679299,Sculpt 🤎 Reformer,2026-08-19 07:00:00,Mercredi,07:00,Nathalie Hamm,Reformer,8,8,0,0.0,False
2026-07-22 08:11:48,137679367,Core & Tone 🤎 Reformer,2026-08-19 08:00:00,Mercredi,08:00,Nathalie Hamm,Reformer,8,8,0,0.0,False
2026-07-22 08:11:48,137683517,Fondation 2 ⭐️ Pilates Mat ,2026-08-19 08:00:00,Mercredi,08:00,Laetitia johan,Mat,8,8,0,0.0,False
2026-07-22 08:11:48,137679430,Fondation 2 🤎 Reformer,2026-08-19 09:00:00,Mercredi,09:00,Nathalie Hamm,Reformer,8,8,0,0.0,False
2026-07-22 08:11:48,137683575,Core & Tone ⭐️ Pilates Mat ,2026-08-19 09:00:00,Mercredi,09:00,Laetitia johan,Mat,8,8,0,0.0,False
2026-07-22 08:11:48,137683636,Fondation 1 ⭐️ Pilates Mat,2026-08-19 10:00:00,Mercredi,10:00,Laetitia johan,Mat,8,8,0,0.0,False
2026-07-22 08:11:48,137679506,Soft & Stretch 🤎 Reformer,2026-08-19 11:00:00,Mercredi,11:00,Nathalie Hamm,Reformer,8,8,0,0.0,False
2026-07-22 08:11:48,137683915,Core & Tone ⭐️ Pilates Mat ,2026-08-19 11:00:00,Mercredi,11:00,Laetitia johan,Mat,8,8,0,0.0,False
2026-07-22 08:11:48,137679561,Fondation 2 🤎 Reformer,2026-08-19 12:15:00,Mercredi,12:15,Nathalie Hamm,Reformer,8,8,0,0.0,False
2026-07-22 08:11:48,137684443,Sculpt ⭐️ Pilates Mat ,2026-08-19 12:15:00,Mercredi,12:15,Léa Aveline,Mat,8,8,0,0.0,False
2026-07-22 08:11:48,137679741,Flow Trio 🤎 Reformer,2026-08-19 13:15:00,Mercredi,13:15,Nathalie Hamm,Reformer,8,8,0,0.0,False
2026-07-22 08:11:48,137684516,Soft & Stretch ⭐️ Pilates Mat,2026-08-19 13:15:00,Mercredi,13:15,Léa Aveline,Mat,8,8,0,0.0,False
2026-07-22 08:11:48,137680225,Dynamic Fit 🤎 Reformer,2026-08-19 14:30:00,Mercredi,14:30,Nathalie Hamm,Reformer,8,8,0,0.0,False
2026-07-22 08:11:48,137684675,Sculpt ⭐️ Pilates Mat ,2026-08-19 14:30:00,Mercredi,14:30,Léa Aveline,Mat,8,8,0,0.0,False
2026-07-22 08:11:48,137680335,Sculpt 🤎 Reformer,2026-08-19 17:00:00,Mercredi,17:00,Léa Aveline,Reformer,8,8,0,0.0,False
2026-07-22 08:11:48,137680395,Fondation 2 🤎 Reformer,2026-08-19 18:00:00,Mercredi,18:00,Léa Aveline,Reformer,8,8,0,0.0,False
2026-07-22 08:11:48,137680447,Core & Tone 🤎 Reformer,2026-08-19 19:00:00,Mercredi,19:00,Léa Aveline,Reformer,8,8,0,0.0,False
2026-07-22 08:11:48,137680503,Fondation 1 🤎 Reformer,2026-08-19 20:00:00,Mercredi,20:00,Léa Aveline,Reformer,8,8,0,0.0,False
2026-07-22 08:11:48,138403744,Flow Trio ⭐️ Pilates Mat,2026-08-20 12:15:00,Jeudi,12:15,Aveline Caminade,Mat,8,8,0,0.0,False
2026-07-22 08:11:48,138403748,Dynamic Fit ⭐️ Pilates Mat,2026-08-20 13:15:00,Jeudi,13:15,Aveline Caminade,Mat,8,8,0,0.0,False
2026-07-22 08:11:48,138403757,Fondation 2 ⭐️ Pilates Mat ,2026-08-20 14:30:00,Jeudi,14:30,Aveline Caminade,Mat,8,8,0,0.0,False
2026-07-22 08:11:48,138403824,Fondation 1 ⭐️ Pilates Mat,2026-08-20 15:30:00,Jeudi,15:30,Aveline Caminade,Mat,8,8,0,0.0,False
2026-07-22 08:11:48,137680957,Sculpt 🤎 Reformer,2026-08-20 17:00:00,Jeudi,17:00,Justin Robert,Reformer,8,8,0,0.0,False
2026-07-22 08:11:48,137681011,Dynamic Fit 🤎 Reformer,2026-08-20 18:00:00,Jeudi,18:00,Justin Robert,Reformer,8,8,0,0.0,False
2026-07-22 08:11:48,137681165,Fondation 1 🤎 Reformer,2026-08-20 19:00:00,Jeudi,19:00,Justin Robert,Reformer,8,8,0,0.0,False
2026-07-22 08:11:48,137681217,Soft & Stretch 🤎 Reformer,2026-08-20 20:00:00,Jeudi,20:00,Justin Robert,Reformer,8,8,0,0.0,False
2026-07-22 08:11:48,137681574,Fondation 2 🤎 Reformer,2026-08-21 08:00:00,Vendredi,08:00,Léa Aveline,Reformer,8,7,1,12.5,False
2026-07-22 08:11:48,138839629,Soft & Stretch ⭐️ Pilates Mat,2026-08-21 08:00:00,Vendredi,08:00,Dani Johnson,Mat,8,8,0,0.0,False
2026-07-22 08:11:48,137681635,Fondation 1 🤎 Reformer,2026-08-21 09:00:00,Vendredi,09:00,Léa Aveline,Reformer,8,8,0,0.0,False
2026-07-22 08:11:48,138839754,Dynamic Fit ⭐️ Pilates Mat,2026-08-21 09:00:00,Vendredi,09:00,Dani Johnson,Mat,8,8,0,0.0,False
2026-07-22 08:11:48,137681681,Core & Tone 🤎 Reformer,2026-08-21 10:00:00,Vendredi,10:00,Léa Aveline,Reformer,8,8,0,0.0,False
2026-07-22 08:11:48,138839684,Fondation 1 ⭐️ Pilates Mat,2026-08-21 10:00:00,Vendredi,10:00,Dani Johnson,Mat,8,8,0,0.0,False
2026-07-22 08:11:48,138839837,Fondation 1 ⭐️ Pilates Mat,2026-08-21 11:00:00,Vendredi,11:00,Dani Johnson,Mat,8,8,0,0.0,False
2026-07-22 08:11:48,137681746,Core & Tone 🤎 Reformer,2026-08-21 12:15:00,Vendredi,12:15,Léa Aveline,Reformer,8,8,0,0.0,False
2026-07-22 08:11:48,137684206,Soft & Stretch ⭐️ Pilates Mat,2026-08-21 13:00:00,Vendredi,13:00,Laetitia johan,Mat,8,8,0,0.0,False
2026-07-22 08:11:48,137681800,Fondation 2 🤎 Reformer,2026-08-21 13:15:00,Vendredi,13:15,Léa Aveline,Reformer,8,8,0,0.0,False
2026-07-22 08:11:48,137684265,Flow Trio ⭐️ Pilates Mat,2026-08-21 14:00:00,Vendredi,14:00,Laetitia johan,Mat,8,8,0,0.0,False
2026-07-22 08:11:48,137681316,Fondation 2 🤎 Reformer,2026-08-21 15:00:00,Vendredi,15:00,Nathalie Hamm,Reformer,8,8,0,0.0,False
2026-07-22 08:11:48,137684328,Dynamic Fit ⭐️ Pilates Mat,2026-08-21 15:00:00,Vendredi,15:00,Laetitia johan,Mat,8,8,0,0.0,False
2026-07-22 08:11:48,137681326,Sculpt 🤎 Reformer,2026-08-21 16:00:00,Vendredi,16:00,Nathalie Hamm,Reformer,8,8,0,0.0,False
2026-07-22 08:11:48,137684379,Sculpt ⭐️ Pilates Mat ,2026-08-21 16:00:00,Vendredi,16:00,Laetitia johan,Mat,8,8,0,0.0,False
2026-07-22 08:11:48,137681433,Flow Trio 🤎 Reformer,2026-08-21 17:00:00,Vendredi,17:00,Nathalie Hamm,Reformer,8,8,0,0.0,False
2026-07-22 08:11:48,137681486,Fondation 1 🤎 Reformer,2026-08-21 18:00:00,Vendredi,18:00,Nathalie Hamm,Reformer,8,8,0,0.0,False
2026-07-22 08:11:48,137682606,Fondation 2 🤎 Reformer,2026-08-22 09:00:00,Samedi,09:00,Nathalie Hamm,Reformer,8,8,0,0.0,False
2026-07-22 08:11:48,137682670,Core & Tone 🤎 Reformer,2026-08-22 10:00:00,Samedi,10:00,Nathalie Hamm,Reformer,8,8,0,0.0,False
2026-07-22 08:11:48,137682727,Dynamic Fit 🤎 Reformer,2026-08-22 11:00:00,Samedi,11:00,Nathalie Hamm,Reformer,8,8,0,0.0,False
2026-07-22 08:11:48,137682787,Flow Trio 🤎 Reformer,2026-08-22 12:00:00,Samedi,12:00,Nathalie Hamm,Reformer,8,8,0,0.0,False
2026-07-22 08:11:48,137682842,Fondation 2 🤎 Reformer,2026-08-23 09:00:00,Dimanche,09:00,Nathalie Hamm,Reformer,8,8,0,0.0,False
2026-07-22 08:11:48,137683005,Fondation 2 🤎 Reformer,2026-08-23 10:00:00,Dimanche,10:00,Nathalie Hamm,Reformer,8,8,0,0.0,False
2026-07-22 08:11:48,137683069,Dynamic Fit 🤎 Reformer,2026-08-23 11:00:00,Dimanche,11:00,Nathalie Hamm,Reformer,8,8,0,0.0,False
2026-07-22 08:11:48,137682953,Core & Tone 🤎 Reformer,2026-08-23 12:00:00,Dimanche,12:00,Nathalie Hamm,Reformer,8,8,0,0.0,False
2026-07-22 08:11:48,137617873,Fondation 2 🤎 Reformer,2026-08-24 07:00:00,Lundi,07:00,Nathalie Hamm,Reformer,8,8,0,0.0,False
2026-07-22 08:11:48,137618010,Sculpt 🤎 Reformer,2026-08-24 08:00:00,Lundi,08:00,Nathalie Hamm,Reformer,8,8,0,0.0,False
2026-07-22 08:11:48,138838578,Fondation 2 ⭐️ Pilates Mat ,2026-08-24 08:00:00,Lundi,08:00,Dani Johnson,Mat,8,8,0,0.0,False
2026-07-22 08:11:48,137618263,Dynamic Fit 🤎 Reformer,2026-08-24 09:00:00,Lundi,09:00,Nathalie Hamm,Reformer,8,8,0,0.0,False
2026-07-22 08:11:48,138838628,Dynamic Fit ⭐️ Pilates Mat,2026-08-24 09:00:00,Lundi,09:00,Dani Johnson,Mat,8,8,0,0.0,False
2026-07-22 08:11:48,138838683,Fondation 1 ⭐️ Pilates Mat,2026-08-24 10:00:00,Lundi,10:00,Dani Johnson,Mat,8,8,0,0.0,False
2026-07-22 08:11:48,137618330,Core & Tone 🤎 Reformer,2026-08-24 11:00:00,Lundi,11:00,Nathalie Hamm,Reformer,8,8,0,0.0,False
2026-07-22 08:11:48,137618386,Fondation 2 🤎 Reformer,2026-08-24 12:15:00,Lundi,12:15,Nathalie Hamm,Reformer,8,8,0,0.0,False
2026-07-22 08:11:48,137620260,Dynamic Fit 🤎 Reformer,2026-08-24 13:15:00,Lundi,13:15,Nathalie Hamm,Reformer,8,8,0,0.0,False
2026-07-22 08:11:48,137618585,Soft & Stretch 🤎 Reformer,2026-08-24 14:30:00,Lundi,14:30,Nathalie Hamm,Reformer,8,8,0,0.0,False
2026-07-22 08:11:48,137618708,Fondation 2 🤎 Reformer,2026-08-24 17:00:00,Lundi,17:00,Eva Bernard,Reformer,8,8,0,0.0,False
2026-07-22 08:11:48,137618814,Sculpt 🤎 Reformer,2026-08-24 18:00:00,Lundi,18:00,Eva Bernard,Reformer,8,8,0,0.0,False
2026-07-22 08:11:48,137619311,Core & Tone 🤎 Reformer,2026-08-24 19:00:00,Lundi,19:00,Eva Bernard,Reformer,8,8,0,0.0,False
2026-07-22 08:11:48,137619700,Sculpt 🤎 Reformer,2026-08-24 20:00:00,Lundi,20:00,Eva Bernard,Reformer,8,8,0,0.0,False
2026-07-22 08:11:48,137619911,Fondation 2 🤎 Reformer,2026-08-25 07:00:00,Mardi,07:00,Nathalie Hamm,Reformer,8,8,0,0.0,False
2026-07-22 08:11:48,137619978,Core & Tone 🤎 Reformer,2026-08-25 08:00:00,Mardi,08:00,Nathalie Hamm,Reformer,8,8,0,0.0,False
2026-07-22 08:11:48,138838753,Flow Trio ⭐️ Pilates Mat,2026-08-25 08:00:00,Mardi,08:00,Dani Johnson,Mat,8,8,0,0.0,False
2026-07-22 08:11:48,137620080,Dynamic Fit 🤎 Reformer,2026-08-25 09:00:00,Mardi,09:00,Nathalie Hamm,Reformer,8,8,0,0.0,False
2026-07-22 08:11:48,138839501,Fondation 2 ⭐️ Pilates Mat ,2026-08-25 09:00:00,Mardi,09:00,Dani Johnson,Mat,8,8,0,0.0,False
2026-07-22 08:11:48,137620028,Sculpt 🤎 Reformer,2026-08-25 10:00:00,Mardi,10:00,Nathalie Hamm,Reformer,8,8,0,0.0,False
2026-07-22 08:11:48,138839586,Core & Tone ⭐️ Pilates Mat ,2026-08-25 10:00:00,Mardi,10:00,Dani Johnson,Mat,8,8,0,0.0,False
2026-07-22 08:11:48,137620209,Fondation 2 🤎 Reformer,2026-08-25 12:15:00,Mardi,12:15,Léa Aveline,Reformer,8,8,0,0.0,False
2026-07-22 08:11:48,137620369,Dynamic Fit 🤎 Reformer,2026-08-25 13:15:00,Mardi,13:15,Léa Aveline,Reformer,8,8,0,0.0,False
2026-07-22 08:11:48,137620314,Soft & Stretch 🤎 Reformer,2026-08-25 14:30:00,Mardi,14:30,Léa Aveline,Reformer,8,8,0,0.0,False
2026-07-22 08:11:48,137620430,Core & Tone 🤎 Reformer,2026-08-25 16:00:00,Mardi,16:00,Léa Aveline,Reformer,8,8,0,0.0,False
2026-07-22 08:11:48,137620481,Fondation 2 🤎 Reformer,2026-08-25 17:00:00,Mardi,17:00,Léa Aveline,Reformer,8,8,0,0.0,False
2026-07-22 08:11:48,137620535,Flow Trio 🤎 Reformer,2026-08-25 18:00:00,Mardi,18:00,Léa Aveline,Reformer,8,8,0,0.0,False
2026-07-22 08:11:48,137620614,Sculpt 🤎 Reformer,2026-08-25 19:00:00,Mardi,19:00,Léa Aveline,Reformer,8,8,0,0.0,False
2026-07-22 08:11:48,137679291,Sculpt 🤎 Reformer,2026-08-26 07:00:00,Mercredi,07:00,Nathalie Hamm,Reformer,8,8,0,0.0,False
2026-07-22 08:11:48,137679366,Core & Tone 🤎 Reformer,2026-08-26 08:00:00,Mercredi,08:00,Nathalie Hamm,Reformer,8,8,0,0.0,False
2026-07-22 08:11:48,137683522,Fondation 2 ⭐️ Pilates Mat ,2026-08-26 08:00:00,Mercredi,08:00,Laetitia johan,Mat,8,8,0,0.0,False
2026-07-22 08:11:48,137679448,Fondation 2 🤎 Reformer,2026-08-26 09:00:00,Mercredi,09:00,Nathalie Hamm,Reformer,8,8,0,0.0,False
2026-07-22 08:11:48,137683576,Core & Tone ⭐️ Pilates Mat ,2026-08-26 09:00:00,Mercredi,09:00,Laetitia johan,Mat,8,8,0,0.0,False
2026-07-22 08:11:48,137683640,Fondation 1 ⭐️ Pilates Mat,2026-08-26 10:00:00,Mercredi,10:00,Laetitia johan,Mat,8,8,0,0.0,False
2026-07-22 08:11:48,137679509,Soft & Stretch 🤎 Reformer,2026-08-26 11:00:00,Mercredi,11:00,Nathalie Hamm,Reformer,8,8,0,0.0,False
2026-07-22 08:11:48,137683930,Core & Tone ⭐️ Pilates Mat ,2026-08-26 11:00:00,Mercredi,11:00,Laetitia johan,Mat,8,8,0,0.0,False
2026-07-22 08:11:48,137679564,Fondation 2 🤎 Reformer,2026-08-26 12:15:00,Mercredi,12:15,Nathalie Hamm,Reformer,8,8,0,0.0,False
2026-07-22 08:11:48,137684452,Sculpt ⭐️ Pilates Mat ,2026-08-26 12:15:00,Mercredi,12:15,Léa Aveline,Mat,8,8,0,0.0,False
2026-07-22 08:11:48,137679720,Flow Trio 🤎 Reformer,2026-08-26 13:15:00,Mercredi,13:15,Nathalie Hamm,Reformer,8,8,0,0.0,False
2026-07-22 08:11:48,137684514,Soft & Stretch ⭐️ Pilates Mat,2026-08-26 13:15:00,Mercredi,13:15,Léa Aveline,Mat,8,8,0,0.0,False
2026-07-22 08:11:48,137680226,Dynamic Fit 🤎 Reformer,2026-08-26 14:30:00,Mercredi,14:30,Nathalie Hamm,Reformer,8,8,0,0.0,False
2026-07-22 08:11:48,137684676,Sculpt ⭐️ Pilates Mat ,2026-08-26 14:30:00,Mercredi,14:30,Léa Aveline,Mat,8,8,0,0.0,False
2026-07-22 08:11:48,137680343,Sculpt 🤎 Reformer,2026-08-26 17:00:00,Mercredi,17:00,Léa Aveline,Reformer,8,8,0,0.0,False
2026-07-22 08:11:48,137680400,Fondation 2 🤎 Reformer,2026-08-26 18:00:00,Mercredi,18:00,Léa Aveline,Reformer,8,8,0,0.0,False
2026-07-22 08:11:48,137680448,Core & Tone 🤎 Reformer,2026-08-26 19:00:00,Mercredi,19:00,Léa Aveline,Reformer,8,8,0,0.0,False
2026-07-22 08:11:48,137680501,Fondation 1 🤎 Reformer,2026-08-26 20:00:00,Mercredi,20:00,Léa Aveline,Reformer,8,8,0,0.0,False
2026-07-22 08:11:48,137680559,Fondation 2 🤎 Reformer,2026-08-27 09:15:00,Jeudi,09:15,Eva Bernard,Reformer,8,8,0,0.0,False
2026-07-22 08:11:48,137680727,Core & Tone 🤎 Reformer,2026-08-27 10:15:00,Jeudi,10:15,Eva Bernard,Reformer,8,8,0,0.0,False
2026-07-22 08:11:48,137680680,Soft & Stretch 🤎 Reformer,2026-08-27 11:15:00,Jeudi,11:15,Eva Bernard,Reformer,8,8,0,0.0,False
2026-07-22 08:11:48,137680793,Fondation 1 🤎 Reformer,2026-08-27 12:15:00,Jeudi,12:15,Eva Bernard,Reformer,8,8,0,0.0,False
2026-07-22 08:11:48,138403745,Flow Trio ⭐️ Pilates Mat,2026-08-27 12:15:00,Jeudi,12:15,Aveline Caminade,Mat,8,8,0,0.0,False
2026-07-22 08:11:48,138403749,Dynamic Fit ⭐️ Pilates Mat,2026-08-27 13:15:00,Jeudi,13:15,Aveline Caminade,Mat,8,8,0,0.0,False
2026-07-22 08:11:48,137680840,Dynamic Fit 🤎 Reformer,2026-08-27 13:30:00,Jeudi,13:30,Eva Bernard,Reformer,8,8,0,0.0,False
2026-07-22 08:11:48,138403756,Fondation 2 ⭐️ Pilates Mat ,2026-08-27 14:30:00,Jeudi,14:30,Aveline Caminade,Mat,8,8,0,0.0,False
2026-07-22 08:11:48,138403827,Fondation 1 ⭐️ Pilates Mat,2026-08-27 15:30:00,Jeudi,15:30,Aveline Caminade,Mat,8,8,0,0.0,False
2026-07-22 08:11:48,137680956,Sculpt 🤎 Reformer,2026-08-27 17:00:00,Jeudi,17:00,Justin Robert,Reformer,8,8,0,0.0,False
2026-07-22 08:11:48,137681009,Dynamic Fit 🤎 Reformer,2026-08-27 18:00:00,Jeudi,18:00,Justin Robert,Reformer,8,8,0,0.0,False
2026-07-22 08:11:48,137681168,Fondation 1 🤎 Reformer,2026-08-27 19:00:00,Jeudi,19:00,Justin Robert,Reformer,8,8,0,0.0,False
2026-07-22 08:11:48,137681219,Soft & Stretch 🤎 Reformer,2026-08-27 20:00:00,Jeudi,20:00,Justin Robert,Reformer,8,8,0,0.0,False
2026-07-22 08:11:48,137681580,Fondation 2 🤎 Reformer,2026-08-28 08:00:00,Vendredi,08:00,Léa Aveline,Reformer,8,8,0,0.0,False
2026-07-22 08:11:48,138839630,Soft & Stretch ⭐️ Pilates Mat,2026-08-28 08:00:00,Vendredi,08:00,Dani Johnson,Mat,8,8,0,0.0,False
2026-07-22 08:11:48,137681628,Fondation 1 🤎 Reformer,2026-08-28 09:00:00,Vendredi,09:00,Léa Aveline,Reformer,8,8,0,0.0,False
2026-07-22 08:11:48,138839756,Dynamic Fit ⭐️ Pilates Mat,2026-08-28 09:00:00,Vendredi,09:00,Dani Johnson,Mat,8,8,0,0.0,False
2026-07-22 08:11:48,137681682,Core & Tone 🤎 Reformer,2026-08-28 10:00:00,Vendredi,10:00,Léa Aveline,Reformer,8,8,0,0.0,False
2026-07-22 08:11:48,138839682,Fondation 1 ⭐️ Pilates Mat,2026-08-28 10:00:00,Vendredi,10:00,Dani Johnson,Mat,8,8,0,0.0,False
2026-07-22 08:11:48,138839838,Fondation 1 ⭐️ Pilates Mat,2026-08-28 11:00:00,Vendredi,11:00,Dani Johnson,Mat,8,8,0,0.0,False
2026-07-22 08:11:48,137681747,Core & Tone 🤎 Reformer,2026-08-28 12:15:00,Vendredi,12:15,Léa Aveline,Reformer,8,8,0,0.0,False
2026-07-22 08:11:48,137684214,Soft & Stretch ⭐️ Pilates Mat,2026-08-28 13:00:00,Vendredi,13:00,Laetitia johan,Mat,8,8,0,0.0,False
2026-07-22 08:11:48,137681811,Fondation 2 🤎 Reformer,2026-08-28 13:15:00,Vendredi,13:15,Léa Aveline,Reformer,8,8,0,0.0,False
2026-07-22 08:11:48,137684263,Flow Trio ⭐️ Pilates Mat,2026-08-28 14:00:00,Vendredi,14:00,Laetitia johan,Mat,8,8,0,0.0,False
2026-07-22 08:11:48,137681296,Fondation 2 🤎 Reformer,2026-08-28 15:00:00,Vendredi,15:00,Nathalie Hamm,Reformer,8,8,0,0.0,False
2026-07-22 08:11:48,137684325,Dynamic Fit ⭐️ Pilates Mat,2026-08-28 15:00:00,Vendredi,15:00,Laetitia johan,Mat,8,8,0,0.0,False
2026-07-22 08:11:48,137681330,Sculpt 🤎 Reformer,2026-08-28 16:00:00,Vendredi,16:00,Nathalie Hamm,Reformer,8,8,0,0.0,False
2026-07-22 08:11:48,137684381,Sculpt ⭐️ Pilates Mat ,2026-08-28 16:00:00,Vendredi,16:00,Laetitia johan,Mat,8,8,0,0.0,False
2026-07-22 08:11:48,137681434,Flow Trio 🤎 Reformer,2026-08-28 17:00:00,Vendredi,17:00,Nathalie Hamm,Reformer,8,8,0,0.0,False
2026-07-22 08:11:48,137681491,Fondation 1 🤎 Reformer,2026-08-28 18:00:00,Vendredi,18:00,Nathalie Hamm,Reformer,8,8,0,0.0,False
2026-07-22 08:11:48,137682656,Fondation 2 🤎 Reformer,2026-08-29 09:00:00,Samedi,09:00,Léa Aveline,Reformer,8,8,0,0.0,False
2026-07-22 08:11:48,137682665,Core & Tone 🤎 Reformer,2026-08-29 10:00:00,Samedi,10:00,Léa Aveline,Reformer,8,8,0,0.0,False
2026-07-22 08:11:48,137682721,Dynamic Fit 🤎 Reformer,2026-08-29 11:00:00,Samedi,11:00,Léa Aveline,Reformer,8,8,0,0.0,False
2026-07-22 08:11:48,137682785,Flow Trio 🤎 Reformer,2026-08-29 12:00:00,Samedi,12:00,Léa Aveline,Reformer,8,8,0,0.0,False
2026-07-22 08:11:48,137682840,Fondation 2 🤎 Reformer,2026-08-30 09:00:00,Dimanche,09:00,Léa Aveline,Reformer,8,8,0,0.0,False
2026-07-22 08:11:48,137683006,Fondation 2 🤎 Reformer,2026-08-30 10:00:00,Dimanche,10:00,Léa Aveline,Reformer,8,8,0,0.0,False
2026-07-22 08:11:48,137683063,Dynamic Fit 🤎 Reformer,2026-08-30 11:00:00,Dimanche,11:00,Léa Aveline,Reformer,8,8,0,0.0,False
2026-07-22 08:11:48,137682956,Core & Tone 🤎 Reformer,2026-08-30 12:00:00,Dimanche,12:00,Léa Aveline,Reformer,8,8,0,0.0,False
2026-07-22 08:11:48,137617874,Fondation 2 🤎 Reformer,2026-08-31 07:00:00,Lundi,07:00,Nathalie Hamm,Reformer,8,8,0,0.0,False
2026-07-22 08:11:48,137618009,Sculpt 🤎 Reformer,2026-08-31 08:00:00,Lundi,08:00,Nathalie Hamm,Reformer,8,8,0,0.0,False
2026-07-22 08:11:48,137618260,Dynamic Fit 🤎 Reformer,2026-08-31 09:00:00,Lundi,09:00,Nathalie Hamm,Reformer,8,8,0,0.0,False
2026-07-22 08:11:48,138838687,Fondation 1 ⭐️ Pilates Mat,2026-08-31 10:00:00,Lundi,10:00,Dani Johnson,Mat,8,8,0,0.0,False
2026-07-22 08:11:48,137618331,Core & Tone 🤎 Reformer,2026-08-31 11:00:00,Lundi,11:00,Nathalie Hamm,Reformer,8,8,0,0.0,False
2026-07-22 08:11:48,137618388,Fondation 2 🤎 Reformer,2026-08-31 12:15:00,Lundi,12:15,Nathalie Hamm,Reformer,8,8,0,0.0,False
2026-07-22 08:11:48,138839966,Fondation 1 ⭐️ Pilates Mat,2026-08-31 12:15:00,Lundi,12:15,JEAN DUTARTRE,Mat,8,8,0,0.0,False
2026-07-22 08:11:48,137620281,Dynamic Fit 🤎 Reformer,2026-08-31 13:15:00,Lundi,13:15,Nathalie Hamm,Reformer,8,8,0,0.0,False
2026-07-22 08:11:48,138840024,Core & Tone ⭐️ Pilates Mat ,2026-08-31 13:15:00,Lundi,13:15,JEAN DUTARTRE,Mat,8,8,0,0.0,False
2026-07-22 08:11:48,137618588,Soft & Stretch 🤎 Reformer,2026-08-31 14:30:00,Lundi,14:30,Nathalie Hamm,Reformer,8,8,0,0.0,False
2026-07-22 08:11:48,137618709,Fondation 2 🤎 Reformer,2026-08-31 17:00:00,Lundi,17:00,Eva Bernard,Reformer,8,8,0,0.0,False
2026-07-22 08:11:48,137618812,Sculpt 🤎 Reformer,2026-08-31 18:00:00,Lundi,18:00,Eva Bernard,Reformer,8,8,0,0.0,False
2026-07-22 08:11:48,137619211,Core & Tone 🤎 Reformer,2026-08-31 19:00:00,Lundi,19:00,Eva Bernard,Reformer,8,8,0,0.0,False
2026-07-22 08:11:48,137619712,Sculpt 🤎 Reformer,2026-08-31 20:00:00,Lundi,20:00,Eva Bernard,Reformer,8,8,0,0.0,False
2026-07-22 08:11:48,137619906,Fondation 2 🤎 Reformer,2026-09-01 07:00:00,Mardi,07:00,Nathalie Hamm,Reformer,8,8,0,0.0,False
2026-07-22 08:11:48,137619987,Core & Tone 🤎 Reformer,2026-09-01 08:00:00,Mardi,08:00,Nathalie Hamm,Reformer,8,8,0,0.0,False
2026-07-22 08:11:48,137620077,Dynamic Fit 🤎 Reformer,2026-09-01 09:00:00,Mardi,09:00,Nathalie Hamm,Reformer,8,8,0,0.0,False
2026-07-22 08:11:48,137620027,Sculpt 🤎 Reformer,2026-09-01 10:00:00,Mardi,10:00,Nathalie Hamm,Reformer,8,8,0,0.0,False
2026-07-22 08:11:48,137620212,Fondation 2 🤎 Reformer,2026-09-01 12:15:00,Mardi,12:15,Léa Aveline,Reformer,8,8,0,0.0,False
2026-07-22 08:11:48,138840096,Dynamic Fit ⭐️ Pilates Mat,2026-09-01 12:15:00,Mardi,12:15,JEAN DUTARTRE,Mat,8,8,0,0.0,False
2026-07-22 08:11:48,137620366,Dynamic Fit 🤎 Reformer,2026-09-01 13:15:00,Mardi,13:15,Léa Aveline,Reformer,8,8,0,0.0,False
2026-07-22 08:11:48,138840170,Fondation 2 ⭐️ Pilates Mat ,2026-09-01 13:15:00,Mardi,13:15,JEAN DUTARTRE,Mat,8,8,0,0.0,False
2026-07-22 08:11:48,137620313,Soft & Stretch 🤎 Reformer,2026-09-01 14:30:00,Mardi,14:30,Léa Aveline,Reformer,8,8,0,0.0,False
2026-07-22 08:11:48,137620427,Core & Tone 🤎 Reformer,2026-09-01 16:00:00,Mardi,16:00,Léa Aveline,Reformer,8,8,0,0.0,False
2026-07-22 08:11:48,137620476,Fondation 2 🤎 Reformer,2026-09-01 17:00:00,Mardi,17:00,Léa Aveline,Reformer,8,8,0,0.0,False
2026-07-22 08:11:48,137620530,Flow Trio 🤎 Reformer,2026-09-01 18:00:00,Mardi,18:00,Léa Aveline,Reformer,8,8,0,0.0,False
2026-07-22 08:11:48,137620589,Sculpt 🤎 Reformer,2026-09-01 19:00:00,Mardi,19:00,Léa Aveline,Reformer,8,8,0,0.0,False
2026-07-22 08:11:48,137679290,Sculpt 🤎 Reformer,2026-09-02 07:00:00,Mercredi,07:00,Nathalie Hamm,Reformer,8,8,0,0.0,False
2026-07-22 08:11:48,137679371,Core & Tone 🤎 Reformer,2026-09-02 08:00:00,Mercredi,08:00,Nathalie Hamm,Reformer,8,8,0,0.0,False
2026-07-22 08:11:48,137679433,Fondation 2 🤎 Reformer,2026-09-02 09:00:00,Mercredi,09:00,Nathalie Hamm,Reformer,8,8,0,0.0,False
2026-07-22 08:11:48,137683633,Fondation 1 ⭐️ Pilates Mat,2026-09-02 10:00:00,Mercredi,10:00,Laetitia johan,Mat,8,8,0,0.0,False
2026-07-22 08:11:48,137679507,Soft & Stretch 🤎 Reformer,2026-09-02 11:00:00,Mercredi,11:00,Nathalie Hamm,Reformer,8,8,0,0.0,False
2026-07-22 08:11:48,137683909,Core & Tone ⭐️ Pilates Mat ,2026-09-02 11:00:00,Mercredi,11:00,Laetitia johan,Mat,8,8,0,0.0,False
2026-07-22 08:11:48,137679566,Fondation 2 🤎 Reformer,2026-09-02 12:15:00,Mercredi,12:15,Nathalie Hamm,Reformer,8,8,0,0.0,False
2026-07-22 08:11:48,137684444,Sculpt ⭐️ Pilates Mat ,2026-09-02 12:15:00,Mercredi,12:15,Léa Aveline,Mat,8,8,0,0.0,False
2026-07-22 08:11:48,137679731,Flow Trio 🤎 Reformer,2026-09-02 13:15:00,Mercredi,13:15,Nathalie Hamm,Reformer,8,8,0,0.0,False
2026-07-22 08:11:48,137684515,Soft & Stretch ⭐️ Pilates Mat,2026-09-02 13:15:00,Mercredi,13:15,Léa Aveline,Mat,8,8,0,0.0,False
2026-07-22 08:11:48,137680223,Dynamic Fit 🤎 Reformer,2026-09-02 14:30:00,Mercredi,14:30,Nathalie Hamm,Reformer,8,8,0,0.0,False
2026-07-22 08:11:48,137684673,Sculpt ⭐️ Pilates Mat ,2026-09-02 14:30:00,Mercredi,14:30,Léa Aveline,Mat,8,8,0,0.0,False
2026-07-22 08:11:48,138403553,Core & Tone ⭐️ Pilates Mat ,2026-09-02 16:00:00,Mercredi,16:00,Aveline Caminade,Mat,8,8,0,0.0,False
2026-07-22 08:11:48,137680340,Sculpt 🤎 Reformer,2026-09-02 17:00:00,Mercredi,17:00,Léa Aveline,Reformer,8,8,0,0.0,False
2026-07-22 08:11:48,138403606,Dynamic Fit ⭐️ Pilates Mat,2026-09-02 17:00:00,Mercredi,17:00,Aveline Caminade,Mat,8,8,0,0.0,False
2026-07-22 08:11:48,137680396,Fondation 2 🤎 Reformer,2026-09-02 18:00:00,Mercredi,18:00,Léa Aveline,Reformer,8,8,0,0.0,False
2026-07-22 08:11:48,138403689,Sculpt ⭐️ Pilates Mat ,2026-09-02 18:00:00,Mercredi,18:00,Aveline Caminade,Mat,8,8,0,0.0,False
2026-07-22 08:11:48,137680450,Core & Tone 🤎 Reformer,2026-09-02 19:00:00,Mercredi,19:00,Léa Aveline,Reformer,8,8,0,0.0,False
2026-07-22 08:11:48,137680506,Fondation 1 🤎 Reformer,2026-09-02 20:00:00,Mercredi,20:00,Léa Aveline,Reformer,8,8,0,0.0,False
2026-07-22 08:11:48,137680570,Fondation 2 🤎 Reformer,2026-09-03 09:15:00,Jeudi,09:15,Eva Bernard,Reformer,8,8,0,0.0,False
2026-07-22 08:11:48,137680729,Core & Tone 🤎 Reformer,2026-09-03 10:15:00,Jeudi,10:15,Eva Bernard,Reformer,8,8,0,0.0,False
2026-07-22 08:11:48,137680677,Soft & Stretch 🤎 Reformer,2026-09-03 11:15:00,Jeudi,11:15,Eva Bernard,Reformer,8,8,0,0.0,False
2026-07-22 08:11:48,137680801,Fondation 1 🤎 Reformer,2026-09-03 12:15:00,Jeudi,12:15,Eva Bernard,Reformer,8,8,0,0.0,False
2026-07-22 08:11:48,137680842,Dynamic Fit 🤎 Reformer,2026-09-03 13:30:00,Jeudi,13:30,Eva Bernard,Reformer,8,8,0,0.0,False
2026-07-22 08:11:48,137680954,Sculpt 🤎 Reformer,2026-09-03 17:00:00,Jeudi,17:00,Justin Robert,Reformer,8,8,0,0.0,False
2026-07-22 08:11:48,137681016,Dynamic Fit 🤎 Reformer,2026-09-03 18:00:00,Jeudi,18:00,Justin Robert,Reformer,8,8,0,0.0,False
2026-07-22 08:11:48,137681166,Fondation 1 🤎 Reformer,2026-09-03 19:00:00,Jeudi,19:00,Justin Robert,Reformer,8,8,0,0.0,False
2026-07-22 08:11:48,137681218,Soft & Stretch 🤎 Reformer,2026-09-03 20:00:00,Jeudi,20:00,Justin Robert,Reformer,8,8,0,0.0,False
2026-07-22 08:11:48,137681577,Fondation 2 🤎 Reformer,2026-09-04 08:00:00,Vendredi,08:00,Léa Aveline,Reformer,8,8,0,0.0,False
2026-07-22 08:11:48,137681632,Fondation 1 🤎 Reformer,2026-09-04 09:00:00,Vendredi,09:00,Léa Aveline,Reformer,8,8,0,0.0,False
2026-07-22 08:11:48,137681683,Core & Tone 🤎 Reformer,2026-09-04 10:00:00,Vendredi,10:00,Léa Aveline,Reformer,8,8,0,0.0,False
2026-07-22 08:11:48,137684383,Sculpt ⭐️ Pilates Mat ,2026-09-04 12:00:00,Vendredi,12:00,Laetitia johan,Mat,8,8,0,0.0,False
2026-07-22 08:11:48,137681749,Core & Tone 🤎 Reformer,2026-09-04 12:15:00,Vendredi,12:15,Léa Aveline,Reformer,8,8,0,0.0,False
2026-07-22 08:11:48,137684208,Soft & Stretch ⭐️ Pilates Mat,2026-09-04 13:00:00,Vendredi,13:00,Laetitia johan,Mat,8,8,0,0.0,False
2026-07-22 08:11:48,137681805,Fondation 2 🤎 Reformer,2026-09-04 13:15:00,Vendredi,13:15,Léa Aveline,Reformer,8,8,0,0.0,False
2026-07-22 08:11:48,137684264,Flow Trio ⭐️ Pilates Mat,2026-09-04 14:00:00,Vendredi,14:00,Laetitia johan,Mat,8,8,0,0.0,False
2026-07-22 08:11:48,137681318,Fondation 2 🤎 Reformer,2026-09-04 15:00:00,Vendredi,15:00,Nathalie Hamm,Reformer,8,8,0,0.0,False
2026-07-22 08:11:48,137684323,Dynamic Fit ⭐️ Pilates Mat,2026-09-04 15:00:00,Vendredi,15:00,Laetitia johan,Mat,8,8,0,0.0,False
2026-07-22 08:11:48,137681338,Sculpt 🤎 Reformer,2026-09-04 16:00:00,Vendredi,16:00,Nathalie Hamm,Reformer,8,8,0,0.0,False
2026-07-22 08:11:48,137681438,Flow Trio 🤎 Reformer,2026-09-04 17:00:00,Vendredi,17:00,Nathalie Hamm,Reformer,8,8,0,0.0,False
2026-07-22 08:11:48,137681490,Fondation 1 🤎 Reformer,2026-09-04 18:00:00,Vendredi,18:00,Nathalie Hamm,Reformer,8,8,0,0.0,False
2026-07-22 08:11:48,137682647,Fondation 2 🤎 Reformer,2026-09-05 09:00:00,Samedi,09:00,JEAN DUTARTRE,Reformer,8,8,0,0.0,False
2026-07-22 08:11:48,137682664,Core & Tone 🤎 Reformer,2026-09-05 10:00:00,Samedi,10:00,JEAN DUTARTRE,Reformer,8,8,0,0.0,False
2026-07-22 08:11:48,137682722,Dynamic Fit 🤎 Reformer,2026-09-05 11:00:00,Samedi,11:00,JEAN DUTARTRE,Reformer,8,8,0,0.0,False
2026-07-22 08:11:48,137682797,Flow Trio 🤎 Reformer,2026-09-05 12:00:00,Samedi,12:00,JEAN DUTARTRE,Reformer,8,8,0,0.0,False
2026-07-22 08:11:48,137682853,Fondation 2 🤎 Reformer,2026-09-06 09:00:00,Dimanche,09:00,JEAN DUTARTRE,Reformer,8,8,0,0.0,False
2026-07-22 08:11:48,137683015,Fondation 2 🤎 Reformer,2026-09-06 10:00:00,Dimanche,10:00,JEAN DUTARTRE,Reformer,8,8,0,0.0,False
2026-07-22 08:11:48,137683065,Dynamic Fit 🤎 Reformer,2026-09-06 11:00:00,Dimanche,11:00,JEAN DUTARTRE,Reformer,8,8,0,0.0,False
2026-07-22 08:11:48,137682952,Core & Tone 🤎 Reformer,2026-09-06 12:00:00,Dimanche,12:00,JEAN DUTARTRE,Reformer,8,8,0,0.0,False
2026-07-22 08:11:48,138838684,Fondation 1 ⭐️ Pilates Mat,2026-09-07 10:00:00,Lundi,10:00,Dani Johnson,Mat,8,8,0,0.0,False
2026-07-22 08:11:48,138839967,Fondation 1 ⭐️ Pilates Mat,2026-09-07 12:15:00,Lundi,12:15,JEAN DUTARTRE,Mat,8,8,0,0.0,False
2026-07-22 08:11:48,138840025,Core & Tone ⭐️ Pilates Mat ,2026-09-07 13:15:00,Lundi,13:15,JEAN DUTARTRE,Mat,8,8,0,0.0,False
2026-07-22 08:11:48,138840098,Dynamic Fit ⭐️ Pilates Mat,2026-09-08 12:15:00,Mardi,12:15,JEAN DUTARTRE,Mat,8,8,0,0.0,False
2026-07-22 08:11:48,138840168,Fondation 2 ⭐️ Pilates Mat ,2026-09-08 13:15:00,Mardi,13:15,JEAN DUTARTRE,Mat,8,8,0,0.0,False
2026-07-22 08:11:48,138403550,Core & Tone ⭐️ Pilates Mat ,2026-09-09 16:00:00,Mercredi,16:00,Aveline Caminade,Mat,8,8,0,0.0,False
2026-07-22 08:11:48,138403609,Dynamic Fit ⭐️ Pilates Mat,2026-09-09 17:00:00,Mercredi,17:00,Aveline Caminade,Mat,8,8,0,0.0,False
2026-07-22 08:11:48,138403694,Sculpt ⭐️ Pilates Mat ,2026-09-09 18:00:00,Mercredi,18:00,Aveline Caminade,Mat,8,8,0,0.0,False
2026-07-22 08:11:48,138838699,Fondation 1 ⭐️ Pilates Mat,2026-09-14 10:00:00,Lundi,10:00,Dani Johnson,Mat,8,8,0,0.0,False
2026-07-22 08:11:48,138839968,Fondation 1 ⭐️ Pilates Mat,2026-09-14 12:15:00,Lundi,12:15,JEAN DUTARTRE,Mat,8,8,0,0.0,False
2026-07-22 08:11:48,138840026,Core & Tone ⭐️ Pilates Mat ,2026-09-14 13:15:00,Lundi,13:15,JEAN DUTARTRE,Mat,8,8,0,0.0,False
2026-07-22 08:11:48,138840097,Dynamic Fit ⭐️ Pilates Mat,2026-09-15 12:15:00,Mardi,12:15,JEAN DUTARTRE,Mat,8,8,0,0.0,False
2026-07-22 08:11:48,138840171,Fondation 2 ⭐️ Pilates Mat ,2026-09-15 13:15:00,Mardi,13:15,JEAN DUTARTRE,Mat,8,8,0,0.0,False
2026-07-22 08:11:48,138403554,Core & Tone ⭐️ Pilates Mat ,2026-09-16 16:00:00,Mercredi,16:00,Aveline Caminade,Mat,8,8,0,0.0,False
2026-07-22 08:11:48,138403607,Dynamic Fit ⭐️ Pilates Mat,2026-09-16 17:00:00,Mercredi,17:00,Aveline Caminade,Mat,8,8,0,0.0,False
2026-07-22 08:11:48,138403668,Sculpt ⭐️ Pilates Mat ,2026-09-16 18:00:00,Mercredi,18:00,Aveline Caminade,Mat,8,8,0,0.0,False
2026-07-22 08:11:48,138838688,Fondation 1 ⭐️ Pilates Mat,2026-09-21 10:00:00,Lundi,10:00,Dani Johnson,Mat,8,8,0,0.0,False
2026-07-23 08:15:23,138953961,Fondation 2 🤎 Reformer,2026-07-27 07:00:00,Lundi,07:00,Nathalie Hamm,Reformer,5,4,1,20.0,False
2026-07-23 08:15:23,138954014,Sculpt 🤎 Reformer,2026-07-27 08:00:00,Lundi,08:00,Nathalie Hamm,Reformer,5,5,0,0.0,False
2026-07-23 08:15:23,138954015,Dynamic Fit 🤎 Reformer,2026-07-27 09:00:00,Lundi,09:00,Nathalie Hamm,Reformer,5,5,0,0.0,False
2026-07-23 08:15:23,138954077,Core & Tone 🤎 Reformer,2026-07-27 11:00:00,Lundi,11:00,Nathalie Hamm,Reformer,5,5,0,0.0,False
2026-07-23 08:15:23,138954079,Fondation 2 🤎 Reformer,2026-07-27 12:15:00,Lundi,12:15,Nathalie Hamm,Reformer,5,5,0,0.0,False
2026-07-23 08:15:23,138954080,Dynamic Fit 🤎 Reformer,2026-07-27 13:15:00,Lundi,13:15,Nathalie Hamm,Reformer,5,5,0,0.0,False
2026-07-23 08:15:23,138954081,Soft & Stretch 🤎 Reformer,2026-07-27 14:30:00,Lundi,14:30,Nathalie Hamm,Reformer,5,5,0,0.0,False
2026-07-23 08:15:23,138954082,Fondation 2 🤎 Reformer,2026-07-27 17:00:00,Lundi,17:00,Eva Bernard,Reformer,5,4,1,20.0,False
2026-07-23 08:15:23,138954092,Fondation 1 🤎 Reformer,2026-07-27 18:00:00,Lundi,18:00,Eva Bernard,Reformer,5,4,1,20.0,False
2026-07-23 08:15:23,138954129,Core & Tone 🤎 Reformer,2026-07-27 19:00:00,Lundi,19:00,Eva Bernard,Reformer,5,5,0,0.0,False
2026-07-23 08:15:23,138954130,Sculpt 🤎 Reformer,2026-07-27 20:00:00,Lundi,20:00,Eva Bernard,Reformer,5,4,1,20.0,False
2026-07-23 08:15:23,138954131,Fondation 2 🤎 Reformer,2026-07-28 07:00:00,Mardi,07:00,Nathalie Hamm,Reformer,5,5,0,0.0,False
2026-07-23 08:15:23,138954132,Core & Tone 🤎 Reformer,2026-07-28 08:00:00,Mardi,08:00,Nathalie Hamm,Reformer,5,5,0,0.0,False
2026-07-23 08:15:23,138954133,Dynamic Fit 🤎 Reformer,2026-07-28 09:00:00,Mardi,09:00,Nathalie Hamm,Reformer,5,4,1,20.0,False
2026-07-23 08:15:23,138954134,Sculpt 🤎 Reformer,2026-07-28 10:00:00,Mardi,10:00,Nathalie Hamm,Reformer,5,5,0,0.0,False
2026-07-23 08:15:23,138954136,Fondation 2 🤎 Reformer,2026-07-28 12:15:00,Mardi,12:15,Léa Aveline,Reformer,5,5,0,0.0,False
2026-07-23 08:15:23,138954138,Dynamic Fit 🤎 Reformer,2026-07-28 13:15:00,Mardi,13:15,Léa Aveline,Reformer,5,5,0,0.0,False
2026-07-23 08:15:23,138954196,Soft & Stretch 🤎 Reformer,2026-07-28 14:30:00,Mardi,14:30,Léa Aveline,Reformer,5,5,0,0.0,False
2026-07-23 08:15:23,138954198,Core & Tone 🤎 Reformer,2026-07-28 16:00:00,Mardi,16:00,Léa Aveline,Reformer,5,5,0,0.0,False
2026-07-23 08:15:23,138954200,Fondation 2 🤎 Reformer,2026-07-28 17:00:00,Mardi,17:00,Léa Aveline,Reformer,5,5,0,0.0,False
2026-07-23 08:15:23,138954201,Flow Trio 🤎 Reformer,2026-07-28 18:00:00,Mardi,18:00,Léa Aveline,Reformer,5,5,0,0.0,False
2026-07-23 08:15:23,138954203,Sculpt 🤎 Reformer,2026-07-28 19:00:00,Mardi,19:00,Léa Aveline,Reformer,5,5,0,0.0,False
2026-07-23 08:15:23,138954204,Sculpt 🤎 Reformer,2026-07-29 07:00:00,Mercredi,07:00,Nathalie Hamm,Reformer,5,5,0,0.0,False
2026-07-23 08:15:23,138954205,Core & Tone 🤎 Reformer,2026-07-29 08:00:00,Mercredi,08:00,Nathalie Hamm,Reformer,5,5,0,0.0,False
2026-07-23 08:15:23,138954206,Fondation 2 🤎 Reformer,2026-07-29 09:00:00,Mercredi,09:00,Nathalie Hamm,Reformer,5,5,0,0.0,False
2026-07-23 08:15:23,138954207,Soft & Stretch 🤎 Reformer,2026-07-29 11:00:00,Mercredi,11:00,Nathalie Hamm,Reformer,5,5,0,0.0,False
2026-07-23 08:15:23,138954210,Fondation 2 🤎 Reformer,2026-07-29 12:15:00,Mercredi,12:15,Nathalie Hamm,Reformer,5,4,1,20.0,False
2026-07-23 08:15:23,138954209,Sculpt ⭐️ Pilates Mat ,2026-07-29 12:15:00,Mercredi,12:15,Léa Aveline,Mat,8,8,0,0.0,False
2026-07-23 08:15:23,138954214,Flow Trio 🤎 Reformer,2026-07-29 13:15:00,Mercredi,13:15,Nathalie Hamm,Reformer,5,5,0,0.0,False
2026-07-23 08:15:23,138954211,Soft & Stretch ⭐️ Pilates Mat,2026-07-29 13:15:00,Mercredi,13:15,Léa Aveline,Mat,8,8,0,0.0,False
2026-07-23 08:15:23,138954226,Dynamic Fit 🤎 Reformer,2026-07-29 14:30:00,Mercredi,14:30,Nathalie Hamm,Reformer,5,5,0,0.0,False
2026-07-23 08:15:23,138954218,Sculpt ⭐️ Pilates Mat ,2026-07-29 14:30:00,Mercredi,14:30,Léa Aveline,Mat,8,8,0,0.0,False
2026-07-23 08:15:23,138954227,Sculpt 🤎 Reformer,2026-07-29 17:00:00,Mercredi,17:00,Léa Aveline,Reformer,5,5,0,0.0,False
2026-07-23 08:15:23,138954228,Fondation 2 🤎 Reformer,2026-07-29 18:00:00,Mercredi,18:00,Léa Aveline,Reformer,5,5,0,0.0,False
2026-07-23 08:15:23,138954230,Core & Tone 🤎 Reformer,2026-07-29 19:00:00,Mercredi,19:00,Léa Aveline,Reformer,5,5,0,0.0,False
2026-07-23 08:15:23,138954232,Fondation 1 🤎 Reformer,2026-07-29 20:00:00,Mercredi,20:00,Léa Aveline,Reformer,5,5,0,0.0,False
2026-07-23 08:15:23,138954249,Fondation 2 🤎 Reformer,2026-07-30 09:15:00,Jeudi,09:15,Eva Bernard,Reformer,5,5,0,0.0,False
2026-07-23 08:15:23,138954254,Core & Tone 🤎 Reformer,2026-07-30 10:15:00,Jeudi,10:15,Eva Bernard,Reformer,5,5,0,0.0,False
2026-07-23 08:15:23,138954317,Soft & Stretch 🤎 Reformer,2026-07-30 11:15:00,Jeudi,11:15,Eva Bernard,Reformer,5,5,0,0.0,False
2026-07-23 08:15:23,138956170,Fondation 1 🤎 Reformer,2026-07-30 12:15:00,Jeudi,12:15,Eva Bernard,Reformer,5,5,0,0.0,False
2026-07-23 08:15:23,138956168,Flow Trio ⭐️ Pilates Mat,2026-07-30 12:15:00,Jeudi,12:15,Aveline Caminade,Mat,8,8,0,0.0,False
2026-07-23 08:15:23,138956223,Dynamic Fit ⭐️ Pilates Mat,2026-07-30 13:15:00,Jeudi,13:15,Aveline Caminade,Mat,8,8,0,0.0,False
2026-07-23 08:15:23,138956226,Dynamic Fit 🤎 Reformer,2026-07-30 13:30:00,Jeudi,13:30,Eva Bernard,Reformer,5,5,0,0.0,False
2026-07-23 08:15:23,138956227,Fondation 2 ⭐️ Pilates Mat ,2026-07-30 14:30:00,Jeudi,14:30,Aveline Caminade,Mat,8,8,0,0.0,False
2026-07-23 08:15:23,138956254,Fondation 1 ⭐️ Pilates Mat,2026-07-30 15:30:00,Jeudi,15:30,Aveline Caminade,Mat,8,8,0,0.0,False
2026-07-23 08:15:23,138956308,Sculpt 🤎 Reformer,2026-07-30 17:00:00,Jeudi,17:00,Justin Robert,Reformer,5,5,0,0.0,False
2026-07-23 08:15:23,138956310,Dynamic Fit 🤎 Reformer,2026-07-30 18:00:00,Jeudi,18:00,Justin Robert,Reformer,5,5,0,0.0,False
2026-07-23 08:15:23,138956313,Fondation 1 🤎 Reformer,2026-07-30 19:00:00,Jeudi,19:00,Justin Robert,Reformer,5,5,0,0.0,False
2026-07-23 08:15:23,138956316,Soft & Stretch 🤎 Reformer,2026-07-30 20:00:00,Jeudi,20:00,Justin Robert,Reformer,5,5,0,0.0,False
2026-07-23 08:15:23,138956322,Fondation 2 🤎 Reformer,2026-07-31 08:00:00,Vendredi,08:00,Léa Aveline,Reformer,5,5,0,0.0,False
2026-07-23 08:15:23,138957168,Fondation 1 🤎 Reformer,2026-07-31 09:00:00,Vendredi,09:00,Léa Aveline,Reformer,5,5,0,0.0,False
2026-07-23 08:15:23,138957169,Core & Tone 🤎 Reformer,2026-07-31 10:00:00,Vendredi,10:00,Léa Aveline,Reformer,5,5,0,0.0,False
2026-07-23 08:15:23,138957174,Core & Tone 🤎 Reformer,2026-07-31 12:15:00,Vendredi,12:15,Léa Aveline,Reformer,5,5,0,0.0,False
2026-07-23 08:15:23,138957175,Fondation 2 🤎 Reformer,2026-07-31 13:15:00,Vendredi,13:15,Léa Aveline,Reformer,5,5,0,0.0,False
2026-07-23 08:15:23,138957176,Fondation 2 🤎 Reformer,2026-07-31 15:00:00,Vendredi,15:00,Nathalie Hamm,Reformer,5,4,1,20.0,False
2026-07-23 08:15:23,138957177,Sculpt 🤎 Reformer,2026-07-31 16:00:00,Vendredi,16:00,Nathalie Hamm,Reformer,5,5,0,0.0,False
2026-07-23 08:15:23,138957190,Flow Trio 🤎 Reformer,2026-07-31 17:00:00,Vendredi,17:00,Nathalie Hamm,Reformer,5,5,0,0.0,False
2026-07-23 08:15:23,138957195,Fondation 1 🤎 Reformer,2026-07-31 18:00:00,Vendredi,18:00,Nathalie Hamm,Reformer,5,5,0,0.0,False
2026-07-23 08:15:23,138957198,Fondation 1 🤎 Reformer,2026-08-01 09:00:00,Samedi,09:00,Léa Aveline,Reformer,5,5,0,0.0,False
2026-07-23 08:15:23,138957265,Sculpt 🤎 Reformer,2026-08-01 10:00:00,Samedi,10:00,Léa Aveline,Reformer,5,5,0,0.0,False
2026-07-23 08:15:23,138957280,Core & Tone 🤎 Reformer,2026-08-01 11:00:00,Samedi,11:00,Léa Aveline,Reformer,5,5,0,0.0,False
2026-07-23 08:15:23,138957373,Fondation 2 🤎 Reformer,2026-08-01 12:00:00,Samedi,12:00,Léa Aveline,Reformer,5,5,0,0.0,False
2026-07-23 08:15:23,137617870,Fondation 2 🤎 Reformer,2026-08-03 07:00:00,Lundi,07:00,Aveline Caminade,Reformer,5,4,1,20.0,False
2026-07-23 08:15:23,137618003,Sculpt 🤎 Reformer,2026-08-03 08:00:00,Lundi,08:00,Aveline Caminade,Reformer,5,5,0,0.0,False
2026-07-23 08:15:23,137618256,Dynamic Fit 🤎 Reformer,2026-08-03 09:00:00,Lundi,09:00,Aveline Caminade,Reformer,5,2,3,60.0,False
2026-07-23 08:15:23,137618704,Fondation 2 🤎 Reformer,2026-08-03 17:00:00,Lundi,17:00,Eva Bernard,Reformer,5,5,0,0.0,False
2026-07-23 08:15:23,137618807,Sculpt 🤎 Reformer,2026-08-03 18:00:00,Lundi,18:00,Eva Bernard,Reformer,5,5,0,0.0,False
2026-07-23 08:15:23,137619206,Core & Tone 🤎 Reformer,2026-08-03 19:00:00,Lundi,19:00,Eva Bernard,Reformer,5,5,0,0.0,False
2026-07-23 08:15:23,137619698,Sculpt 🤎 Reformer,2026-08-03 20:00:00,Lundi,20:00,Eva Bernard,Reformer,5,5,0,0.0,False
2026-07-23 08:15:23,138961684,Core & Tone ⭐️ Pilates Mat ,2026-08-04 08:00:00,Mardi,08:00,Dani Johnson,Mat,8,8,0,0.0,False
2026-07-23 08:15:23,138961695,Soft & Stretch ⭐️ Pilates Mat,2026-08-04 09:00:00,Mardi,09:00,Dani Johnson,Mat,8,8,0,0.0,False
2026-07-23 08:15:23,138961733,Dynamic Fit ⭐️ Pilates Mat,2026-08-04 10:00:00,Mardi,10:00,Dani Johnson,Mat,8,8,0,0.0,False
2026-07-23 08:15:23,137620205,Fondation 2 🤎 Reformer,2026-08-04 12:15:00,Mardi,12:15,Léa Aveline,Reformer,5,5,0,0.0,False
2026-07-23 08:15:23,137620363,Dynamic Fit 🤎 Reformer,2026-08-04 13:15:00,Mardi,13:15,Léa Aveline,Reformer,5,5,0,0.0,False
2026-07-23 08:15:23,137620311,Soft & Stretch 🤎 Reformer,2026-08-04 14:30:00,Mardi,14:30,Léa Aveline,Reformer,5,5,0,0.0,False
2026-07-23 08:15:23,137620422,Core & Tone 🤎 Reformer,2026-08-04 16:00:00,Mardi,16:00,Léa Aveline,Reformer,5,5,0,0.0,False
2026-07-23 08:15:23,137620475,Fondation 2 🤎 Reformer,2026-08-04 17:00:00,Mardi,17:00,Léa Aveline,Reformer,5,5,0,0.0,False
2026-07-23 08:15:23,137620529,Flow Trio 🤎 Reformer,2026-08-04 18:00:00,Mardi,18:00,Léa Aveline,Reformer,5,5,0,0.0,False
2026-07-23 08:15:23,137620585,Sculpt 🤎 Reformer,2026-08-04 19:00:00,Mardi,19:00,Léa Aveline,Reformer,5,5,0,0.0,False
2026-07-23 08:15:23,137684442,Sculpt ⭐️ Pilates Mat ,2026-08-05 12:15:00,Mercredi,12:15,Léa Aveline,Mat,8,8,0,0.0,False
2026-07-23 08:15:23,137679563,Fondation 2 🤎 Reformer,2026-08-05 12:15:00,Mercredi,12:15,Sabine  Forêt ,Reformer,5,5,0,0.0,False
2026-07-23 08:15:23,137684513,Soft & Stretch ⭐️ Pilates Mat,2026-08-05 13:15:00,Mercredi,13:15,Léa Aveline,Mat,8,8,0,0.0,False
2026-07-23 08:15:23,137679716,Flow Trio 🤎 Reformer,2026-08-05 13:15:00,Mercredi,13:15,Sabine  Forêt ,Reformer,5,5,0,0.0,False
2026-07-23 08:15:23,137684669,Sculpt ⭐️ Pilates Mat ,2026-08-05 14:30:00,Mercredi,14:30,Léa Aveline,Mat,8,8,0,0.0,False
2026-07-23 08:15:23,137680222,Dynamic Fit 🤎 Reformer,2026-08-05 14:30:00,Mercredi,14:30,Sabine  Forêt ,Reformer,5,5,0,0.0,False
2026-07-23 08:15:23,137680337,Sculpt 🤎 Reformer,2026-08-05 17:00:00,Mercredi,17:00,Léa Aveline,Reformer,5,5,0,0.0,False
2026-07-23 08:15:23,137680394,Fondation 2 🤎 Reformer,2026-08-05 18:00:00,Mercredi,18:00,Léa Aveline,Reformer,5,5,0,0.0,False
2026-07-23 08:15:23,137680446,Core & Tone 🤎 Reformer,2026-08-05 19:00:00,Mercredi,19:00,Léa Aveline,Reformer,5,5,0,0.0,False
2026-07-23 08:15:23,137680502,Fondation 1 🤎 Reformer,2026-08-05 20:00:00,Mercredi,20:00,Léa Aveline,Reformer,5,5,0,0.0,False
2026-07-23 08:15:23,137680561,Fondation 2 🤎 Reformer,2026-08-06 09:15:00,Jeudi,09:15,Eva Bernard,Reformer,5,2,3,60.0,False
2026-07-23 08:15:23,137680725,Core & Tone 🤎 Reformer,2026-08-06 10:15:00,Jeudi,10:15,Eva Bernard,Reformer,5,5,0,0.0,False
2026-07-23 08:15:23,137680670,Soft & Stretch 🤎 Reformer,2026-08-06 11:15:00,Jeudi,11:15,Eva Bernard,Reformer,5,5,0,0.0,False
2026-07-23 08:15:23,137680786,Fondation 1 🤎 Reformer,2026-08-06 12:15:00,Jeudi,12:15,Eva Bernard,Reformer,5,5,0,0.0,False
2026-07-23 08:15:23,138403741,Flow Trio ⭐️ Pilates Mat,2026-08-06 12:15:00,Jeudi,12:15,Aveline Caminade,Mat,8,8,0,0.0,False
2026-07-23 08:15:23,138403747,Dynamic Fit ⭐️ Pilates Mat,2026-08-06 13:15:00,Jeudi,13:15,Aveline Caminade,Mat,8,8,0,0.0,False
2026-07-23 08:15:23,137680848,Dynamic Fit 🤎 Reformer,2026-08-06 13:30:00,Jeudi,13:30,Eva Bernard,Reformer,5,5,0,0.0,False
2026-07-23 08:15:23,138403755,Fondation 2 ⭐️ Pilates Mat ,2026-08-06 14:30:00,Jeudi,14:30,Aveline Caminade,Mat,8,8,0,0.0,False
2026-07-23 08:15:23,138403826,Fondation 1 ⭐️ Pilates Mat,2026-08-06 15:30:00,Jeudi,15:30,Aveline Caminade,Mat,8,8,0,0.0,False
2026-07-23 08:15:23,137680952,Sculpt 🤎 Reformer,2026-08-06 17:00:00,Jeudi,17:00,Justin Robert,Reformer,5,5,0,0.0,False
2026-07-23 08:15:23,137681008,Dynamic Fit 🤎 Reformer,2026-08-06 18:00:00,Jeudi,18:00,Justin Robert,Reformer,5,5,0,0.0,False
2026-07-23 08:15:23,137681164,Fondation 1 🤎 Reformer,2026-08-06 19:00:00,Jeudi,19:00,Justin Robert,Reformer,5,5,0,0.0,False
2026-07-23 08:15:23,137681215,Soft & Stretch 🤎 Reformer,2026-08-06 20:00:00,Jeudi,20:00,Justin Robert,Reformer,5,5,0,0.0,False
2026-07-23 08:15:23,137681575,Fondation 2 🤎 Reformer,2026-08-07 08:00:00,Vendredi,08:00,Léa Aveline,Reformer,5,5,0,0.0,False
2026-07-23 08:15:23,137681626,Fondation 1 🤎 Reformer,2026-08-07 09:00:00,Vendredi,09:00,Léa Aveline,Reformer,5,5,0,0.0,False
2026-07-23 08:15:23,137681679,Core & Tone 🤎 Reformer,2026-08-07 10:00:00,Vendredi,10:00,Léa Aveline,Reformer,5,2,3,60.0,False
2026-07-23 08:15:23,137681745,Core & Tone 🤎 Reformer,2026-08-07 12:15:00,Vendredi,12:15,Léa Aveline,Reformer,5,5,0,0.0,False
2026-07-23 08:15:23,137681801,Fondation 2 🤎 Reformer,2026-08-07 13:15:00,Vendredi,13:15,Léa Aveline,Reformer,5,5,0,0.0,False
2026-07-23 08:15:23,137681278,Fondation 2 🤎 Reformer,2026-08-07 15:00:00,Vendredi,15:00,Eva Bernard,Reformer,5,5,0,0.0,False
2026-07-23 08:15:23,137681325,Sculpt 🤎 Reformer,2026-08-07 16:00:00,Vendredi,16:00,Eva Bernard,Reformer,5,5,0,0.0,False
2026-07-23 08:15:23,137681432,Flow Trio 🤎 Reformer,2026-08-07 17:00:00,Vendredi,17:00,Eva Bernard,Reformer,5,5,0,0.0,False
2026-07-23 08:15:23,137681487,Fondation 1 🤎 Reformer,2026-08-07 18:00:00,Vendredi,18:00,Eva Bernard,Reformer,5,5,0,0.0,False
2026-07-23 08:15:23,137682623,Fondation 2 🤎 Reformer,2026-08-08 09:00:00,Samedi,09:00,Eva Bernard,Reformer,5,5,0,0.0,False
2026-07-23 08:15:23,137682663,Core & Tone 🤎 Reformer,2026-08-08 10:00:00,Samedi,10:00,Eva Bernard,Reformer,5,5,0,0.0,False
2026-07-23 08:15:23,137682719,Dynamic Fit 🤎 Reformer,2026-08-08 11:00:00,Samedi,11:00,Eva Bernard,Reformer,5,5,0,0.0,False
2026-07-23 08:15:23,137682794,Flow Trio 🤎 Reformer,2026-08-08 12:00:00,Samedi,12:00,Eva Bernard,Reformer,5,5,0,0.0,False
2026-07-23 08:15:23,137682839,Fondation 2 🤎 Reformer,2026-08-09 09:00:00,Dimanche,09:00,Eva Bernard,Reformer,5,5,0,0.0,False
2026-07-23 08:15:23,137683010,Fondation 2 🤎 Reformer,2026-08-09 10:00:00,Dimanche,10:00,Eva Bernard,Reformer,5,5,0,0.0,False
2026-07-23 08:15:23,137683066,Dynamic Fit 🤎 Reformer,2026-08-09 11:00:00,Dimanche,11:00,Eva Bernard,Reformer,5,5,0,0.0,False
2026-07-23 08:15:23,137682949,Core & Tone 🤎 Reformer,2026-08-09 12:00:00,Dimanche,12:00,Eva Bernard,Reformer,5,5,0,0.0,False
2026-07-23 08:15:23,137617871,Fondation 2 🤎 Reformer,2026-08-10 07:00:00,Lundi,07:00,Aveline Caminade,Reformer,8,8,0,0.0,False
2026-07-23 08:15:23,137618004,Sculpt 🤎 Reformer,2026-08-10 08:00:00,Lundi,08:00,Aveline Caminade,Reformer,8,8,0,0.0,False
2026-07-23 08:15:23,138838572,Fondation 2 ⭐️ Pilates Mat ,2026-08-10 08:00:00,Lundi,08:00,Dani Johnson,Mat,8,8,0,0.0,False
2026-07-23 08:15:23,137618258,Dynamic Fit 🤎 Reformer,2026-08-10 09:00:00,Lundi,09:00,Aveline Caminade,Reformer,8,8,0,0.0,False
2026-07-23 08:15:23,138838626,Dynamic Fit ⭐️ Pilates Mat,2026-08-10 09:00:00,Lundi,09:00,Dani Johnson,Mat,8,8,0,0.0,False
2026-07-23 08:15:23,138838686,Fondation 1 ⭐️ Pilates Mat,2026-08-10 10:00:00,Lundi,10:00,Dani Johnson,Mat,8,8,0,0.0,False
2026-07-23 08:15:23,137618590,Soft & Stretch 🤎 Reformer,2026-08-10 14:30:00,Lundi,14:30,Aveline Caminade,Reformer,8,8,0,0.0,False
2026-07-23 08:15:23,137618705,Fondation 2 🤎 Reformer,2026-08-10 17:00:00,Lundi,17:00,Eva Bernard,Reformer,8,8,0,0.0,False
2026-07-23 08:15:23,137618809,Sculpt 🤎 Reformer,2026-08-10 18:00:00,Lundi,18:00,Eva Bernard,Reformer,8,8,0,0.0,False
2026-07-23 08:15:23,137619312,Core & Tone 🤎 Reformer,2026-08-10 19:00:00,Lundi,19:00,Eva Bernard,Reformer,8,8,0,0.0,False
2026-07-23 08:15:23,137619699,Sculpt 🤎 Reformer,2026-08-10 20:00:00,Lundi,20:00,Eva Bernard,Reformer,8,8,0,0.0,False
2026-07-23 08:15:23,138838750,Flow Trio ⭐️ Pilates Mat,2026-08-11 08:00:00,Mardi,08:00,Dani Johnson,Mat,8,8,0,0.0,False
2026-07-23 08:15:23,138839507,Fondation 2 ⭐️ Pilates Mat ,2026-08-11 09:00:00,Mardi,09:00,Dani Johnson,Mat,8,8,0,0.0,False
2026-07-23 08:15:23,138839555,Core & Tone ⭐️ Pilates Mat ,2026-08-11 10:00:00,Mardi,10:00,Dani Johnson,Mat,8,8,0,0.0,False
2026-07-23 08:15:23,137620207,Fondation 2 🤎 Reformer,2026-08-11 12:15:00,Mardi,12:15,Léa Aveline,Reformer,8,8,0,0.0,False
2026-07-23 08:15:23,137620364,Dynamic Fit 🤎 Reformer,2026-08-11 13:15:00,Mardi,13:15,Léa Aveline,Reformer,8,8,0,0.0,False
2026-07-23 08:15:23,137620312,Soft & Stretch 🤎 Reformer,2026-08-11 14:30:00,Mardi,14:30,Léa Aveline,Reformer,8,8,0,0.0,False
2026-07-23 08:15:23,137620423,Core & Tone 🤎 Reformer,2026-08-11 16:00:00,Mardi,16:00,Léa Aveline,Reformer,8,8,0,0.0,False
2026-07-23 08:15:23,137620480,Fondation 2 🤎 Reformer,2026-08-11 17:00:00,Mardi,17:00,Léa Aveline,Reformer,8,8,0,0.0,False
2026-07-23 08:15:23,137620542,Flow Trio 🤎 Reformer,2026-08-11 18:00:00,Mardi,18:00,Léa Aveline,Reformer,8,8,0,0.0,False
2026-07-23 08:15:23,137620584,Sculpt 🤎 Reformer,2026-08-11 19:00:00,Mardi,19:00,Léa Aveline,Reformer,8,8,0,0.0,False
2026-07-23 08:15:23,137683519,Fondation 2 ⭐️ Pilates Mat ,2026-08-12 08:00:00,Mercredi,08:00,Laetitia johan,Mat,8,7,1,12.5,False
2026-07-23 08:15:23,137679432,Fondation 2 🤎 Reformer,2026-08-12 09:00:00,Mercredi,09:00,Eva Bernard,Reformer,8,8,0,0.0,False
2026-07-23 08:15:23,137683574,Core & Tone ⭐️ Pilates Mat ,2026-08-12 09:00:00,Mercredi,09:00,Laetitia johan,Mat,8,8,0,0.0,False
2026-07-23 08:15:23,137679508,Soft & Stretch 🤎 Reformer,2026-08-12 11:00:00,Mercredi,11:00,Eva Bernard,Reformer,8,2,6,75.0,False
2026-07-23 08:15:23,137684447,Sculpt ⭐️ Pilates Mat ,2026-08-12 12:15:00,Mercredi,12:15,Léa Aveline,Mat,8,8,0,0.0,False
2026-07-23 08:15:23,137679562,Fondation 2 🤎 Reformer,2026-08-12 12:15:00,Mercredi,12:15,Eva Bernard,Reformer,8,8,0,0.0,False
2026-07-23 08:15:23,137684519,Soft & Stretch ⭐️ Pilates Mat,2026-08-12 13:15:00,Mercredi,13:15,Léa Aveline,Mat,8,8,0,0.0,False
2026-07-23 08:15:23,137679709,Flow Trio 🤎 Reformer,2026-08-12 13:15:00,Mercredi,13:15,Eva Bernard,Reformer,8,8,0,0.0,False
2026-07-23 08:15:23,137684671,Sculpt ⭐️ Pilates Mat ,2026-08-12 14:30:00,Mercredi,14:30,Léa Aveline,Mat,8,8,0,0.0,False
2026-07-23 08:15:23,137680338,Sculpt 🤎 Reformer,2026-08-12 17:00:00,Mercredi,17:00,Léa Aveline,Reformer,8,8,0,0.0,False
2026-07-23 08:15:23,137680393,Fondation 2 🤎 Reformer,2026-08-12 18:00:00,Mercredi,18:00,Léa Aveline,Reformer,8,8,0,0.0,False
2026-07-23 08:15:23,137680453,Core & Tone 🤎 Reformer,2026-08-12 19:00:00,Mercredi,19:00,Léa Aveline,Reformer,8,8,0,0.0,False
2026-07-23 08:15:23,137680505,Fondation 1 🤎 Reformer,2026-08-12 20:00:00,Mercredi,20:00,Léa Aveline,Reformer,8,8,0,0.0,False
2026-07-23 08:15:23,137680562,Fondation 2 🤎 Reformer,2026-08-13 09:15:00,Jeudi,09:15,Eva Bernard,Reformer,8,8,0,0.0,False
2026-07-23 08:15:23,137680726,Core & Tone 🤎 Reformer,2026-08-13 10:15:00,Jeudi,10:15,Eva Bernard,Reformer,8,8,0,0.0,False
2026-07-23 08:15:23,137680671,Soft & Stretch 🤎 Reformer,2026-08-13 11:15:00,Jeudi,11:15,Eva Bernard,Reformer,8,8,0,0.0,False
2026-07-23 08:15:23,137680787,Fondation 1 🤎 Reformer,2026-08-13 12:15:00,Jeudi,12:15,Eva Bernard,Reformer,8,8,0,0.0,False
2026-07-23 08:15:23,138403743,Flow Trio ⭐️ Pilates Mat,2026-08-13 12:15:00,Jeudi,12:15,Aveline Caminade,Mat,8,8,0,0.0,False
2026-07-23 08:15:23,138403746,Dynamic Fit ⭐️ Pilates Mat,2026-08-13 13:15:00,Jeudi,13:15,Aveline Caminade,Mat,8,8,0,0.0,False
2026-07-23 08:15:23,137680844,Dynamic Fit 🤎 Reformer,2026-08-13 13:30:00,Jeudi,13:30,Eva Bernard,Reformer,8,8,0,0.0,False
2026-07-23 08:15:23,138403754,Fondation 2 ⭐️ Pilates Mat ,2026-08-13 14:30:00,Jeudi,14:30,Aveline Caminade,Mat,8,8,0,0.0,False
2026-07-23 08:15:23,138403825,Fondation 1 ⭐️ Pilates Mat,2026-08-13 15:30:00,Jeudi,15:30,Aveline Caminade,Mat,8,8,0,0.0,False
2026-07-23 08:15:23,137681573,Fondation 2 🤎 Reformer,2026-08-14 08:00:00,Vendredi,08:00,Léa Aveline,Reformer,8,8,0,0.0,False
2026-07-23 08:15:23,138839628,Soft & Stretch ⭐️ Pilates Mat,2026-08-14 08:00:00,Vendredi,08:00,Dani Johnson,Mat,8,8,0,0.0,False
2026-07-23 08:15:23,137681629,Fondation 1 🤎 Reformer,2026-08-14 09:00:00,Vendredi,09:00,Léa Aveline,Reformer,8,8,0,0.0,False
2026-07-23 08:15:23,138839753,Dynamic Fit ⭐️ Pilates Mat,2026-08-14 09:00:00,Vendredi,09:00,Dani Johnson,Mat,8,8,0,0.0,False
2026-07-23 08:15:23,137681680,Core & Tone 🤎 Reformer,2026-08-14 10:00:00,Vendredi,10:00,Léa Aveline,Reformer,8,8,0,0.0,False
2026-07-23 08:15:23,138839680,Fondation 1 ⭐️ Pilates Mat,2026-08-14 10:00:00,Vendredi,10:00,Dani Johnson,Mat,8,8,0,0.0,False
2026-07-23 08:15:23,138839836,Fondation 1 ⭐️ Pilates Mat,2026-08-14 11:00:00,Vendredi,11:00,Dani Johnson,Mat,8,8,0,0.0,False
2026-07-23 08:15:23,137681744,Core & Tone 🤎 Reformer,2026-08-14 12:15:00,Vendredi,12:15,Léa Aveline,Reformer,8,8,0,0.0,False
2026-07-23 08:15:23,137684205,Soft & Stretch ⭐️ Pilates Mat,2026-08-14 13:00:00,Vendredi,13:00,Laetitia johan,Mat,8,8,0,0.0,False
2026-07-23 08:15:23,137681802,Fondation 2 🤎 Reformer,2026-08-14 13:15:00,Vendredi,13:15,Léa Aveline,Reformer,8,8,0,0.0,False
2026-07-23 08:15:23,137684260,Flow Trio ⭐️ Pilates Mat,2026-08-14 14:00:00,Vendredi,14:00,Laetitia johan,Mat,8,8,0,0.0,False
2026-07-23 08:15:23,137681297,Fondation 2 🤎 Reformer,2026-08-14 15:00:00,Vendredi,15:00,Eva Bernard,Reformer,8,8,0,0.0,False
2026-07-23 08:15:23,137684324,Dynamic Fit ⭐️ Pilates Mat,2026-08-14 15:00:00,Vendredi,15:00,Laetitia johan,Mat,8,8,0,0.0,False
2026-07-23 08:15:23,137681327,Sculpt 🤎 Reformer,2026-08-14 16:00:00,Vendredi,16:00,Eva Bernard,Reformer,8,8,0,0.0,False
2026-07-23 08:15:23,137684376,Sculpt ⭐️ Pilates Mat ,2026-08-14 16:00:00,Vendredi,16:00,Laetitia johan,Mat,8,8,0,0.0,False
2026-07-23 08:15:23,137681430,Flow Trio 🤎 Reformer,2026-08-14 17:00:00,Vendredi,17:00,Eva Bernard,Reformer,8,8,0,0.0,False
2026-07-23 08:15:23,137681492,Fondation 1 🤎 Reformer,2026-08-14 18:00:00,Vendredi,18:00,Eva Bernard,Reformer,8,8,0,0.0,False
2026-07-23 08:15:23,137682625,Fondation 2 🤎 Reformer,2026-08-15 09:00:00,Samedi,09:00,Léa Aveline,Reformer,8,8,0,0.0,False
2026-07-23 08:15:23,137682666,Core & Tone 🤎 Reformer,2026-08-15 10:00:00,Samedi,10:00,Léa Aveline,Reformer,8,8,0,0.0,False
2026-07-23 08:15:23,137682724,Dynamic Fit 🤎 Reformer,2026-08-15 11:00:00,Samedi,11:00,Léa Aveline,Reformer,8,8,0,0.0,False
2026-07-23 08:15:23,137682789,Flow Trio 🤎 Reformer,2026-08-15 12:00:00,Samedi,12:00,Léa Aveline,Reformer,8,8,0,0.0,False
2026-07-23 08:15:23,137682843,Fondation 2 🤎 Reformer,2026-08-16 09:00:00,Dimanche,09:00,Léa Aveline,Reformer,8,8,0,0.0,False
2026-07-23 08:15:23,137683008,Fondation 2 🤎 Reformer,2026-08-16 10:00:00,Dimanche,10:00,Léa Aveline,Reformer,8,8,0,0.0,False
2026-07-23 08:15:23,137683060,Dynamic Fit 🤎 Reformer,2026-08-16 11:00:00,Dimanche,11:00,Léa Aveline,Reformer,8,8,0,0.0,False
2026-07-23 08:15:23,137682951,Core & Tone 🤎 Reformer,2026-08-16 12:00:00,Dimanche,12:00,Léa Aveline,Reformer,8,8,0,0.0,False
2026-07-23 08:15:23,137617872,Fondation 2 🤎 Reformer,2026-08-17 07:00:00,Lundi,07:00,Nathalie Hamm,Reformer,8,7,1,12.5,False
2026-07-23 08:15:23,137618006,Sculpt 🤎 Reformer,2026-08-17 08:00:00,Lundi,08:00,Nathalie Hamm,Reformer,8,8,0,0.0,False
2026-07-23 08:15:23,138838573,Fondation 2 ⭐️ Pilates Mat ,2026-08-17 08:00:00,Lundi,08:00,Dani Johnson,Mat,8,8,0,0.0,False
2026-07-23 08:15:23,137618259,Dynamic Fit 🤎 Reformer,2026-08-17 09:00:00,Lundi,09:00,Nathalie Hamm,Reformer,8,8,0,0.0,False
2026-07-23 08:15:23,138838627,Dynamic Fit ⭐️ Pilates Mat,2026-08-17 09:00:00,Lundi,09:00,Dani Johnson,Mat,8,8,0,0.0,False
2026-07-23 08:15:23,138838685,Fondation 1 ⭐️ Pilates Mat,2026-08-17 10:00:00,Lundi,10:00,Dani Johnson,Mat,8,8,0,0.0,False
2026-07-23 08:15:23,137618327,Core & Tone 🤎 Reformer,2026-08-17 11:00:00,Lundi,11:00,Nathalie Hamm,Reformer,8,8,0,0.0,False
2026-07-23 08:15:23,137618383,Fondation 2 🤎 Reformer,2026-08-17 12:15:00,Lundi,12:15,Nathalie Hamm,Reformer,8,8,0,0.0,False
2026-07-23 08:15:23,137620258,Dynamic Fit 🤎 Reformer,2026-08-17 13:15:00,Lundi,13:15,Nathalie Hamm,Reformer,8,8,0,0.0,False
2026-07-23 08:15:23,137618587,Soft & Stretch 🤎 Reformer,2026-08-17 14:30:00,Lundi,14:30,Nathalie Hamm,Reformer,8,8,0,0.0,False
2026-07-23 08:15:23,137619927,Fondation 2 🤎 Reformer,2026-08-18 07:00:00,Mardi,07:00,Nathalie Hamm,Reformer,8,8,0,0.0,False
2026-07-23 08:15:23,137619971,Core & Tone 🤎 Reformer,2026-08-18 08:00:00,Mardi,08:00,Nathalie Hamm,Reformer,8,8,0,0.0,False
2026-07-23 08:15:23,138838751,Flow Trio ⭐️ Pilates Mat,2026-08-18 08:00:00,Mardi,08:00,Dani Johnson,Mat,8,8,0,0.0,False
2026-07-23 08:15:23,137620076,Dynamic Fit 🤎 Reformer,2026-08-18 09:00:00,Mardi,09:00,Nathalie Hamm,Reformer,8,8,0,0.0,False
2026-07-23 08:15:23,138839496,Fondation 2 ⭐️ Pilates Mat ,2026-08-18 09:00:00,Mardi,09:00,Dani Johnson,Mat,8,8,0,0.0,False
2026-07-23 08:15:23,137620026,Sculpt 🤎 Reformer,2026-08-18 10:00:00,Mardi,10:00,Nathalie Hamm,Reformer,8,8,0,0.0,False
2026-07-23 08:15:23,138839564,Core & Tone ⭐️ Pilates Mat ,2026-08-18 10:00:00,Mardi,10:00,Dani Johnson,Mat,8,8,0,0.0,False
2026-07-23 08:15:23,137620208,Fondation 2 🤎 Reformer,2026-08-18 12:15:00,Mardi,12:15,Léa Aveline,Reformer,8,8,0,0.0,False
2026-07-23 08:15:23,137620365,Dynamic Fit 🤎 Reformer,2026-08-18 13:15:00,Mardi,13:15,Léa Aveline,Reformer,8,8,0,0.0,False
2026-07-23 08:15:23,137620321,Soft & Stretch 🤎 Reformer,2026-08-18 14:30:00,Mardi,14:30,Léa Aveline,Reformer,8,8,0,0.0,False
2026-07-23 08:15:23,137620421,Core & Tone 🤎 Reformer,2026-08-18 16:00:00,Mardi,16:00,Léa Aveline,Reformer,8,8,0,0.0,False
2026-07-23 08:15:23,137620477,Fondation 2 🤎 Reformer,2026-08-18 17:00:00,Mardi,17:00,Léa Aveline,Reformer,8,8,0,0.0,False
2026-07-23 08:15:23,137620536,Flow Trio 🤎 Reformer,2026-08-18 18:00:00,Mardi,18:00,Léa Aveline,Reformer,8,8,0,0.0,False
2026-07-23 08:15:23,137620582,Sculpt 🤎 Reformer,2026-08-18 19:00:00,Mardi,19:00,Léa Aveline,Reformer,8,8,0,0.0,False
2026-07-23 08:15:23,137679299,Sculpt 🤎 Reformer,2026-08-19 07:00:00,Mercredi,07:00,Nathalie Hamm,Reformer,8,8,0,0.0,False
2026-07-23 08:15:23,137679367,Core & Tone 🤎 Reformer,2026-08-19 08:00:00,Mercredi,08:00,Nathalie Hamm,Reformer,8,8,0,0.0,False
2026-07-23 08:15:23,137683517,Fondation 2 ⭐️ Pilates Mat ,2026-08-19 08:00:00,Mercredi,08:00,Laetitia johan,Mat,8,8,0,0.0,False
2026-07-23 08:15:23,137679430,Fondation 2 🤎 Reformer,2026-08-19 09:00:00,Mercredi,09:00,Nathalie Hamm,Reformer,8,8,0,0.0,False
2026-07-23 08:15:23,137683575,Core & Tone ⭐️ Pilates Mat ,2026-08-19 09:00:00,Mercredi,09:00,Laetitia johan,Mat,8,8,0,0.0,False
2026-07-23 08:15:23,137683636,Fondation 1 ⭐️ Pilates Mat,2026-08-19 10:00:00,Mercredi,10:00,Laetitia johan,Mat,8,8,0,0.0,False
2026-07-23 08:15:23,137679506,Soft & Stretch 🤎 Reformer,2026-08-19 11:00:00,Mercredi,11:00,Nathalie Hamm,Reformer,8,8,0,0.0,False
2026-07-23 08:15:23,137683915,Core & Tone ⭐️ Pilates Mat ,2026-08-19 11:00:00,Mercredi,11:00,Laetitia johan,Mat,8,8,0,0.0,False
2026-07-23 08:15:23,137679561,Fondation 2 🤎 Reformer,2026-08-19 12:15:00,Mercredi,12:15,Nathalie Hamm,Reformer,8,8,0,0.0,False
2026-07-23 08:15:23,137684443,Sculpt ⭐️ Pilates Mat ,2026-08-19 12:15:00,Mercredi,12:15,Léa Aveline,Mat,8,8,0,0.0,False
2026-07-23 08:15:23,137679741,Flow Trio 🤎 Reformer,2026-08-19 13:15:00,Mercredi,13:15,Nathalie Hamm,Reformer,8,8,0,0.0,False
2026-07-23 08:15:23,137684516,Soft & Stretch ⭐️ Pilates Mat,2026-08-19 13:15:00,Mercredi,13:15,Léa Aveline,Mat,8,8,0,0.0,False
2026-07-23 08:15:23,137680225,Dynamic Fit 🤎 Reformer,2026-08-19 14:30:00,Mercredi,14:30,Nathalie Hamm,Reformer,8,8,0,0.0,False
2026-07-23 08:15:23,137684675,Sculpt ⭐️ Pilates Mat ,2026-08-19 14:30:00,Mercredi,14:30,Léa Aveline,Mat,8,8,0,0.0,False
2026-07-23 08:15:23,137680335,Sculpt 🤎 Reformer,2026-08-19 17:00:00,Mercredi,17:00,Léa Aveline,Reformer,8,8,0,0.0,False
2026-07-23 08:15:23,137680395,Fondation 2 🤎 Reformer,2026-08-19 18:00:00,Mercredi,18:00,Léa Aveline,Reformer,8,8,0,0.0,False
2026-07-23 08:15:23,137680447,Core & Tone 🤎 Reformer,2026-08-19 19:00:00,Mercredi,19:00,Léa Aveline,Reformer,8,8,0,0.0,False
2026-07-23 08:15:23,137680503,Fondation 1 🤎 Reformer,2026-08-19 20:00:00,Mercredi,20:00,Léa Aveline,Reformer,8,8,0,0.0,False
2026-07-23 08:15:23,138403744,Flow Trio ⭐️ Pilates Mat,2026-08-20 12:15:00,Jeudi,12:15,Aveline Caminade,Mat,8,8,0,0.0,False
2026-07-23 08:15:23,138403748,Dynamic Fit ⭐️ Pilates Mat,2026-08-20 13:15:00,Jeudi,13:15,Aveline Caminade,Mat,8,8,0,0.0,False
2026-07-23 08:15:23,138403757,Fondation 2 ⭐️ Pilates Mat ,2026-08-20 14:30:00,Jeudi,14:30,Aveline Caminade,Mat,8,8,0,0.0,False
2026-07-23 08:15:23,138403824,Fondation 1 ⭐️ Pilates Mat,2026-08-20 15:30:00,Jeudi,15:30,Aveline Caminade,Mat,8,8,0,0.0,False
2026-07-23 08:15:23,137680957,Sculpt 🤎 Reformer,2026-08-20 17:00:00,Jeudi,17:00,Justin Robert,Reformer,8,8,0,0.0,False
2026-07-23 08:15:23,137681011,Dynamic Fit 🤎 Reformer,2026-08-20 18:00:00,Jeudi,18:00,Justin Robert,Reformer,8,8,0,0.0,False
2026-07-23 08:15:23,137681165,Fondation 1 🤎 Reformer,2026-08-20 19:00:00,Jeudi,19:00,Justin Robert,Reformer,8,8,0,0.0,False
2026-07-23 08:15:23,137681217,Soft & Stretch 🤎 Reformer,2026-08-20 20:00:00,Jeudi,20:00,Justin Robert,Reformer,8,8,0,0.0,False
2026-07-23 08:15:23,137681574,Fondation 2 🤎 Reformer,2026-08-21 08:00:00,Vendredi,08:00,Léa Aveline,Reformer,8,7,1,12.5,False
2026-07-23 08:15:23,138839629,Soft & Stretch ⭐️ Pilates Mat,2026-08-21 08:00:00,Vendredi,08:00,Dani Johnson,Mat,8,8,0,0.0,False
2026-07-23 08:15:23,137681635,Fondation 1 🤎 Reformer,2026-08-21 09:00:00,Vendredi,09:00,Léa Aveline,Reformer,8,8,0,0.0,False
2026-07-23 08:15:23,138839754,Dynamic Fit ⭐️ Pilates Mat,2026-08-21 09:00:00,Vendredi,09:00,Dani Johnson,Mat,8,8,0,0.0,False
2026-07-23 08:15:23,137681681,Core & Tone 🤎 Reformer,2026-08-21 10:00:00,Vendredi,10:00,Léa Aveline,Reformer,8,8,0,0.0,False
2026-07-23 08:15:23,138839684,Fondation 1 ⭐️ Pilates Mat,2026-08-21 10:00:00,Vendredi,10:00,Dani Johnson,Mat,8,8,0,0.0,False
2026-07-23 08:15:23,138839837,Fondation 1 ⭐️ Pilates Mat,2026-08-21 11:00:00,Vendredi,11:00,Dani Johnson,Mat,8,8,0,0.0,False
2026-07-23 08:15:23,137681746,Core & Tone 🤎 Reformer,2026-08-21 12:15:00,Vendredi,12:15,Léa Aveline,Reformer,8,8,0,0.0,False
2026-07-23 08:15:23,137684206,Soft & Stretch ⭐️ Pilates Mat,2026-08-21 13:00:00,Vendredi,13:00,Laetitia johan,Mat,8,8,0,0.0,False
2026-07-23 08:15:23,137681800,Fondation 2 🤎 Reformer,2026-08-21 13:15:00,Vendredi,13:15,Léa Aveline,Reformer,8,8,0,0.0,False
2026-07-23 08:15:23,137684265,Flow Trio ⭐️ Pilates Mat,2026-08-21 14:00:00,Vendredi,14:00,Laetitia johan,Mat,8,8,0,0.0,False
2026-07-23 08:15:23,137681316,Fondation 2 🤎 Reformer,2026-08-21 15:00:00,Vendredi,15:00,Nathalie Hamm,Reformer,8,8,0,0.0,False
2026-07-23 08:15:23,137684328,Dynamic Fit ⭐️ Pilates Mat,2026-08-21 15:00:00,Vendredi,15:00,Laetitia johan,Mat,8,8,0,0.0,False
2026-07-23 08:15:23,137681326,Sculpt 🤎 Reformer,2026-08-21 16:00:00,Vendredi,16:00,Nathalie Hamm,Reformer,8,8,0,0.0,False
2026-07-23 08:15:23,137684379,Sculpt ⭐️ Pilates Mat ,2026-08-21 16:00:00,Vendredi,16:00,Laetitia johan,Mat,8,8,0,0.0,False
2026-07-23 08:15:23,137681433,Flow Trio 🤎 Reformer,2026-08-21 17:00:00,Vendredi,17:00,Nathalie Hamm,Reformer,8,8,0,0.0,False
2026-07-23 08:15:23,137681486,Fondation 1 🤎 Reformer,2026-08-21 18:00:00,Vendredi,18:00,Nathalie Hamm,Reformer,8,8,0,0.0,False
2026-07-23 08:15:23,137682606,Fondation 2 🤎 Reformer,2026-08-22 09:00:00,Samedi,09:00,Nathalie Hamm,Reformer,8,8,0,0.0,False
2026-07-23 08:15:23,137682670,Core & Tone 🤎 Reformer,2026-08-22 10:00:00,Samedi,10:00,Nathalie Hamm,Reformer,8,8,0,0.0,False
2026-07-23 08:15:23,137682727,Dynamic Fit 🤎 Reformer,2026-08-22 11:00:00,Samedi,11:00,Nathalie Hamm,Reformer,8,8,0,0.0,False
2026-07-23 08:15:23,137682787,Flow Trio 🤎 Reformer,2026-08-22 12:00:00,Samedi,12:00,Nathalie Hamm,Reformer,8,8,0,0.0,False
2026-07-23 08:15:23,137682842,Fondation 2 🤎 Reformer,2026-08-23 09:00:00,Dimanche,09:00,Nathalie Hamm,Reformer,8,8,0,0.0,False
2026-07-23 08:15:23,137683005,Fondation 2 🤎 Reformer,2026-08-23 10:00:00,Dimanche,10:00,Nathalie Hamm,Reformer,8,8,0,0.0,False
2026-07-23 08:15:23,137683069,Dynamic Fit 🤎 Reformer,2026-08-23 11:00:00,Dimanche,11:00,Nathalie Hamm,Reformer,8,8,0,0.0,False
2026-07-23 08:15:23,137682953,Core & Tone 🤎 Reformer,2026-08-23 12:00:00,Dimanche,12:00,Nathalie Hamm,Reformer,8,8,0,0.0,False
2026-07-23 08:15:23,137617873,Fondation 2 🤎 Reformer,2026-08-24 07:00:00,Lundi,07:00,Nathalie Hamm,Reformer,8,8,0,0.0,False
2026-07-23 08:15:23,137618010,Sculpt 🤎 Reformer,2026-08-24 08:00:00,Lundi,08:00,Nathalie Hamm,Reformer,8,8,0,0.0,False
2026-07-23 08:15:23,138838578,Fondation 2 ⭐️ Pilates Mat ,2026-08-24 08:00:00,Lundi,08:00,Dani Johnson,Mat,8,8,0,0.0,False
2026-07-23 08:15:23,137618263,Dynamic Fit 🤎 Reformer,2026-08-24 09:00:00,Lundi,09:00,Nathalie Hamm,Reformer,8,8,0,0.0,False
2026-07-23 08:15:23,138838628,Dynamic Fit ⭐️ Pilates Mat,2026-08-24 09:00:00,Lundi,09:00,Dani Johnson,Mat,8,8,0,0.0,False
2026-07-23 08:15:23,138838683,Fondation 1 ⭐️ Pilates Mat,2026-08-24 10:00:00,Lundi,10:00,Dani Johnson,Mat,8,8,0,0.0,False
2026-07-23 08:15:23,137618330,Core & Tone 🤎 Reformer,2026-08-24 11:00:00,Lundi,11:00,Nathalie Hamm,Reformer,8,8,0,0.0,False
2026-07-23 08:15:23,137618386,Fondation 2 🤎 Reformer,2026-08-24 12:15:00,Lundi,12:15,Nathalie Hamm,Reformer,8,8,0,0.0,False
2026-07-23 08:15:23,137620260,Dynamic Fit 🤎 Reformer,2026-08-24 13:15:00,Lundi,13:15,Nathalie Hamm,Reformer,8,8,0,0.0,False
2026-07-23 08:15:23,137618585,Soft & Stretch 🤎 Reformer,2026-08-24 14:30:00,Lundi,14:30,Nathalie Hamm,Reformer,8,8,0,0.0,False
2026-07-23 08:15:23,137618708,Fondation 2 🤎 Reformer,2026-08-24 17:00:00,Lundi,17:00,Eva Bernard,Reformer,8,8,0,0.0,False
2026-07-23 08:15:23,137618814,Sculpt 🤎 Reformer,2026-08-24 18:00:00,Lundi,18:00,Eva Bernard,Reformer,8,8,0,0.0,False
2026-07-23 08:15:23,137619311,Core & Tone 🤎 Reformer,2026-08-24 19:00:00,Lundi,19:00,Eva Bernard,Reformer,8,8,0,0.0,False
2026-07-23 08:15:23,137619700,Sculpt 🤎 Reformer,2026-08-24 20:00:00,Lundi,20:00,Eva Bernard,Reformer,8,8,0,0.0,False
2026-07-23 08:15:23,137619911,Fondation 2 🤎 Reformer,2026-08-25 07:00:00,Mardi,07:00,Nathalie Hamm,Reformer,8,8,0,0.0,False
2026-07-23 08:15:23,137619978,Core & Tone 🤎 Reformer,2026-08-25 08:00:00,Mardi,08:00,Nathalie Hamm,Reformer,8,8,0,0.0,False
2026-07-23 08:15:23,138838753,Flow Trio ⭐️ Pilates Mat,2026-08-25 08:00:00,Mardi,08:00,Dani Johnson,Mat,8,8,0,0.0,False
2026-07-23 08:15:23,137620080,Dynamic Fit 🤎 Reformer,2026-08-25 09:00:00,Mardi,09:00,Nathalie Hamm,Reformer,8,8,0,0.0,False
2026-07-23 08:15:23,138839501,Fondation 2 ⭐️ Pilates Mat ,2026-08-25 09:00:00,Mardi,09:00,Dani Johnson,Mat,8,8,0,0.0,False
2026-07-23 08:15:23,137620028,Sculpt 🤎 Reformer,2026-08-25 10:00:00,Mardi,10:00,Nathalie Hamm,Reformer,8,8,0,0.0,False
2026-07-23 08:15:23,138839586,Core & Tone ⭐️ Pilates Mat ,2026-08-25 10:00:00,Mardi,10:00,Dani Johnson,Mat,8,8,0,0.0,False
2026-07-23 08:15:23,137620209,Fondation 2 🤎 Reformer,2026-08-25 12:15:00,Mardi,12:15,Léa Aveline,Reformer,8,8,0,0.0,False
2026-07-23 08:15:23,137620369,Dynamic Fit 🤎 Reformer,2026-08-25 13:15:00,Mardi,13:15,Léa Aveline,Reformer,8,8,0,0.0,False
2026-07-23 08:15:23,137620314,Soft & Stretch 🤎 Reformer,2026-08-25 14:30:00,Mardi,14:30,Léa Aveline,Reformer,8,8,0,0.0,False
2026-07-23 08:15:23,137620430,Core & Tone 🤎 Reformer,2026-08-25 16:00:00,Mardi,16:00,Léa Aveline,Reformer,8,8,0,0.0,False
2026-07-23 08:15:23,137620481,Fondation 2 🤎 Reformer,2026-08-25 17:00:00,Mardi,17:00,Léa Aveline,Reformer,8,8,0,0.0,False
2026-07-23 08:15:23,137620535,Flow Trio 🤎 Reformer,2026-08-25 18:00:00,Mardi,18:00,Léa Aveline,Reformer,8,8,0,0.0,False
2026-07-23 08:15:23,137620614,Sculpt 🤎 Reformer,2026-08-25 19:00:00,Mardi,19:00,Léa Aveline,Reformer,8,8,0,0.0,False
2026-07-23 08:15:23,137679291,Sculpt 🤎 Reformer,2026-08-26 07:00:00,Mercredi,07:00,Nathalie Hamm,Reformer,8,8,0,0.0,False
2026-07-23 08:15:23,137679366,Core & Tone 🤎 Reformer,2026-08-26 08:00:00,Mercredi,08:00,Nathalie Hamm,Reformer,8,8,0,0.0,False
2026-07-23 08:15:23,137683522,Fondation 2 ⭐️ Pilates Mat ,2026-08-26 08:00:00,Mercredi,08:00,Laetitia johan,Mat,8,8,0,0.0,False
2026-07-23 08:15:23,137679448,Fondation 2 🤎 Reformer,2026-08-26 09:00:00,Mercredi,09:00,Nathalie Hamm,Reformer,8,8,0,0.0,False
2026-07-23 08:15:23,137683576,Core & Tone ⭐️ Pilates Mat ,2026-08-26 09:00:00,Mercredi,09:00,Laetitia johan,Mat,8,8,0,0.0,False
2026-07-23 08:15:23,137683640,Fondation 1 ⭐️ Pilates Mat,2026-08-26 10:00:00,Mercredi,10:00,Laetitia johan,Mat,8,8,0,0.0,False
2026-07-23 08:15:23,137679509,Soft & Stretch 🤎 Reformer,2026-08-26 11:00:00,Mercredi,11:00,Nathalie Hamm,Reformer,8,8,0,0.0,False
2026-07-23 08:15:23,137683930,Core & Tone ⭐️ Pilates Mat ,2026-08-26 11:00:00,Mercredi,11:00,Laetitia johan,Mat,8,8,0,0.0,False
2026-07-23 08:15:23,137679564,Fondation 2 🤎 Reformer,2026-08-26 12:15:00,Mercredi,12:15,Nathalie Hamm,Reformer,8,8,0,0.0,False
2026-07-23 08:15:23,137684452,Sculpt ⭐️ Pilates Mat ,2026-08-26 12:15:00,Mercredi,12:15,Léa Aveline,Mat,8,8,0,0.0,False
2026-07-23 08:15:23,137679720,Flow Trio 🤎 Reformer,2026-08-26 13:15:00,Mercredi,13:15,Nathalie Hamm,Reformer,8,8,0,0.0,False
2026-07-23 08:15:23,137684514,Soft & Stretch ⭐️ Pilates Mat,2026-08-26 13:15:00,Mercredi,13:15,Léa Aveline,Mat,8,8,0,0.0,False
2026-07-23 08:15:23,137680226,Dynamic Fit 🤎 Reformer,2026-08-26 14:30:00,Mercredi,14:30,Nathalie Hamm,Reformer,8,8,0,0.0,False
2026-07-23 08:15:23,137684676,Sculpt ⭐️ Pilates Mat ,2026-08-26 14:30:00,Mercredi,14:30,Léa Aveline,Mat,8,8,0,0.0,False
2026-07-23 08:15:23,137680343,Sculpt 🤎 Reformer,2026-08-26 17:00:00,Mercredi,17:00,Léa Aveline,Reformer,8,8,0,0.0,False
2026-07-23 08:15:23,137680400,Fondation 2 🤎 Reformer,2026-08-26 18:00:00,Mercredi,18:00,Léa Aveline,Reformer,8,8,0,0.0,False
2026-07-23 08:15:23,137680448,Core & Tone 🤎 Reformer,2026-08-26 19:00:00,Mercredi,19:00,Léa Aveline,Reformer,8,8,0,0.0,False
2026-07-23 08:15:23,137680501,Fondation 1 🤎 Reformer,2026-08-26 20:00:00,Mercredi,20:00,Léa Aveline,Reformer,8,8,0,0.0,False
2026-07-23 08:15:23,137680559,Fondation 2 🤎 Reformer,2026-08-27 09:15:00,Jeudi,09:15,Eva Bernard,Reformer,8,8,0,0.0,False
2026-07-23 08:15:23,137680727,Core & Tone 🤎 Reformer,2026-08-27 10:15:00,Jeudi,10:15,Eva Bernard,Reformer,8,8,0,0.0,False
2026-07-23 08:15:23,137680680,Soft & Stretch 🤎 Reformer,2026-08-27 11:15:00,Jeudi,11:15,Eva Bernard,Reformer,8,8,0,0.0,False
2026-07-23 08:15:23,137680793,Fondation 1 🤎 Reformer,2026-08-27 12:15:00,Jeudi,12:15,Eva Bernard,Reformer,8,8,0,0.0,False
2026-07-23 08:15:23,138403745,Flow Trio ⭐️ Pilates Mat,2026-08-27 12:15:00,Jeudi,12:15,Aveline Caminade,Mat,8,8,0,0.0,False
2026-07-23 08:15:23,138403749,Dynamic Fit ⭐️ Pilates Mat,2026-08-27 13:15:00,Jeudi,13:15,Aveline Caminade,Mat,8,8,0,0.0,False
2026-07-23 08:15:23,137680840,Dynamic Fit 🤎 Reformer,2026-08-27 13:30:00,Jeudi,13:30,Eva Bernard,Reformer,8,8,0,0.0,False
2026-07-23 08:15:23,138403756,Fondation 2 ⭐️ Pilates Mat ,2026-08-27 14:30:00,Jeudi,14:30,Aveline Caminade,Mat,8,8,0,0.0,False
2026-07-23 08:15:23,138403827,Fondation 1 ⭐️ Pilates Mat,2026-08-27 15:30:00,Jeudi,15:30,Aveline Caminade,Mat,8,8,0,0.0,False
2026-07-23 08:15:23,137680956,Sculpt 🤎 Reformer,2026-08-27 17:00:00,Jeudi,17:00,Justin Robert,Reformer,8,8,0,0.0,False
2026-07-23 08:15:23,137681009,Dynamic Fit 🤎 Reformer,2026-08-27 18:00:00,Jeudi,18:00,Justin Robert,Reformer,8,8,0,0.0,False
2026-07-23 08:15:23,137681168,Fondation 1 🤎 Reformer,2026-08-27 19:00:00,Jeudi,19:00,Justin Robert,Reformer,8,8,0,0.0,False
2026-07-23 08:15:23,137681219,Soft & Stretch 🤎 Reformer,2026-08-27 20:00:00,Jeudi,20:00,Justin Robert,Reformer,8,8,0,0.0,False
2026-07-23 08:15:23,137681580,Fondation 2 🤎 Reformer,2026-08-28 08:00:00,Vendredi,08:00,Léa Aveline,Reformer,8,8,0,0.0,False
2026-07-23 08:15:23,138839630,Soft & Stretch ⭐️ Pilates Mat,2026-08-28 08:00:00,Vendredi,08:00,Dani Johnson,Mat,8,8,0,0.0,False
2026-07-23 08:15:23,137681628,Fondation 1 🤎 Reformer,2026-08-28 09:00:00,Vendredi,09:00,Léa Aveline,Reformer,8,8,0,0.0,False
2026-07-23 08:15:23,138839756,Dynamic Fit ⭐️ Pilates Mat,2026-08-28 09:00:00,Vendredi,09:00,Dani Johnson,Mat,8,8,0,0.0,False
2026-07-23 08:15:23,137681682,Core & Tone 🤎 Reformer,2026-08-28 10:00:00,Vendredi,10:00,Léa Aveline,Reformer,8,8,0,0.0,False
2026-07-23 08:15:23,138839682,Fondation 1 ⭐️ Pilates Mat,2026-08-28 10:00:00,Vendredi,10:00,Dani Johnson,Mat,8,8,0,0.0,False
2026-07-23 08:15:23,138839838,Fondation 1 ⭐️ Pilates Mat,2026-08-28 11:00:00,Vendredi,11:00,Dani Johnson,Mat,8,8,0,0.0,False
2026-07-23 08:15:23,137681747,Core & Tone 🤎 Reformer,2026-08-28 12:15:00,Vendredi,12:15,Léa Aveline,Reformer,8,8,0,0.0,False
2026-07-23 08:15:23,137684214,Soft & Stretch ⭐️ Pilates Mat,2026-08-28 13:00:00,Vendredi,13:00,Laetitia johan,Mat,8,8,0,0.0,False
2026-07-23 08:15:23,137681811,Fondation 2 🤎 Reformer,2026-08-28 13:15:00,Vendredi,13:15,Léa Aveline,Reformer,8,8,0,0.0,False
2026-07-23 08:15:23,137684263,Flow Trio ⭐️ Pilates Mat,2026-08-28 14:00:00,Vendredi,14:00,Laetitia johan,Mat,8,8,0,0.0,False
2026-07-23 08:15:23,137681296,Fondation 2 🤎 Reformer,2026-08-28 15:00:00,Vendredi,15:00,Nathalie Hamm,Reformer,8,8,0,0.0,False
2026-07-23 08:15:23,137684325,Dynamic Fit ⭐️ Pilates Mat,2026-08-28 15:00:00,Vendredi,15:00,Laetitia johan,Mat,8,8,0,0.0,False
2026-07-23 08:15:23,137681330,Sculpt 🤎 Reformer,2026-08-28 16:00:00,Vendredi,16:00,Nathalie Hamm,Reformer,8,8,0,0.0,False
2026-07-23 08:15:23,137684381,Sculpt ⭐️ Pilates Mat ,2026-08-28 16:00:00,Vendredi,16:00,Laetitia johan,Mat,8,8,0,0.0,False
2026-07-23 08:15:23,137681434,Flow Trio 🤎 Reformer,2026-08-28 17:00:00,Vendredi,17:00,Nathalie Hamm,Reformer,8,8,0,0.0,False
2026-07-23 08:15:23,137681491,Fondation 1 🤎 Reformer,2026-08-28 18:00:00,Vendredi,18:00,Nathalie Hamm,Reformer,8,8,0,0.0,False
2026-07-23 08:15:23,137682656,Fondation 2 🤎 Reformer,2026-08-29 09:00:00,Samedi,09:00,Léa Aveline,Reformer,8,8,0,0.0,False
2026-07-23 08:15:23,137682665,Core & Tone 🤎 Reformer,2026-08-29 10:00:00,Samedi,10:00,Léa Aveline,Reformer,8,8,0,0.0,False
2026-07-23 08:15:23,137682721,Dynamic Fit 🤎 Reformer,2026-08-29 11:00:00,Samedi,11:00,Léa Aveline,Reformer,8,8,0,0.0,False
2026-07-23 08:15:23,137682785,Flow Trio 🤎 Reformer,2026-08-29 12:00:00,Samedi,12:00,Léa Aveline,Reformer,8,8,0,0.0,False
2026-07-23 08:15:23,137682840,Fondation 2 🤎 Reformer,2026-08-30 09:00:00,Dimanche,09:00,Léa Aveline,Reformer,8,8,0,0.0,False
2026-07-23 08:15:23,137683006,Fondation 2 🤎 Reformer,2026-08-30 10:00:00,Dimanche,10:00,Léa Aveline,Reformer,8,8,0,0.0,False
2026-07-23 08:15:23,137683063,Dynamic Fit 🤎 Reformer,2026-08-30 11:00:00,Dimanche,11:00,Léa Aveline,Reformer,8,8,0,0.0,False
2026-07-23 08:15:23,137682956,Core & Tone 🤎 Reformer,2026-08-30 12:00:00,Dimanche,12:00,Léa Aveline,Reformer,8,8,0,0.0,False
2026-07-23 08:15:23,137617874,Fondation 2 🤎 Reformer,2026-08-31 07:00:00,Lundi,07:00,Nathalie Hamm,Reformer,8,8,0,0.0,False
2026-07-23 08:15:23,137618009,Sculpt 🤎 Reformer,2026-08-31 08:00:00,Lundi,08:00,Nathalie Hamm,Reformer,8,8,0,0.0,False
2026-07-23 08:15:23,137618260,Dynamic Fit 🤎 Reformer,2026-08-31 09:00:00,Lundi,09:00,Nathalie Hamm,Reformer,8,8,0,0.0,False
2026-07-23 08:15:23,138838687,Fondation 1 ⭐️ Pilates Mat,2026-08-31 10:00:00,Lundi,10:00,Dani Johnson,Mat,8,8,0,0.0,False
2026-07-23 08:15:23,137618331,Core & Tone 🤎 Reformer,2026-08-31 11:00:00,Lundi,11:00,Nathalie Hamm,Reformer,8,8,0,0.0,False
2026-07-23 08:15:23,137618388,Fondation 2 🤎 Reformer,2026-08-31 12:15:00,Lundi,12:15,Nathalie Hamm,Reformer,8,8,0,0.0,False
2026-07-23 08:15:23,138839966,Fondation 1 ⭐️ Pilates Mat,2026-08-31 12:15:00,Lundi,12:15,JEAN DUTARTRE,Mat,8,8,0,0.0,False
2026-07-23 08:15:23,137620281,Dynamic Fit 🤎 Reformer,2026-08-31 13:15:00,Lundi,13:15,Nathalie Hamm,Reformer,8,8,0,0.0,False
2026-07-23 08:15:23,138840024,Core & Tone ⭐️ Pilates Mat ,2026-08-31 13:15:00,Lundi,13:15,JEAN DUTARTRE,Mat,8,8,0,0.0,False
2026-07-23 08:15:23,137618588,Soft & Stretch 🤎 Reformer,2026-08-31 14:30:00,Lundi,14:30,Nathalie Hamm,Reformer,8,8,0,0.0,False
2026-07-23 08:15:23,137618709,Fondation 2 🤎 Reformer,2026-08-31 17:00:00,Lundi,17:00,Eva Bernard,Reformer,8,8,0,0.0,False
2026-07-23 08:15:23,137618812,Sculpt 🤎 Reformer,2026-08-31 18:00:00,Lundi,18:00,Eva Bernard,Reformer,8,8,0,0.0,False
2026-07-23 08:15:23,137619211,Core & Tone 🤎 Reformer,2026-08-31 19:00:00,Lundi,19:00,Eva Bernard,Reformer,8,8,0,0.0,False
2026-07-23 08:15:23,137619712,Sculpt 🤎 Reformer,2026-08-31 20:00:00,Lundi,20:00,Eva Bernard,Reformer,8,8,0,0.0,False
2026-07-23 08:15:23,137619906,Fondation 2 🤎 Reformer,2026-09-01 07:00:00,Mardi,07:00,Nathalie Hamm,Reformer,8,8,0,0.0,False
2026-07-23 08:15:23,137619987,Core & Tone 🤎 Reformer,2026-09-01 08:00:00,Mardi,08:00,Nathalie Hamm,Reformer,8,8,0,0.0,False
2026-07-23 08:15:23,137620077,Dynamic Fit 🤎 Reformer,2026-09-01 09:00:00,Mardi,09:00,Nathalie Hamm,Reformer,8,8,0,0.0,False
2026-07-23 08:15:23,137620027,Sculpt 🤎 Reformer,2026-09-01 10:00:00,Mardi,10:00,Nathalie Hamm,Reformer,8,8,0,0.0,False
2026-07-23 08:15:23,137620212,Fondation 2 🤎 Reformer,2026-09-01 12:15:00,Mardi,12:15,Léa Aveline,Reformer,8,8,0,0.0,False
2026-07-23 08:15:23,138840096,Dynamic Fit ⭐️ Pilates Mat,2026-09-01 12:15:00,Mardi,12:15,JEAN DUTARTRE,Mat,8,8,0,0.0,False
2026-07-23 08:15:23,137620366,Dynamic Fit 🤎 Reformer,2026-09-01 13:15:00,Mardi,13:15,Léa Aveline,Reformer,8,8,0,0.0,False
2026-07-23 08:15:23,138840170,Fondation 2 ⭐️ Pilates Mat ,2026-09-01 13:15:00,Mardi,13:15,JEAN DUTARTRE,Mat,8,8,0,0.0,False
2026-07-23 08:15:23,137620313,Soft & Stretch 🤎 Reformer,2026-09-01 14:30:00,Mardi,14:30,Léa Aveline,Reformer,8,8,0,0.0,False
2026-07-23 08:15:23,137620427,Core & Tone 🤎 Reformer,2026-09-01 16:00:00,Mardi,16:00,Léa Aveline,Reformer,8,8,0,0.0,False
2026-07-23 08:15:23,137620476,Fondation 2 🤎 Reformer,2026-09-01 17:00:00,Mardi,17:00,Léa Aveline,Reformer,8,8,0,0.0,False
2026-07-23 08:15:23,137620530,Flow Trio 🤎 Reformer,2026-09-01 18:00:00,Mardi,18:00,Léa Aveline,Reformer,8,8,0,0.0,False
2026-07-23 08:15:23,137620589,Sculpt 🤎 Reformer,2026-09-01 19:00:00,Mardi,19:00,Léa Aveline,Reformer,8,8,0,0.0,False
2026-07-23 08:15:23,137679290,Sculpt 🤎 Reformer,2026-09-02 07:00:00,Mercredi,07:00,Nathalie Hamm,Reformer,8,8,0,0.0,False
2026-07-23 08:15:23,137679371,Core & Tone 🤎 Reformer,2026-09-02 08:00:00,Mercredi,08:00,Nathalie Hamm,Reformer,8,8,0,0.0,False
2026-07-23 08:15:23,137679433,Fondation 2 🤎 Reformer,2026-09-02 09:00:00,Mercredi,09:00,Nathalie Hamm,Reformer,8,8,0,0.0,False
2026-07-23 08:15:23,137683633,Fondation 1 ⭐️ Pilates Mat,2026-09-02 10:00:00,Mercredi,10:00,Laetitia johan,Mat,8,8,0,0.0,False
2026-07-23 08:15:23,137679507,Soft & Stretch 🤎 Reformer,2026-09-02 11:00:00,Mercredi,11:00,Nathalie Hamm,Reformer,8,8,0,0.0,False
2026-07-23 08:15:23,137683909,Core & Tone ⭐️ Pilates Mat ,2026-09-02 11:00:00,Mercredi,11:00,Laetitia johan,Mat,8,8,0,0.0,False
2026-07-23 08:15:23,137679566,Fondation 2 🤎 Reformer,2026-09-02 12:15:00,Mercredi,12:15,Nathalie Hamm,Reformer,8,8,0,0.0,False
2026-07-23 08:15:23,137684444,Sculpt ⭐️ Pilates Mat ,2026-09-02 12:15:00,Mercredi,12:15,Léa Aveline,Mat,8,8,0,0.0,False
2026-07-23 08:15:23,137679731,Flow Trio 🤎 Reformer,2026-09-02 13:15:00,Mercredi,13:15,Nathalie Hamm,Reformer,8,8,0,0.0,False
2026-07-23 08:15:23,137684515,Soft & Stretch ⭐️ Pilates Mat,2026-09-02 13:15:00,Mercredi,13:15,Léa Aveline,Mat,8,8,0,0.0,False
2026-07-23 08:15:23,137680223,Dynamic Fit 🤎 Reformer,2026-09-02 14:30:00,Mercredi,14:30,Nathalie Hamm,Reformer,8,8,0,0.0,False
2026-07-23 08:15:23,137684673,Sculpt ⭐️ Pilates Mat ,2026-09-02 14:30:00,Mercredi,14:30,Léa Aveline,Mat,8,8,0,0.0,False
2026-07-23 08:15:23,138403553,Core & Tone ⭐️ Pilates Mat ,2026-09-02 16:00:00,Mercredi,16:00,Aveline Caminade,Mat,8,8,0,0.0,False
2026-07-23 08:15:23,137680340,Sculpt 🤎 Reformer,2026-09-02 17:00:00,Mercredi,17:00,Léa Aveline,Reformer,8,8,0,0.0,False
2026-07-23 08:15:23,138403606,Dynamic Fit ⭐️ Pilates Mat,2026-09-02 17:00:00,Mercredi,17:00,Aveline Caminade,Mat,8,8,0,0.0,False
2026-07-23 08:15:23,137680396,Fondation 2 🤎 Reformer,2026-09-02 18:00:00,Mercredi,18:00,Léa Aveline,Reformer,8,8,0,0.0,False
2026-07-23 08:15:23,138403689,Sculpt ⭐️ Pilates Mat ,2026-09-02 18:00:00,Mercredi,18:00,Aveline Caminade,Mat,8,8,0,0.0,False
2026-07-23 08:15:23,137680450,Core & Tone 🤎 Reformer,2026-09-02 19:00:00,Mercredi,19:00,Léa Aveline,Reformer,8,8,0,0.0,False
2026-07-23 08:15:23,137680506,Fondation 1 🤎 Reformer,2026-09-02 20:00:00,Mercredi,20:00,Léa Aveline,Reformer,8,8,0,0.0,False
2026-07-23 08:15:23,137680570,Fondation 2 🤎 Reformer,2026-09-03 09:15:00,Jeudi,09:15,Eva Bernard,Reformer,8,8,0,0.0,False
2026-07-23 08:15:23,137680729,Core & Tone 🤎 Reformer,2026-09-03 10:15:00,Jeudi,10:15,Eva Bernard,Reformer,8,8,0,0.0,False
2026-07-23 08:15:23,137680677,Soft & Stretch 🤎 Reformer,2026-09-03 11:15:00,Jeudi,11:15,Eva Bernard,Reformer,8,8,0,0.0,False
2026-07-23 08:15:23,137680801,Fondation 1 🤎 Reformer,2026-09-03 12:15:00,Jeudi,12:15,Eva Bernard,Reformer,8,8,0,0.0,False
2026-07-23 08:15:23,137680842,Dynamic Fit 🤎 Reformer,2026-09-03 13:30:00,Jeudi,13:30,Eva Bernard,Reformer,8,8,0,0.0,False
2026-07-23 08:15:23,137680954,Sculpt 🤎 Reformer,2026-09-03 17:00:00,Jeudi,17:00,Justin Robert,Reformer,8,8,0,0.0,False
2026-07-23 08:15:23,137681016,Dynamic Fit 🤎 Reformer,2026-09-03 18:00:00,Jeudi,18:00,Justin Robert,Reformer,8,8,0,0.0,False
2026-07-23 08:15:23,137681166,Fondation 1 🤎 Reformer,2026-09-03 19:00:00,Jeudi,19:00,Justin Robert,Reformer,8,8,0,0.0,False
2026-07-23 08:15:23,137681218,Soft & Stretch 🤎 Reformer,2026-09-03 20:00:00,Jeudi,20:00,Justin Robert,Reformer,8,8,0,0.0,False
2026-07-23 08:15:23,137681577,Fondation 2 🤎 Reformer,2026-09-04 08:00:00,Vendredi,08:00,Léa Aveline,Reformer,8,8,0,0.0,False
2026-07-23 08:15:23,137681632,Fondation 1 🤎 Reformer,2026-09-04 09:00:00,Vendredi,09:00,Léa Aveline,Reformer,8,8,0,0.0,False
2026-07-23 08:15:23,137681683,Core & Tone 🤎 Reformer,2026-09-04 10:00:00,Vendredi,10:00,Léa Aveline,Reformer,8,8,0,0.0,False
2026-07-23 08:15:23,137684383,Sculpt ⭐️ Pilates Mat ,2026-09-04 12:00:00,Vendredi,12:00,Laetitia johan,Mat,8,8,0,0.0,False
2026-07-23 08:15:23,137681749,Core & Tone 🤎 Reformer,2026-09-04 12:15:00,Vendredi,12:15,Léa Aveline,Reformer,8,8,0,0.0,False
2026-07-23 08:15:23,137684208,Soft & Stretch ⭐️ Pilates Mat,2026-09-04 13:00:00,Vendredi,13:00,Laetitia johan,Mat,8,8,0,0.0,False
2026-07-23 08:15:23,137681805,Fondation 2 🤎 Reformer,2026-09-04 13:15:00,Vendredi,13:15,Léa Aveline,Reformer,8,8,0,0.0,False
2026-07-23 08:15:23,137684264,Flow Trio ⭐️ Pilates Mat,2026-09-04 14:00:00,Vendredi,14:00,Laetitia johan,Mat,8,8,0,0.0,False
2026-07-23 08:15:23,137681318,Fondation 2 🤎 Reformer,2026-09-04 15:00:00,Vendredi,15:00,Nathalie Hamm,Reformer,8,8,0,0.0,False
2026-07-23 08:15:23,137684323,Dynamic Fit ⭐️ Pilates Mat,2026-09-04 15:00:00,Vendredi,15:00,Laetitia johan,Mat,8,8,0,0.0,False
2026-07-23 08:15:23,137681338,Sculpt 🤎 Reformer,2026-09-04 16:00:00,Vendredi,16:00,Nathalie Hamm,Reformer,8,8,0,0.0,False
2026-07-23 08:15:23,137681438,Flow Trio 🤎 Reformer,2026-09-04 17:00:00,Vendredi,17:00,Nathalie Hamm,Reformer,8,8,0,0.0,False
2026-07-23 08:15:23,137681490,Fondation 1 🤎 Reformer,2026-09-04 18:00:00,Vendredi,18:00,Nathalie Hamm,Reformer,8,8,0,0.0,False
2026-07-23 08:15:23,137682647,Fondation 2 🤎 Reformer,2026-09-05 09:00:00,Samedi,09:00,JEAN DUTARTRE,Reformer,8,8,0,0.0,False
2026-07-23 08:15:23,137682664,Core & Tone 🤎 Reformer,2026-09-05 10:00:00,Samedi,10:00,JEAN DUTARTRE,Reformer,8,8,0,0.0,False
2026-07-23 08:15:23,137682722,Dynamic Fit 🤎 Reformer,2026-09-05 11:00:00,Samedi,11:00,JEAN DUTARTRE,Reformer,8,8,0,0.0,False
2026-07-23 08:15:23,137682797,Flow Trio 🤎 Reformer,2026-09-05 12:00:00,Samedi,12:00,JEAN DUTARTRE,Reformer,8,8,0,0.0,False
2026-07-23 08:15:23,137682853,Fondation 2 🤎 Reformer,2026-09-06 09:00:00,Dimanche,09:00,JEAN DUTARTRE,Reformer,8,8,0,0.0,False
2026-07-23 08:15:23,137683015,Fondation 2 🤎 Reformer,2026-09-06 10:00:00,Dimanche,10:00,JEAN DUTARTRE,Reformer,8,8,0,0.0,False
2026-07-23 08:15:23,137683065,Dynamic Fit 🤎 Reformer,2026-09-06 11:00:00,Dimanche,11:00,JEAN DUTARTRE,Reformer,8,8,0,0.0,False
2026-07-23 08:15:23,137682952,Core & Tone 🤎 Reformer,2026-09-06 12:00:00,Dimanche,12:00,JEAN DUTARTRE,Reformer,8,8,0,0.0,False
2026-07-23 08:15:23,138838684,Fondation 1 ⭐️ Pilates Mat,2026-09-07 10:00:00,Lundi,10:00,Dani Johnson,Mat,8,8,0,0.0,False
2026-07-23 08:15:23,138839967,Fondation 1 ⭐️ Pilates Mat,2026-09-07 12:15:00,Lundi,12:15,JEAN DUTARTRE,Mat,8,8,0,0.0,False
2026-07-23 08:15:23,138840025,Core & Tone ⭐️ Pilates Mat ,2026-09-07 13:15:00,Lundi,13:15,JEAN DUTARTRE,Mat,8,8,0,0.0,False
2026-07-23 08:15:23,138840098,Dynamic Fit ⭐️ Pilates Mat,2026-09-08 12:15:00,Mardi,12:15,JEAN DUTARTRE,Mat,8,8,0,0.0,False
2026-07-23 08:15:23,138840168,Fondation 2 ⭐️ Pilates Mat ,2026-09-08 13:15:00,Mardi,13:15,JEAN DUTARTRE,Mat,8,8,0,0.0,False
2026-07-23 08:15:23,138403550,Core & Tone ⭐️ Pilates Mat ,2026-09-09 16:00:00,Mercredi,16:00,Aveline Caminade,Mat,8,8,0,0.0,False
2026-07-23 08:15:23,138403609,Dynamic Fit ⭐️ Pilates Mat,2026-09-09 17:00:00,Mercredi,17:00,Aveline Caminade,Mat,8,8,0,0.0,False
2026-07-23 08:15:23,138403694,Sculpt ⭐️ Pilates Mat ,2026-09-09 18:00:00,Mercredi,18:00,Aveline Caminade,Mat,8,8,0,0.0,False
2026-07-23 08:15:23,138838699,Fondation 1 ⭐️ Pilates Mat,2026-09-14 10:00:00,Lundi,10:00,Dani Johnson,Mat,8,8,0,0.0,False
2026-07-23 08:15:23,138839968,Fondation 1 ⭐️ Pilates Mat,2026-09-14 12:15:00,Lundi,12:15,JEAN DUTARTRE,Mat,8,8,0,0.0,False
2026-07-23 08:15:23,138840026,Core & Tone ⭐️ Pilates Mat ,2026-09-14 13:15:00,Lundi,13:15,JEAN DUTARTRE,Mat,8,8,0,0.0,False
2026-07-23 08:15:23,138840097,Dynamic Fit ⭐️ Pilates Mat,2026-09-15 12:15:00,Mardi,12:15,JEAN DUTARTRE,Mat,8,8,0,0.0,False
2026-07-23 08:15:23,138840171,Fondation 2 ⭐️ Pilates Mat ,2026-09-15 13:15:00,Mardi,13:15,JEAN DUTARTRE,Mat,8,8,0,0.0,False
2026-07-23 08:15:23,138403554,Core & Tone ⭐️ Pilates Mat ,2026-09-16 16:00:00,Mercredi,16:00,Aveline Caminade,Mat,8,8,0,0.0,False
2026-07-23 08:15:23,138403607,Dynamic Fit ⭐️ Pilates Mat,2026-09-16 17:00:00,Mercredi,17:00,Aveline Caminade,Mat,8,8,0,0.0,False
2026-07-23 08:15:23,138403668,Sculpt ⭐️ Pilates Mat ,2026-09-16 18:00:00,Mercredi,18:00,Aveline Caminade,Mat,8,8,0,0.0,False
2026-07-23 08:15:23,138838688,Fondation 1 ⭐️ Pilates Mat,2026-09-21 10:00:00,Lundi,10:00,Dani Johnson,Mat,8,8,0,0.0,False
2026-07-24 08:11:32,137617870,Fondation 2 🤎 Reformer,2026-08-03 07:00:00,Lundi,07:00,Aveline Caminade,Reformer,4,3,1,25.0,False
2026-07-24 08:11:32,137618003,Sculpt 🤎 Reformer,2026-08-03 08:00:00,Lundi,08:00,Aveline Caminade,Reformer,4,4,0,0.0,False
2026-07-24 08:11:32,137618256,Dynamic Fit 🤎 Reformer,2026-08-03 09:00:00,Lundi,09:00,Aveline Caminade,Reformer,4,0,4,100.0,False
2026-07-24 08:11:32,137618704,Fondation 2 🤎 Reformer,2026-08-03 17:00:00,Lundi,17:00,Eva Bernard,Reformer,4,4,0,0.0,False
2026-07-24 08:11:32,137618807,Fondation 1 🤎 Reformer,2026-08-03 18:00:00,Lundi,18:00,Eva Bernard,Reformer,4,3,1,25.0,False
2026-07-24 08:11:32,137619206,Core & Tone 🤎 Reformer,2026-08-03 19:00:00,Lundi,19:00,Eva Bernard,Reformer,4,4,0,0.0,False
2026-07-24 08:11:32,137619698,Sculpt 🤎 Reformer,2026-08-03 20:00:00,Lundi,20:00,Eva Bernard,Reformer,4,3,1,25.0,False
2026-07-24 08:11:32,138961684,Core & Tone ⭐️ Pilates Mat ,2026-08-04 08:00:00,Mardi,08:00,Dani Johnson,Mat,8,8,0,0.0,False
2026-07-24 08:11:32,138961695,Soft & Stretch ⭐️ Pilates Mat,2026-08-04 09:00:00,Mardi,09:00,Dani Johnson,Mat,8,8,0,0.0,False
2026-07-24 08:11:32,138961733,Dynamic Fit ⭐️ Pilates Mat,2026-08-04 10:00:00,Mardi,10:00,Dani Johnson,Mat,8,8,0,0.0,False
2026-07-24 08:11:32,137620205,Fondation 2 🤎 Reformer,2026-08-04 12:15:00,Mardi,12:15,Léa Aveline,Reformer,4,4,0,0.0,False
2026-07-24 08:11:32,137620363,Dynamic Fit 🤎 Reformer,2026-08-04 13:15:00,Mardi,13:15,Léa Aveline,Reformer,4,4,0,0.0,False
2026-07-24 08:11:32,137620311,Soft & Stretch 🤎 Reformer,2026-08-04 14:30:00,Mardi,14:30,Léa Aveline,Reformer,4,4,0,0.0,False
2026-07-24 08:11:32,137620422,Core & Tone 🤎 Reformer,2026-08-04 16:00:00,Mardi,16:00,Léa Aveline,Reformer,4,4,0,0.0,False
2026-07-24 08:11:32,137620475,Fondation 2 🤎 Reformer,2026-08-04 17:00:00,Mardi,17:00,Léa Aveline,Reformer,4,4,0,0.0,False
2026-07-24 08:11:32,137620529,Flow Trio 🤎 Reformer,2026-08-04 18:00:00,Mardi,18:00,Léa Aveline,Reformer,4,4,0,0.0,False
2026-07-24 08:11:32,137620585,Sculpt 🤎 Reformer,2026-08-04 19:00:00,Mardi,19:00,Léa Aveline,Reformer,4,4,0,0.0,False
2026-07-24 08:11:32,137684442,Sculpt ⭐️ Pilates Mat ,2026-08-05 12:15:00,Mercredi,12:15,Léa Aveline,Mat,8,8,0,0.0,False
2026-07-24 08:11:32,137679563,Fondation 2 🤎 Reformer,2026-08-05 12:15:00,Mercredi,12:15,Sabine  Forêt ,Reformer,4,4,0,0.0,False
2026-07-24 08:11:32,137684513,Soft & Stretch ⭐️ Pilates Mat,2026-08-05 13:15:00,Mercredi,13:15,Léa Aveline,Mat,8,8,0,0.0,False
2026-07-24 08:11:32,137679716,Flow Trio 🤎 Reformer,2026-08-05 13:15:00,Mercredi,13:15,Sabine  Forêt ,Reformer,4,4,0,0.0,False
2026-07-24 08:11:32,137684669,Sculpt ⭐️ Pilates Mat ,2026-08-05 14:30:00,Mercredi,14:30,Léa Aveline,Mat,8,8,0,0.0,False
2026-07-24 08:11:32,137680222,Dynamic Fit 🤎 Reformer,2026-08-05 14:30:00,Mercredi,14:30,Sabine  Forêt ,Reformer,4,4,0,0.0,False
2026-07-24 08:11:32,137680337,Sculpt 🤎 Reformer,2026-08-05 17:00:00,Mercredi,17:00,Léa Aveline,Reformer,4,4,0,0.0,False
2026-07-24 08:11:32,137680394,Fondation 2 🤎 Reformer,2026-08-05 18:00:00,Mercredi,18:00,Léa Aveline,Reformer,4,4,0,0.0,False
2026-07-24 08:11:32,137680446,Core & Tone 🤎 Reformer,2026-08-05 19:00:00,Mercredi,19:00,Léa Aveline,Reformer,4,4,0,0.0,False
2026-07-24 08:11:32,137680502,Fondation 1 🤎 Reformer,2026-08-05 20:00:00,Mercredi,20:00,Léa Aveline,Reformer,4,4,0,0.0,False
2026-07-24 08:11:32,137680561,Fondation 2 🤎 Reformer,2026-08-06 09:15:00,Jeudi,09:15,Eva Bernard,Reformer,4,1,3,75.0,False
2026-07-24 08:11:32,137680725,Core & Tone 🤎 Reformer,2026-08-06 10:15:00,Jeudi,10:15,Eva Bernard,Reformer,4,4,0,0.0,False
2026-07-24 08:11:32,137680670,Soft & Stretch 🤎 Reformer,2026-08-06 11:15:00,Jeudi,11:15,Eva Bernard,Reformer,4,4,0,0.0,False
2026-07-24 08:11:32,137680786,Fondation 1 🤎 Reformer,2026-08-06 12:15:00,Jeudi,12:15,Eva Bernard,Reformer,4,4,0,0.0,False
2026-07-24 08:11:32,138403741,Flow Trio ⭐️ Pilates Mat,2026-08-06 12:15:00,Jeudi,12:15,Aveline Caminade,Mat,8,8,0,0.0,False
2026-07-24 08:11:32,138403747,Dynamic Fit ⭐️ Pilates Mat,2026-08-06 13:15:00,Jeudi,13:15,Aveline Caminade,Mat,8,8,0,0.0,False
2026-07-24 08:11:32,137680848,Dynamic Fit 🤎 Reformer,2026-08-06 13:30:00,Jeudi,13:30,Eva Bernard,Reformer,4,4,0,0.0,False
2026-07-24 08:11:32,138403755,Fondation 2 ⭐️ Pilates Mat ,2026-08-06 14:30:00,Jeudi,14:30,Aveline Caminade,Mat,8,8,0,0.0,False
2026-07-24 08:11:32,138403826,Fondation 1 ⭐️ Pilates Mat,2026-08-06 15:30:00,Jeudi,15:30,Aveline Caminade,Mat,8,8,0,0.0,False
2026-07-24 08:11:32,137680952,Sculpt 🤎 Reformer,2026-08-06 17:00:00,Jeudi,17:00,Justin Robert,Reformer,4,4,0,0.0,False
2026-07-24 08:11:32,137681008,Dynamic Fit 🤎 Reformer,2026-08-06 18:00:00,Jeudi,18:00,Justin Robert,Reformer,4,4,0,0.0,False
2026-07-24 08:11:32,137681164,Fondation 1 🤎 Reformer,2026-08-06 19:00:00,Jeudi,19:00,Justin Robert,Reformer,4,4,0,0.0,False
2026-07-24 08:11:32,137681215,Soft & Stretch 🤎 Reformer,2026-08-06 20:00:00,Jeudi,20:00,Justin Robert,Reformer,4,4,0,0.0,False
2026-07-24 08:11:32,137681575,Fondation 2 🤎 Reformer,2026-08-07 08:00:00,Vendredi,08:00,Léa Aveline,Reformer,4,4,0,0.0,False
2026-07-24 08:11:32,137681626,Fondation 1 🤎 Reformer,2026-08-07 09:00:00,Vendredi,09:00,Léa Aveline,Reformer,4,4,0,0.0,False
2026-07-24 08:11:32,137681679,Core & Tone 🤎 Reformer,2026-08-07 10:00:00,Vendredi,10:00,Léa Aveline,Reformer,4,1,3,75.0,False
2026-07-24 08:11:32,137681745,Core & Tone 🤎 Reformer,2026-08-07 12:15:00,Vendredi,12:15,Léa Aveline,Reformer,4,4,0,0.0,False
2026-07-24 08:11:32,137681801,Fondation 2 🤎 Reformer,2026-08-07 13:15:00,Vendredi,13:15,Léa Aveline,Reformer,4,4,0,0.0,False
2026-07-24 08:11:32,137681278,Fondation 2 🤎 Reformer,2026-08-07 15:00:00,Vendredi,15:00,Eva Bernard,Reformer,4,4,0,0.0,False
2026-07-24 08:11:32,137681325,Sculpt 🤎 Reformer,2026-08-07 16:00:00,Vendredi,16:00,Eva Bernard,Reformer,4,4,0,0.0,False
2026-07-24 08:11:32,137681432,Flow Trio 🤎 Reformer,2026-08-07 17:00:00,Vendredi,17:00,Eva Bernard,Reformer,4,4,0,0.0,False
2026-07-24 08:11:32,137681487,Fondation 1 🤎 Reformer,2026-08-07 18:00:00,Vendredi,18:00,Eva Bernard,Reformer,4,4,0,0.0,False
2026-07-24 08:11:32,137682623,Fondation 2 🤎 Reformer,2026-08-08 09:00:00,Samedi,09:00,Eva Bernard,Reformer,4,4,0,0.0,False
2026-07-24 08:11:32,137682663,Core & Tone 🤎 Reformer,2026-08-08 10:00:00,Samedi,10:00,Eva Bernard,Reformer,4,4,0,0.0,False
2026-07-24 08:11:32,137682719,Dynamic Fit 🤎 Reformer,2026-08-08 11:00:00,Samedi,11:00,Eva Bernard,Reformer,4,4,0,0.0,False
2026-07-24 08:11:32,137682794,Flow Trio 🤎 Reformer,2026-08-08 12:00:00,Samedi,12:00,Eva Bernard,Reformer,4,4,0,0.0,False
2026-07-24 08:11:32,137682839,Fondation 2 🤎 Reformer,2026-08-09 09:00:00,Dimanche,09:00,Eva Bernard,Reformer,4,4,0,0.0,False
2026-07-24 08:11:32,137683010,Fondation 2 🤎 Reformer,2026-08-09 10:00:00,Dimanche,10:00,Eva Bernard,Reformer,4,4,0,0.0,False
2026-07-24 08:11:32,137683066,Dynamic Fit 🤎 Reformer,2026-08-09 11:00:00,Dimanche,11:00,Eva Bernard,Reformer,4,4,0,0.0,False
2026-07-24 08:11:32,137682949,Core & Tone 🤎 Reformer,2026-08-09 12:00:00,Dimanche,12:00,Eva Bernard,Reformer,4,4,0,0.0,False
2026-07-24 08:11:32,137617871,Fondation 2 🤎 Reformer,2026-08-10 07:00:00,Lundi,07:00,Aveline Caminade,Reformer,4,4,0,0.0,False
2026-07-24 08:11:32,137618004,Sculpt 🤎 Reformer,2026-08-10 08:00:00,Lundi,08:00,Aveline Caminade,Reformer,4,4,0,0.0,False
2026-07-24 08:11:32,138838572,Fondation 2 ⭐️ Pilates Mat ,2026-08-10 08:00:00,Lundi,08:00,Dani Johnson,Mat,8,8,0,0.0,False
2026-07-24 08:11:32,137618258,Dynamic Fit 🤎 Reformer,2026-08-10 09:00:00,Lundi,09:00,Aveline Caminade,Reformer,4,3,1,25.0,False
2026-07-24 08:11:32,138838626,Dynamic Fit ⭐️ Pilates Mat,2026-08-10 09:00:00,Lundi,09:00,Dani Johnson,Mat,8,8,0,0.0,False
2026-07-24 08:11:32,138838686,Fondation 1 ⭐️ Pilates Mat,2026-08-10 10:00:00,Lundi,10:00,Dani Johnson,Mat,8,8,0,0.0,False
2026-07-24 08:11:32,137618590,Soft & Stretch 🤎 Reformer,2026-08-10 14:30:00,Lundi,14:30,Aveline Caminade,Reformer,4,4,0,0.0,False
2026-07-24 08:11:32,137618705,Fondation 2 🤎 Reformer,2026-08-10 17:00:00,Lundi,17:00,Eva Bernard,Reformer,4,4,0,0.0,False
2026-07-24 08:11:32,137618809,Sculpt 🤎 Reformer,2026-08-10 18:00:00,Lundi,18:00,Eva Bernard,Reformer,4,4,0,0.0,False
2026-07-24 08:11:32,137619312,Core & Tone 🤎 Reformer,2026-08-10 19:00:00,Lundi,19:00,Eva Bernard,Reformer,4,4,0,0.0,False
2026-07-24 08:11:32,137619699,Sculpt 🤎 Reformer,2026-08-10 20:00:00,Lundi,20:00,Eva Bernard,Reformer,4,4,0,0.0,False
2026-07-24 08:11:32,138838750,Flow Trio ⭐️ Pilates Mat,2026-08-11 08:00:00,Mardi,08:00,Dani Johnson,Mat,8,8,0,0.0,False
2026-07-24 08:11:32,138839507,Fondation 2 ⭐️ Pilates Mat ,2026-08-11 09:00:00,Mardi,09:00,Dani Johnson,Mat,8,8,0,0.0,False
2026-07-24 08:11:32,138839555,Core & Tone ⭐️ Pilates Mat ,2026-08-11 10:00:00,Mardi,10:00,Dani Johnson,Mat,8,8,0,0.0,False
2026-07-24 08:11:32,137620207,Fondation 2 🤎 Reformer,2026-08-11 12:15:00,Mardi,12:15,Léa Aveline,Reformer,4,4,0,0.0,False
2026-07-24 08:11:32,137620364,Dynamic Fit 🤎 Reformer,2026-08-11 13:15:00,Mardi,13:15,Léa Aveline,Reformer,4,4,0,0.0,False
2026-07-24 08:11:32,137620312,Soft & Stretch 🤎 Reformer,2026-08-11 14:30:00,Mardi,14:30,Léa Aveline,Reformer,4,4,0,0.0,False
2026-07-24 08:11:32,137620423,Core & Tone 🤎 Reformer,2026-08-11 16:00:00,Mardi,16:00,Léa Aveline,Reformer,4,4,0,0.0,False
2026-07-24 08:11:32,137620480,Fondation 2 🤎 Reformer,2026-08-11 17:00:00,Mardi,17:00,Léa Aveline,Reformer,4,4,0,0.0,False
2026-07-24 08:11:32,137620542,Flow Trio 🤎 Reformer,2026-08-11 18:00:00,Mardi,18:00,Léa Aveline,Reformer,4,4,0,0.0,False
2026-07-24 08:11:32,137620584,Sculpt 🤎 Reformer,2026-08-11 19:00:00,Mardi,19:00,Léa Aveline,Reformer,4,4,0,0.0,False
2026-07-24 08:11:32,137683519,Fondation 2 ⭐️ Pilates Mat ,2026-08-12 08:00:00,Mercredi,08:00,Léa Aveline,Mat,8,7,1,12.5,False
2026-07-24 08:11:32,137683574,Core & Tone ⭐️ Pilates Mat ,2026-08-12 09:00:00,Mercredi,09:00,Léa Aveline,Mat,8,8,0,0.0,False
2026-07-24 08:11:32,137679432,Fondation 2 🤎 Reformer,2026-08-12 09:00:00,Mercredi,09:00,Eva Bernard,Reformer,8,8,0,0.0,False
2026-07-24 08:11:32,137679508,Soft & Stretch 🤎 Reformer,2026-08-12 11:00:00,Mercredi,11:00,Eva Bernard,Reformer,8,2,6,75.0,False
2026-07-24 08:11:32,137684447,Sculpt ⭐️ Pilates Mat ,2026-08-12 12:15:00,Mercredi,12:15,Léa Aveline,Mat,8,8,0,0.0,False
2026-07-24 08:11:32,137679562,Fondation 2 🤎 Reformer,2026-08-12 12:15:00,Mercredi,12:15,Eva Bernard,Reformer,8,8,0,0.0,False
2026-07-24 08:11:32,137684519,Soft & Stretch ⭐️ Pilates Mat,2026-08-12 13:15:00,Mercredi,13:15,Léa Aveline,Mat,8,8,0,0.0,False
2026-07-24 08:11:32,137679709,Flow Trio 🤎 Reformer,2026-08-12 13:15:00,Mercredi,13:15,Eva Bernard,Reformer,8,8,0,0.0,False
2026-07-24 08:11:32,137684671,Sculpt ⭐️ Pilates Mat ,2026-08-12 14:30:00,Mercredi,14:30,Léa Aveline,Mat,8,8,0,0.0,False
2026-07-24 08:11:32,137680338,Sculpt 🤎 Reformer,2026-08-12 17:00:00,Mercredi,17:00,Léa Aveline,Reformer,8,8,0,0.0,False
2026-07-24 08:11:32,137680393,Fondation 2 🤎 Reformer,2026-08-12 18:00:00,Mercredi,18:00,Léa Aveline,Reformer,8,8,0,0.0,False
2026-07-24 08:11:32,137680453,Core & Tone 🤎 Reformer,2026-08-12 19:00:00,Mercredi,19:00,Léa Aveline,Reformer,8,8,0,0.0,False
2026-07-24 08:11:32,137680505,Fondation 1 🤎 Reformer,2026-08-12 20:00:00,Mercredi,20:00,Léa Aveline,Reformer,8,8,0,0.0,False
2026-07-24 08:11:32,137680562,Fondation 2 🤎 Reformer,2026-08-13 09:15:00,Jeudi,09:15,Eva Bernard,Reformer,8,8,0,0.0,False
2026-07-24 08:11:32,137680726,Core & Tone 🤎 Reformer,2026-08-13 10:15:00,Jeudi,10:15,Eva Bernard,Reformer,8,8,0,0.0,False
2026-07-24 08:11:32,137680671,Soft & Stretch 🤎 Reformer,2026-08-13 11:15:00,Jeudi,11:15,Eva Bernard,Reformer,8,8,0,0.0,False
2026-07-24 08:11:32,137680787,Fondation 1 🤎 Reformer,2026-08-13 12:15:00,Jeudi,12:15,Eva Bernard,Reformer,8,8,0,0.0,False
2026-07-24 08:11:32,138403743,Flow Trio ⭐️ Pilates Mat,2026-08-13 12:15:00,Jeudi,12:15,Aveline Caminade,Mat,8,8,0,0.0,False
2026-07-24 08:11:32,138403746,Dynamic Fit ⭐️ Pilates Mat,2026-08-13 13:15:00,Jeudi,13:15,Aveline Caminade,Mat,8,8,0,0.0,False
2026-07-24 08:11:32,137680844,Dynamic Fit 🤎 Reformer,2026-08-13 13:30:00,Jeudi,13:30,Eva Bernard,Reformer,8,8,0,0.0,False
2026-07-24 08:11:32,138403754,Fondation 2 ⭐️ Pilates Mat ,2026-08-13 14:30:00,Jeudi,14:30,Aveline Caminade,Mat,8,8,0,0.0,False
2026-07-24 08:11:32,138403825,Fondation 1 ⭐️ Pilates Mat,2026-08-13 15:30:00,Jeudi,15:30,Aveline Caminade,Mat,8,8,0,0.0,False
2026-07-24 08:11:32,137681573,Fondation 2 🤎 Reformer,2026-08-14 08:00:00,Vendredi,08:00,Léa Aveline,Reformer,8,8,0,0.0,False
2026-07-24 08:11:32,138839628,Soft & Stretch ⭐️ Pilates Mat,2026-08-14 08:00:00,Vendredi,08:00,Dani Johnson,Mat,8,8,0,0.0,False
2026-07-24 08:11:32,137681629,Fondation 1 🤎 Reformer,2026-08-14 09:00:00,Vendredi,09:00,Léa Aveline,Reformer,8,8,0,0.0,False
2026-07-24 08:11:32,138839753,Dynamic Fit ⭐️ Pilates Mat,2026-08-14 09:00:00,Vendredi,09:00,Dani Johnson,Mat,8,8,0,0.0,False
2026-07-24 08:11:32,137681680,Core & Tone 🤎 Reformer,2026-08-14 10:00:00,Vendredi,10:00,Léa Aveline,Reformer,8,8,0,0.0,False
2026-07-24 08:11:32,138839680,Fondation 1 ⭐️ Pilates Mat,2026-08-14 10:00:00,Vendredi,10:00,Dani Johnson,Mat,8,8,0,0.0,False
2026-07-24 08:11:32,138839836,Fondation 1 ⭐️ Pilates Mat,2026-08-14 11:00:00,Vendredi,11:00,Dani Johnson,Mat,8,8,0,0.0,False
2026-07-24 08:11:32,137681744,Core & Tone 🤎 Reformer,2026-08-14 12:15:00,Vendredi,12:15,Léa Aveline,Reformer,8,8,0,0.0,False
2026-07-24 08:11:32,137684205,Soft & Stretch ⭐️ Pilates Mat,2026-08-14 13:00:00,Vendredi,13:00,Laetitia johan,Mat,8,8,0,0.0,False
2026-07-24 08:11:32,137681802,Fondation 2 🤎 Reformer,2026-08-14 13:15:00,Vendredi,13:15,Léa Aveline,Reformer,8,8,0,0.0,False
2026-07-24 08:11:32,137684260,Flow Trio ⭐️ Pilates Mat,2026-08-14 14:00:00,Vendredi,14:00,Laetitia johan,Mat,8,8,0,0.0,False
2026-07-24 08:11:32,137681297,Fondation 2 🤎 Reformer,2026-08-14 15:00:00,Vendredi,15:00,Eva Bernard,Reformer,8,8,0,0.0,False
2026-07-24 08:11:32,137684324,Dynamic Fit ⭐️ Pilates Mat,2026-08-14 15:00:00,Vendredi,15:00,Laetitia johan,Mat,8,8,0,0.0,False
2026-07-24 08:11:32,137681327,Sculpt 🤎 Reformer,2026-08-14 16:00:00,Vendredi,16:00,Eva Bernard,Reformer,8,8,0,0.0,False
2026-07-24 08:11:32,137684376,Sculpt ⭐️ Pilates Mat ,2026-08-14 16:00:00,Vendredi,16:00,Laetitia johan,Mat,8,8,0,0.0,False
2026-07-24 08:11:32,137681430,Flow Trio 🤎 Reformer,2026-08-14 17:00:00,Vendredi,17:00,Eva Bernard,Reformer,8,8,0,0.0,False
2026-07-24 08:11:32,137681492,Fondation 1 🤎 Reformer,2026-08-14 18:00:00,Vendredi,18:00,Eva Bernard,Reformer,8,8,0,0.0,False
2026-07-24 08:11:32,137682625,Fondation 2 🤎 Reformer,2026-08-15 09:00:00,Samedi,09:00,Léa Aveline,Reformer,8,8,0,0.0,False
2026-07-24 08:11:32,137682666,Core & Tone 🤎 Reformer,2026-08-15 10:00:00,Samedi,10:00,Léa Aveline,Reformer,8,8,0,0.0,False
2026-07-24 08:11:32,137682724,Dynamic Fit 🤎 Reformer,2026-08-15 11:00:00,Samedi,11:00,Léa Aveline,Reformer,8,8,0,0.0,False
2026-07-24 08:11:32,137682789,Flow Trio 🤎 Reformer,2026-08-15 12:00:00,Samedi,12:00,Léa Aveline,Reformer,8,8,0,0.0,False
2026-07-24 08:11:32,137682843,Fondation 2 🤎 Reformer,2026-08-16 09:00:00,Dimanche,09:00,Léa Aveline,Reformer,8,8,0,0.0,False
2026-07-24 08:11:32,137683008,Fondation 2 🤎 Reformer,2026-08-16 10:00:00,Dimanche,10:00,Léa Aveline,Reformer,8,8,0,0.0,False
2026-07-24 08:11:32,137683060,Dynamic Fit 🤎 Reformer,2026-08-16 11:00:00,Dimanche,11:00,Léa Aveline,Reformer,8,8,0,0.0,False
2026-07-24 08:11:32,137682951,Core & Tone 🤎 Reformer,2026-08-16 12:00:00,Dimanche,12:00,Léa Aveline,Reformer,8,8,0,0.0,False
2026-07-24 08:11:32,137617872,Fondation 2 🤎 Reformer,2026-08-17 07:00:00,Lundi,07:00,Nathalie Hamm,Reformer,8,7,1,12.5,False
2026-07-24 08:11:32,137618006,Sculpt 🤎 Reformer,2026-08-17 08:00:00,Lundi,08:00,Nathalie Hamm,Reformer,8,8,0,0.0,False
2026-07-24 08:11:32,138838573,Fondation 2 ⭐️ Pilates Mat ,2026-08-17 08:00:00,Lundi,08:00,Dani Johnson,Mat,8,8,0,0.0,False
2026-07-24 08:11:32,137618259,Dynamic Fit 🤎 Reformer,2026-08-17 09:00:00,Lundi,09:00,Nathalie Hamm,Reformer,8,8,0,0.0,False
2026-07-24 08:11:32,138838627,Dynamic Fit ⭐️ Pilates Mat,2026-08-17 09:00:00,Lundi,09:00,Dani Johnson,Mat,8,8,0,0.0,False
2026-07-24 08:11:32,138838685,Fondation 1 ⭐️ Pilates Mat,2026-08-17 10:00:00,Lundi,10:00,Dani Johnson,Mat,8,8,0,0.0,False
2026-07-24 08:11:32,137618327,Core & Tone 🤎 Reformer,2026-08-17 11:00:00,Lundi,11:00,Nathalie Hamm,Reformer,8,8,0,0.0,False
2026-07-24 08:11:32,137618383,Fondation 2 🤎 Reformer,2026-08-17 12:15:00,Lundi,12:15,Nathalie Hamm,Reformer,8,8,0,0.0,False
2026-07-24 08:11:32,137620258,Dynamic Fit 🤎 Reformer,2026-08-17 13:15:00,Lundi,13:15,Nathalie Hamm,Reformer,8,8,0,0.0,False
2026-07-24 08:11:32,137618587,Soft & Stretch 🤎 Reformer,2026-08-17 14:30:00,Lundi,14:30,Nathalie Hamm,Reformer,8,8,0,0.0,False
2026-07-24 08:11:32,137619927,Fondation 2 🤎 Reformer,2026-08-18 07:00:00,Mardi,07:00,Nathalie Hamm,Reformer,8,8,0,0.0,False
2026-07-24 08:11:32,137619971,Core & Tone 🤎 Reformer,2026-08-18 08:00:00,Mardi,08:00,Nathalie Hamm,Reformer,8,8,0,0.0,False
2026-07-24 08:11:32,138838751,Flow Trio ⭐️ Pilates Mat,2026-08-18 08:00:00,Mardi,08:00,Dani Johnson,Mat,8,8,0,0.0,False
2026-07-24 08:11:32,137620076,Dynamic Fit 🤎 Reformer,2026-08-18 09:00:00,Mardi,09:00,Nathalie Hamm,Reformer,8,8,0,0.0,False
2026-07-24 08:11:32,138839496,Fondation 2 ⭐️ Pilates Mat ,2026-08-18 09:00:00,Mardi,09:00,Dani Johnson,Mat,8,8,0,0.0,False
2026-07-24 08:11:32,137620026,Sculpt 🤎 Reformer,2026-08-18 10:00:00,Mardi,10:00,Nathalie Hamm,Reformer,8,8,0,0.0,False
2026-07-24 08:11:32,138839564,Core & Tone ⭐️ Pilates Mat ,2026-08-18 10:00:00,Mardi,10:00,Dani Johnson,Mat,8,8,0,0.0,False
2026-07-24 08:11:32,137620208,Fondation 2 🤎 Reformer,2026-08-18 12:15:00,Mardi,12:15,Léa Aveline,Reformer,8,8,0,0.0,False
2026-07-24 08:11:32,137620365,Dynamic Fit 🤎 Reformer,2026-08-18 13:15:00,Mardi,13:15,Léa Aveline,Reformer,8,8,0,0.0,False
2026-07-24 08:11:32,137620321,Soft & Stretch 🤎 Reformer,2026-08-18 14:30:00,Mardi,14:30,Léa Aveline,Reformer,8,8,0,0.0,False
2026-07-24 08:11:32,137620421,Core & Tone 🤎 Reformer,2026-08-18 16:00:00,Mardi,16:00,Léa Aveline,Reformer,8,8,0,0.0,False
2026-07-24 08:11:32,137620477,Fondation 2 🤎 Reformer,2026-08-18 17:00:00,Mardi,17:00,Léa Aveline,Reformer,8,8,0,0.0,False
2026-07-24 08:11:32,137620536,Flow Trio 🤎 Reformer,2026-08-18 18:00:00,Mardi,18:00,Léa Aveline,Reformer,8,8,0,0.0,False
2026-07-24 08:11:32,137620582,Sculpt 🤎 Reformer,2026-08-18 19:00:00,Mardi,19:00,Léa Aveline,Reformer,8,8,0,0.0,False
2026-07-24 08:11:32,137679299,Sculpt 🤎 Reformer,2026-08-19 07:00:00,Mercredi,07:00,Nathalie Hamm,Reformer,8,8,0,0.0,False
2026-07-24 08:11:32,137679367,Core & Tone 🤎 Reformer,2026-08-19 08:00:00,Mercredi,08:00,Nathalie Hamm,Reformer,8,8,0,0.0,False
2026-07-24 08:11:32,137683517,Fondation 2 ⭐️ Pilates Mat ,2026-08-19 08:00:00,Mercredi,08:00,Laetitia johan,Mat,8,8,0,0.0,False
2026-07-24 08:11:32,137679430,Fondation 2 🤎 Reformer,2026-08-19 09:00:00,Mercredi,09:00,Nathalie Hamm,Reformer,8,8,0,0.0,False
2026-07-24 08:11:32,137683575,Core & Tone ⭐️ Pilates Mat ,2026-08-19 09:00:00,Mercredi,09:00,Laetitia johan,Mat,8,8,0,0.0,False
2026-07-24 08:11:32,137683636,Fondation 1 ⭐️ Pilates Mat,2026-08-19 10:00:00,Mercredi,10:00,Laetitia johan,Mat,8,8,0,0.0,False
2026-07-24 08:11:32,137679506,Soft & Stretch 🤎 Reformer,2026-08-19 11:00:00,Mercredi,11:00,Nathalie Hamm,Reformer,8,8,0,0.0,False
2026-07-24 08:11:32,137683915,Core & Tone ⭐️ Pilates Mat ,2026-08-19 11:00:00,Mercredi,11:00,Laetitia johan,Mat,8,8,0,0.0,False
2026-07-24 08:11:32,137679561,Fondation 2 🤎 Reformer,2026-08-19 12:15:00,Mercredi,12:15,Nathalie Hamm,Reformer,8,8,0,0.0,False
2026-07-24 08:11:32,137684443,Sculpt ⭐️ Pilates Mat ,2026-08-19 12:15:00,Mercredi,12:15,Léa Aveline,Mat,8,8,0,0.0,False
2026-07-24 08:11:32,137679741,Flow Trio 🤎 Reformer,2026-08-19 13:15:00,Mercredi,13:15,Nathalie Hamm,Reformer,8,8,0,0.0,False
2026-07-24 08:11:32,137684516,Soft & Stretch ⭐️ Pilates Mat,2026-08-19 13:15:00,Mercredi,13:15,Léa Aveline,Mat,8,8,0,0.0,False
2026-07-24 08:11:32,137680225,Dynamic Fit 🤎 Reformer,2026-08-19 14:30:00,Mercredi,14:30,Nathalie Hamm,Reformer,8,8,0,0.0,False
2026-07-24 08:11:32,137684675,Sculpt ⭐️ Pilates Mat ,2026-08-19 14:30:00,Mercredi,14:30,Léa Aveline,Mat,8,8,0,0.0,False
2026-07-24 08:11:32,137680335,Sculpt 🤎 Reformer,2026-08-19 17:00:00,Mercredi,17:00,Léa Aveline,Reformer,8,8,0,0.0,False
2026-07-24 08:11:32,137680395,Fondation 2 🤎 Reformer,2026-08-19 18:00:00,Mercredi,18:00,Léa Aveline,Reformer,8,8,0,0.0,False
2026-07-24 08:11:32,137680447,Core & Tone 🤎 Reformer,2026-08-19 19:00:00,Mercredi,19:00,Léa Aveline,Reformer,8,8,0,0.0,False
2026-07-24 08:11:32,137680503,Fondation 1 🤎 Reformer,2026-08-19 20:00:00,Mercredi,20:00,Léa Aveline,Reformer,8,8,0,0.0,False
2026-07-24 08:11:32,138403744,Flow Trio ⭐️ Pilates Mat,2026-08-20 12:15:00,Jeudi,12:15,Aveline Caminade,Mat,8,8,0,0.0,False
2026-07-24 08:11:32,138403748,Dynamic Fit ⭐️ Pilates Mat,2026-08-20 13:15:00,Jeudi,13:15,Aveline Caminade,Mat,8,8,0,0.0,False
2026-07-24 08:11:32,138403757,Fondation 2 ⭐️ Pilates Mat ,2026-08-20 14:30:00,Jeudi,14:30,Aveline Caminade,Mat,8,8,0,0.0,False
2026-07-24 08:11:32,138403824,Fondation 1 ⭐️ Pilates Mat,2026-08-20 15:30:00,Jeudi,15:30,Aveline Caminade,Mat,8,8,0,0.0,False
2026-07-24 08:11:32,137680957,Sculpt 🤎 Reformer,2026-08-20 17:00:00,Jeudi,17:00,Justin Robert,Reformer,8,8,0,0.0,False
2026-07-24 08:11:32,137681011,Dynamic Fit 🤎 Reformer,2026-08-20 18:00:00,Jeudi,18:00,Justin Robert,Reformer,8,8,0,0.0,False
2026-07-24 08:11:32,137681165,Fondation 1 🤎 Reformer,2026-08-20 19:00:00,Jeudi,19:00,Justin Robert,Reformer,8,8,0,0.0,False
2026-07-24 08:11:32,137681217,Soft & Stretch 🤎 Reformer,2026-08-20 20:00:00,Jeudi,20:00,Justin Robert,Reformer,8,8,0,0.0,False
2026-07-24 08:11:32,137681574,Fondation 2 🤎 Reformer,2026-08-21 08:00:00,Vendredi,08:00,Léa Aveline,Reformer,8,7,1,12.5,False
2026-07-24 08:11:32,138839629,Soft & Stretch ⭐️ Pilates Mat,2026-08-21 08:00:00,Vendredi,08:00,Dani Johnson,Mat,8,8,0,0.0,False
2026-07-24 08:11:32,137681635,Fondation 1 🤎 Reformer,2026-08-21 09:00:00,Vendredi,09:00,Léa Aveline,Reformer,8,8,0,0.0,False
2026-07-24 08:11:32,138839754,Dynamic Fit ⭐️ Pilates Mat,2026-08-21 09:00:00,Vendredi,09:00,Dani Johnson,Mat,8,8,0,0.0,False
2026-07-24 08:11:32,137681681,Core & Tone 🤎 Reformer,2026-08-21 10:00:00,Vendredi,10:00,Léa Aveline,Reformer,8,8,0,0.0,False
2026-07-24 08:11:32,138839684,Fondation 1 ⭐️ Pilates Mat,2026-08-21 10:00:00,Vendredi,10:00,Dani Johnson,Mat,8,8,0,0.0,False
2026-07-24 08:11:32,138839837,Fondation 1 ⭐️ Pilates Mat,2026-08-21 11:00:00,Vendredi,11:00,Dani Johnson,Mat,8,8,0,0.0,False
2026-07-24 08:11:32,137681746,Core & Tone 🤎 Reformer,2026-08-21 12:15:00,Vendredi,12:15,Léa Aveline,Reformer,8,8,0,0.0,False
2026-07-24 08:11:32,137684206,Soft & Stretch ⭐️ Pilates Mat,2026-08-21 13:00:00,Vendredi,13:00,Laetitia johan,Mat,8,8,0,0.0,False
2026-07-24 08:11:32,137681800,Fondation 2 🤎 Reformer,2026-08-21 13:15:00,Vendredi,13:15,Léa Aveline,Reformer,8,8,0,0.0,False
2026-07-24 08:11:32,137684265,Flow Trio ⭐️ Pilates Mat,2026-08-21 14:00:00,Vendredi,14:00,Laetitia johan,Mat,8,8,0,0.0,False
2026-07-24 08:11:32,137681316,Fondation 2 🤎 Reformer,2026-08-21 15:00:00,Vendredi,15:00,Nathalie Hamm,Reformer,8,8,0,0.0,False
2026-07-24 08:11:32,137684328,Dynamic Fit ⭐️ Pilates Mat,2026-08-21 15:00:00,Vendredi,15:00,Laetitia johan,Mat,8,8,0,0.0,False
2026-07-24 08:11:32,137681326,Sculpt 🤎 Reformer,2026-08-21 16:00:00,Vendredi,16:00,Nathalie Hamm,Reformer,8,8,0,0.0,False
2026-07-24 08:11:32,137684379,Sculpt ⭐️ Pilates Mat ,2026-08-21 16:00:00,Vendredi,16:00,Laetitia johan,Mat,8,8,0,0.0,False
2026-07-24 08:11:32,137681433,Flow Trio 🤎 Reformer,2026-08-21 17:00:00,Vendredi,17:00,Nathalie Hamm,Reformer,8,8,0,0.0,False
2026-07-24 08:11:32,137681486,Fondation 1 🤎 Reformer,2026-08-21 18:00:00,Vendredi,18:00,Nathalie Hamm,Reformer,8,8,0,0.0,False
2026-07-24 08:11:32,137682606,Fondation 2 🤎 Reformer,2026-08-22 09:00:00,Samedi,09:00,Nathalie Hamm,Reformer,8,8,0,0.0,False
2026-07-24 08:11:32,137682670,Core & Tone 🤎 Reformer,2026-08-22 10:00:00,Samedi,10:00,Nathalie Hamm,Reformer,8,8,0,0.0,False
2026-07-24 08:11:32,137682727,Dynamic Fit 🤎 Reformer,2026-08-22 11:00:00,Samedi,11:00,Nathalie Hamm,Reformer,8,8,0,0.0,False
2026-07-24 08:11:32,137682787,Flow Trio 🤎 Reformer,2026-08-22 12:00:00,Samedi,12:00,Nathalie Hamm,Reformer,8,8,0,0.0,False
2026-07-24 08:11:32,137682842,Fondation 2 🤎 Reformer,2026-08-23 09:00:00,Dimanche,09:00,Nathalie Hamm,Reformer,8,8,0,0.0,False
2026-07-24 08:11:32,137683005,Fondation 2 🤎 Reformer,2026-08-23 10:00:00,Dimanche,10:00,Nathalie Hamm,Reformer,8,8,0,0.0,False
2026-07-24 08:11:32,137683069,Dynamic Fit 🤎 Reformer,2026-08-23 11:00:00,Dimanche,11:00,Nathalie Hamm,Reformer,8,8,0,0.0,False
2026-07-24 08:11:32,137682953,Core & Tone 🤎 Reformer,2026-08-23 12:00:00,Dimanche,12:00,Nathalie Hamm,Reformer,8,8,0,0.0,False
2026-07-24 08:11:32,137617873,Fondation 2 🤎 Reformer,2026-08-24 07:00:00,Lundi,07:00,Nathalie Hamm,Reformer,8,8,0,0.0,False
2026-07-24 08:11:32,137618010,Sculpt 🤎 Reformer,2026-08-24 08:00:00,Lundi,08:00,Nathalie Hamm,Reformer,8,8,0,0.0,False
2026-07-24 08:11:32,138838578,Fondation 2 ⭐️ Pilates Mat ,2026-08-24 08:00:00,Lundi,08:00,Dani Johnson,Mat,8,8,0,0.0,False
2026-07-24 08:11:32,137618263,Dynamic Fit 🤎 Reformer,2026-08-24 09:00:00,Lundi,09:00,Nathalie Hamm,Reformer,8,8,0,0.0,False
2026-07-24 08:11:32,138838628,Dynamic Fit ⭐️ Pilates Mat,2026-08-24 09:00:00,Lundi,09:00,Dani Johnson,Mat,8,8,0,0.0,False
2026-07-24 08:11:32,138838683,Fondation 1 ⭐️ Pilates Mat,2026-08-24 10:00:00,Lundi,10:00,Dani Johnson,Mat,8,8,0,0.0,False
2026-07-24 08:11:32,137618330,Core & Tone 🤎 Reformer,2026-08-24 11:00:00,Lundi,11:00,Nathalie Hamm,Reformer,8,8,0,0.0,False
2026-07-24 08:11:32,137618386,Fondation 2 🤎 Reformer,2026-08-24 12:15:00,Lundi,12:15,Nathalie Hamm,Reformer,8,8,0,0.0,False
2026-07-24 08:11:32,137620260,Dynamic Fit 🤎 Reformer,2026-08-24 13:15:00,Lundi,13:15,Nathalie Hamm,Reformer,8,8,0,0.0,False
2026-07-24 08:11:32,137618585,Soft & Stretch 🤎 Reformer,2026-08-24 14:30:00,Lundi,14:30,Nathalie Hamm,Reformer,8,8,0,0.0,False
2026-07-24 08:11:32,137618708,Fondation 2 🤎 Reformer,2026-08-24 17:00:00,Lundi,17:00,Eva Bernard,Reformer,8,8,0,0.0,False
2026-07-24 08:11:32,137618814,Sculpt 🤎 Reformer,2026-08-24 18:00:00,Lundi,18:00,Eva Bernard,Reformer,8,8,0,0.0,False
2026-07-24 08:11:32,137619311,Core & Tone 🤎 Reformer,2026-08-24 19:00:00,Lundi,19:00,Eva Bernard,Reformer,8,8,0,0.0,False
2026-07-24 08:11:32,137619700,Sculpt 🤎 Reformer,2026-08-24 20:00:00,Lundi,20:00,Eva Bernard,Reformer,8,8,0,0.0,False
2026-07-24 08:11:32,137619911,Fondation 2 🤎 Reformer,2026-08-25 07:00:00,Mardi,07:00,Nathalie Hamm,Reformer,8,8,0,0.0,False
2026-07-24 08:11:32,137619978,Core & Tone 🤎 Reformer,2026-08-25 08:00:00,Mardi,08:00,Nathalie Hamm,Reformer,8,8,0,0.0,False
2026-07-24 08:11:32,138838753,Flow Trio ⭐️ Pilates Mat,2026-08-25 08:00:00,Mardi,08:00,Dani Johnson,Mat,8,8,0,0.0,False
2026-07-24 08:11:32,137620080,Dynamic Fit 🤎 Reformer,2026-08-25 09:00:00,Mardi,09:00,Nathalie Hamm,Reformer,8,8,0,0.0,False
2026-07-24 08:11:32,138839501,Fondation 2 ⭐️ Pilates Mat ,2026-08-25 09:00:00,Mardi,09:00,Dani Johnson,Mat,8,8,0,0.0,False
2026-07-24 08:11:32,137620028,Sculpt 🤎 Reformer,2026-08-25 10:00:00,Mardi,10:00,Nathalie Hamm,Reformer,8,8,0,0.0,False
2026-07-24 08:11:32,138839586,Core & Tone ⭐️ Pilates Mat ,2026-08-25 10:00:00,Mardi,10:00,Dani Johnson,Mat,8,8,0,0.0,False
2026-07-24 08:11:32,137620209,Fondation 2 🤎 Reformer,2026-08-25 12:15:00,Mardi,12:15,Léa Aveline,Reformer,8,8,0,0.0,False
2026-07-24 08:11:32,137620369,Dynamic Fit 🤎 Reformer,2026-08-25 13:15:00,Mardi,13:15,Léa Aveline,Reformer,8,8,0,0.0,False
2026-07-24 08:11:32,137620314,Soft & Stretch 🤎 Reformer,2026-08-25 14:30:00,Mardi,14:30,Léa Aveline,Reformer,8,8,0,0.0,False
2026-07-24 08:11:32,137620430,Core & Tone 🤎 Reformer,2026-08-25 16:00:00,Mardi,16:00,Léa Aveline,Reformer,8,8,0,0.0,False
2026-07-24 08:11:32,137620481,Fondation 2 🤎 Reformer,2026-08-25 17:00:00,Mardi,17:00,Léa Aveline,Reformer,8,8,0,0.0,False
2026-07-24 08:11:32,137620535,Flow Trio 🤎 Reformer,2026-08-25 18:00:00,Mardi,18:00,Léa Aveline,Reformer,8,8,0,0.0,False
2026-07-24 08:11:32,137620614,Sculpt 🤎 Reformer,2026-08-25 19:00:00,Mardi,19:00,Léa Aveline,Reformer,8,8,0,0.0,False
2026-07-24 08:11:32,137679291,Sculpt 🤎 Reformer,2026-08-26 07:00:00,Mercredi,07:00,Nathalie Hamm,Reformer,8,8,0,0.0,False
2026-07-24 08:11:32,137679366,Core & Tone 🤎 Reformer,2026-08-26 08:00:00,Mercredi,08:00,Nathalie Hamm,Reformer,8,8,0,0.0,False
2026-07-24 08:11:32,137683522,Fondation 2 ⭐️ Pilates Mat ,2026-08-26 08:00:00,Mercredi,08:00,Laetitia johan,Mat,8,8,0,0.0,False
2026-07-24 08:11:32,137679448,Fondation 2 🤎 Reformer,2026-08-26 09:00:00,Mercredi,09:00,Nathalie Hamm,Reformer,8,8,0,0.0,False
2026-07-24 08:11:32,137683576,Core & Tone ⭐️ Pilates Mat ,2026-08-26 09:00:00,Mercredi,09:00,Laetitia johan,Mat,8,8,0,0.0,False
2026-07-24 08:11:32,137683640,Fondation 1 ⭐️ Pilates Mat,2026-08-26 10:00:00,Mercredi,10:00,Laetitia johan,Mat,8,8,0,0.0,False
2026-07-24 08:11:32,137679509,Soft & Stretch 🤎 Reformer,2026-08-26 11:00:00,Mercredi,11:00,Nathalie Hamm,Reformer,8,8,0,0.0,False
2026-07-24 08:11:32,137683930,Core & Tone ⭐️ Pilates Mat ,2026-08-26 11:00:00,Mercredi,11:00,Laetitia johan,Mat,8,8,0,0.0,False
2026-07-24 08:11:32,137679564,Fondation 2 🤎 Reformer,2026-08-26 12:15:00,Mercredi,12:15,Nathalie Hamm,Reformer,8,8,0,0.0,False
2026-07-24 08:11:32,137684452,Sculpt ⭐️ Pilates Mat ,2026-08-26 12:15:00,Mercredi,12:15,Léa Aveline,Mat,8,8,0,0.0,False
2026-07-24 08:11:32,137679720,Flow Trio 🤎 Reformer,2026-08-26 13:15:00,Mercredi,13:15,Nathalie Hamm,Reformer,8,8,0,0.0,False
2026-07-24 08:11:32,137684514,Soft & Stretch ⭐️ Pilates Mat,2026-08-26 13:15:00,Mercredi,13:15,Léa Aveline,Mat,8,8,0,0.0,False
2026-07-24 08:11:32,137680226,Dynamic Fit 🤎 Reformer,2026-08-26 14:30:00,Mercredi,14:30,Nathalie Hamm,Reformer,8,8,0,0.0,False
2026-07-24 08:11:32,137684676,Sculpt ⭐️ Pilates Mat ,2026-08-26 14:30:00,Mercredi,14:30,Léa Aveline,Mat,8,8,0,0.0,False
2026-07-24 08:11:32,137680343,Sculpt 🤎 Reformer,2026-08-26 17:00:00,Mercredi,17:00,Léa Aveline,Reformer,8,8,0,0.0,False
2026-07-24 08:11:32,137680400,Fondation 2 🤎 Reformer,2026-08-26 18:00:00,Mercredi,18:00,Léa Aveline,Reformer,8,8,0,0.0,False
2026-07-24 08:11:32,137680448,Core & Tone 🤎 Reformer,2026-08-26 19:00:00,Mercredi,19:00,Léa Aveline,Reformer,8,8,0,0.0,False
2026-07-24 08:11:32,137680501,Fondation 1 🤎 Reformer,2026-08-26 20:00:00,Mercredi,20:00,Léa Aveline,Reformer,8,8,0,0.0,False
2026-07-24 08:11:32,137680559,Fondation 2 🤎 Reformer,2026-08-27 09:15:00,Jeudi,09:15,Eva Bernard,Reformer,8,8,0,0.0,False
2026-07-24 08:11:32,137680727,Core & Tone 🤎 Reformer,2026-08-27 10:15:00,Jeudi,10:15,Eva Bernard,Reformer,8,8,0,0.0,False
2026-07-24 08:11:32,137680680,Soft & Stretch 🤎 Reformer,2026-08-27 11:15:00,Jeudi,11:15,Eva Bernard,Reformer,8,8,0,0.0,False
2026-07-24 08:11:32,137680793,Fondation 1 🤎 Reformer,2026-08-27 12:15:00,Jeudi,12:15,Eva Bernard,Reformer,8,8,0,0.0,False
2026-07-24 08:11:32,138403745,Flow Trio ⭐️ Pilates Mat,2026-08-27 12:15:00,Jeudi,12:15,Aveline Caminade,Mat,8,8,0,0.0,False
2026-07-24 08:11:32,138403749,Dynamic Fit ⭐️ Pilates Mat,2026-08-27 13:15:00,Jeudi,13:15,Aveline Caminade,Mat,8,8,0,0.0,False
2026-07-24 08:11:32,137680840,Dynamic Fit 🤎 Reformer,2026-08-27 13:30:00,Jeudi,13:30,Eva Bernard,Reformer,8,8,0,0.0,False
2026-07-24 08:11:32,138403756,Fondation 2 ⭐️ Pilates Mat ,2026-08-27 14:30:00,Jeudi,14:30,Aveline Caminade,Mat,8,8,0,0.0,False
2026-07-24 08:11:32,138403827,Fondation 1 ⭐️ Pilates Mat,2026-08-27 15:30:00,Jeudi,15:30,Aveline Caminade,Mat,8,8,0,0.0,False
2026-07-24 08:11:32,137680956,Sculpt 🤎 Reformer,2026-08-27 17:00:00,Jeudi,17:00,Justin Robert,Reformer,8,8,0,0.0,False
2026-07-24 08:11:32,137681009,Dynamic Fit 🤎 Reformer,2026-08-27 18:00:00,Jeudi,18:00,Justin Robert,Reformer,8,8,0,0.0,False
2026-07-24 08:11:32,137681168,Fondation 1 🤎 Reformer,2026-08-27 19:00:00,Jeudi,19:00,Justin Robert,Reformer,8,8,0,0.0,False
2026-07-24 08:11:32,137681219,Soft & Stretch 🤎 Reformer,2026-08-27 20:00:00,Jeudi,20:00,Justin Robert,Reformer,8,8,0,0.0,False
2026-07-24 08:11:32,137681580,Fondation 2 🤎 Reformer,2026-08-28 08:00:00,Vendredi,08:00,Léa Aveline,Reformer,8,8,0,0.0,False
2026-07-24 08:11:32,138839630,Soft & Stretch ⭐️ Pilates Mat,2026-08-28 08:00:00,Vendredi,08:00,Dani Johnson,Mat,8,8,0,0.0,False
2026-07-24 08:11:32,137681628,Fondation 1 🤎 Reformer,2026-08-28 09:00:00,Vendredi,09:00,Léa Aveline,Reformer,8,8,0,0.0,False
2026-07-24 08:11:32,138839756,Dynamic Fit ⭐️ Pilates Mat,2026-08-28 09:00:00,Vendredi,09:00,Dani Johnson,Mat,8,8,0,0.0,False
2026-07-24 08:11:32,137681682,Core & Tone 🤎 Reformer,2026-08-28 10:00:00,Vendredi,10:00,Léa Aveline,Reformer,8,8,0,0.0,False
2026-07-24 08:11:32,138839682,Fondation 1 ⭐️ Pilates Mat,2026-08-28 10:00:00,Vendredi,10:00,Dani Johnson,Mat,8,8,0,0.0,False
2026-07-24 08:11:32,138839838,Fondation 1 ⭐️ Pilates Mat,2026-08-28 11:00:00,Vendredi,11:00,Dani Johnson,Mat,8,8,0,0.0,False
2026-07-24 08:11:32,137681747,Core & Tone 🤎 Reformer,2026-08-28 12:15:00,Vendredi,12:15,Léa Aveline,Reformer,8,8,0,0.0,False
2026-07-24 08:11:32,137684214,Soft & Stretch ⭐️ Pilates Mat,2026-08-28 13:00:00,Vendredi,13:00,Laetitia johan,Mat,8,8,0,0.0,False
2026-07-24 08:11:32,137681811,Fondation 2 🤎 Reformer,2026-08-28 13:15:00,Vendredi,13:15,Léa Aveline,Reformer,8,8,0,0.0,False
2026-07-24 08:11:32,137684263,Flow Trio ⭐️ Pilates Mat,2026-08-28 14:00:00,Vendredi,14:00,Laetitia johan,Mat,8,8,0,0.0,False
2026-07-24 08:11:32,137681296,Fondation 2 🤎 Reformer,2026-08-28 15:00:00,Vendredi,15:00,Nathalie Hamm,Reformer,8,8,0,0.0,False
2026-07-24 08:11:32,137684325,Dynamic Fit ⭐️ Pilates Mat,2026-08-28 15:00:00,Vendredi,15:00,Laetitia johan,Mat,8,8,0,0.0,False
2026-07-24 08:11:32,137681330,Sculpt 🤎 Reformer,2026-08-28 16:00:00,Vendredi,16:00,Nathalie Hamm,Reformer,8,8,0,0.0,False
2026-07-24 08:11:32,137684381,Sculpt ⭐️ Pilates Mat ,2026-08-28 16:00:00,Vendredi,16:00,Laetitia johan,Mat,8,8,0,0.0,False
2026-07-24 08:11:32,137681434,Flow Trio 🤎 Reformer,2026-08-28 17:00:00,Vendredi,17:00,Nathalie Hamm,Reformer,8,8,0,0.0,False
2026-07-24 08:11:32,137681491,Fondation 1 🤎 Reformer,2026-08-28 18:00:00,Vendredi,18:00,Nathalie Hamm,Reformer,8,8,0,0.0,False
2026-07-24 08:11:32,137682656,Fondation 2 🤎 Reformer,2026-08-29 09:00:00,Samedi,09:00,Léa Aveline,Reformer,8,8,0,0.0,False
2026-07-24 08:11:32,137682665,Core & Tone 🤎 Reformer,2026-08-29 10:00:00,Samedi,10:00,Léa Aveline,Reformer,8,8,0,0.0,False
2026-07-24 08:11:32,137682721,Dynamic Fit 🤎 Reformer,2026-08-29 11:00:00,Samedi,11:00,Léa Aveline,Reformer,8,8,0,0.0,False
2026-07-24 08:11:32,137682785,Flow Trio 🤎 Reformer,2026-08-29 12:00:00,Samedi,12:00,Léa Aveline,Reformer,8,8,0,0.0,False
2026-07-24 08:11:32,137682840,Fondation 2 🤎 Reformer,2026-08-30 09:00:00,Dimanche,09:00,Léa Aveline,Reformer,8,8,0,0.0,False
2026-07-24 08:11:32,137683006,Fondation 2 🤎 Reformer,2026-08-30 10:00:00,Dimanche,10:00,Léa Aveline,Reformer,8,8,0,0.0,False
2026-07-24 08:11:32,137683063,Dynamic Fit 🤎 Reformer,2026-08-30 11:00:00,Dimanche,11:00,Léa Aveline,Reformer,8,8,0,0.0,False
2026-07-24 08:11:32,137682956,Core & Tone 🤎 Reformer,2026-08-30 12:00:00,Dimanche,12:00,Léa Aveline,Reformer,8,8,0,0.0,False
2026-07-24 08:11:32,137617874,Fondation 2 🤎 Reformer,2026-08-31 07:00:00,Lundi,07:00,Nathalie Hamm,Reformer,8,8,0,0.0,False
2026-07-24 08:11:32,137618009,Sculpt 🤎 Reformer,2026-08-31 08:00:00,Lundi,08:00,Nathalie Hamm,Reformer,8,8,0,0.0,False
2026-07-24 08:11:32,137618260,Dynamic Fit 🤎 Reformer,2026-08-31 09:00:00,Lundi,09:00,Nathalie Hamm,Reformer,8,8,0,0.0,False
2026-07-24 08:11:32,138838687,Fondation 1 ⭐️ Pilates Mat,2026-08-31 10:00:00,Lundi,10:00,Dani Johnson,Mat,8,8,0,0.0,False
2026-07-24 08:11:32,137618331,Core & Tone 🤎 Reformer,2026-08-31 11:00:00,Lundi,11:00,Nathalie Hamm,Reformer,8,8,0,0.0,False
2026-07-24 08:11:32,137618388,Fondation 2 🤎 Reformer,2026-08-31 12:15:00,Lundi,12:15,Nathalie Hamm,Reformer,8,8,0,0.0,False
2026-07-24 08:11:32,138839966,Fondation 1 ⭐️ Pilates Mat,2026-08-31 12:15:00,Lundi,12:15,JEAN DUTARTRE,Mat,8,8,0,0.0,False
2026-07-24 08:11:32,137620281,Dynamic Fit 🤎 Reformer,2026-08-31 13:15:00,Lundi,13:15,Nathalie Hamm,Reformer,8,8,0,0.0,False
2026-07-24 08:11:32,138840024,Core & Tone ⭐️ Pilates Mat ,2026-08-31 13:15:00,Lundi,13:15,JEAN DUTARTRE,Mat,8,8,0,0.0,False
2026-07-24 08:11:32,137618588,Soft & Stretch 🤎 Reformer,2026-08-31 14:30:00,Lundi,14:30,Nathalie Hamm,Reformer,8,8,0,0.0,False
2026-07-24 08:11:32,137618709,Fondation 2 🤎 Reformer,2026-08-31 17:00:00,Lundi,17:00,Eva Bernard,Reformer,8,8,0,0.0,False
2026-07-24 08:11:32,137618812,Sculpt 🤎 Reformer,2026-08-31 18:00:00,Lundi,18:00,Eva Bernard,Reformer,8,8,0,0.0,False
2026-07-24 08:11:32,137619211,Core & Tone 🤎 Reformer,2026-08-31 19:00:00,Lundi,19:00,Eva Bernard,Reformer,8,8,0,0.0,False
2026-07-24 08:11:32,137619712,Sculpt 🤎 Reformer,2026-08-31 20:00:00,Lundi,20:00,Eva Bernard,Reformer,8,8,0,0.0,False
2026-07-24 08:11:32,137619906,Fondation 2 🤎 Reformer,2026-09-01 07:00:00,Mardi,07:00,Nathalie Hamm,Reformer,8,8,0,0.0,False
2026-07-24 08:11:32,137619987,Core & Tone 🤎 Reformer,2026-09-01 08:00:00,Mardi,08:00,Nathalie Hamm,Reformer,8,8,0,0.0,False
2026-07-24 08:11:32,137620077,Dynamic Fit 🤎 Reformer,2026-09-01 09:00:00,Mardi,09:00,Nathalie Hamm,Reformer,8,8,0,0.0,False
2026-07-24 08:11:32,137620027,Sculpt 🤎 Reformer,2026-09-01 10:00:00,Mardi,10:00,Nathalie Hamm,Reformer,8,8,0,0.0,False
2026-07-24 08:11:32,137620212,Fondation 2 🤎 Reformer,2026-09-01 12:15:00,Mardi,12:15,Léa Aveline,Reformer,8,8,0,0.0,False
2026-07-24 08:11:32,138840096,Dynamic Fit ⭐️ Pilates Mat,2026-09-01 12:15:00,Mardi,12:15,JEAN DUTARTRE,Mat,8,8,0,0.0,False
2026-07-24 08:11:32,137620366,Dynamic Fit 🤎 Reformer,2026-09-01 13:15:00,Mardi,13:15,Léa Aveline,Reformer,8,8,0,0.0,False
2026-07-24 08:11:32,138840170,Fondation 2 ⭐️ Pilates Mat ,2026-09-01 13:15:00,Mardi,13:15,JEAN DUTARTRE,Mat,8,8,0,0.0,False
2026-07-24 08:11:32,137620313,Soft & Stretch 🤎 Reformer,2026-09-01 14:30:00,Mardi,14:30,Léa Aveline,Reformer,8,8,0,0.0,False
2026-07-24 08:11:32,137620427,Core & Tone 🤎 Reformer,2026-09-01 16:00:00,Mardi,16:00,Léa Aveline,Reformer,8,8,0,0.0,False
2026-07-24 08:11:32,137620476,Fondation 2 🤎 Reformer,2026-09-01 17:00:00,Mardi,17:00,Léa Aveline,Reformer,8,8,0,0.0,False
2026-07-24 08:11:32,137620530,Flow Trio 🤎 Reformer,2026-09-01 18:00:00,Mardi,18:00,Léa Aveline,Reformer,8,8,0,0.0,False
2026-07-24 08:11:32,137620589,Sculpt 🤎 Reformer,2026-09-01 19:00:00,Mardi,19:00,Léa Aveline,Reformer,8,8,0,0.0,False
2026-07-24 08:11:32,137679290,Sculpt 🤎 Reformer,2026-09-02 07:00:00,Mercredi,07:00,Nathalie Hamm,Reformer,8,8,0,0.0,False
2026-07-24 08:11:32,137679371,Core & Tone 🤎 Reformer,2026-09-02 08:00:00,Mercredi,08:00,Nathalie Hamm,Reformer,8,8,0,0.0,False
2026-07-24 08:11:32,137679433,Fondation 2 🤎 Reformer,2026-09-02 09:00:00,Mercredi,09:00,Nathalie Hamm,Reformer,8,8,0,0.0,False
2026-07-24 08:11:32,137683633,Fondation 1 ⭐️ Pilates Mat,2026-09-02 10:00:00,Mercredi,10:00,Laetitia johan,Mat,8,8,0,0.0,False
2026-07-24 08:11:32,137679507,Soft & Stretch 🤎 Reformer,2026-09-02 11:00:00,Mercredi,11:00,Nathalie Hamm,Reformer,8,8,0,0.0,False
2026-07-24 08:11:32,137683909,Core & Tone ⭐️ Pilates Mat ,2026-09-02 11:00:00,Mercredi,11:00,Laetitia johan,Mat,8,8,0,0.0,False
2026-07-24 08:11:32,137679566,Fondation 2 🤎 Reformer,2026-09-02 12:15:00,Mercredi,12:15,Nathalie Hamm,Reformer,8,8,0,0.0,False
2026-07-24 08:11:32,137684444,Sculpt ⭐️ Pilates Mat ,2026-09-02 12:15:00,Mercredi,12:15,Léa Aveline,Mat,8,8,0,0.0,False
2026-07-24 08:11:32,137679731,Flow Trio 🤎 Reformer,2026-09-02 13:15:00,Mercredi,13:15,Nathalie Hamm,Reformer,8,8,0,0.0,False
2026-07-24 08:11:32,137684515,Soft & Stretch ⭐️ Pilates Mat,2026-09-02 13:15:00,Mercredi,13:15,Léa Aveline,Mat,8,8,0,0.0,False
2026-07-24 08:11:32,137680223,Dynamic Fit 🤎 Reformer,2026-09-02 14:30:00,Mercredi,14:30,Nathalie Hamm,Reformer,8,8,0,0.0,False
2026-07-24 08:11:32,137684673,Sculpt ⭐️ Pilates Mat ,2026-09-02 14:30:00,Mercredi,14:30,Léa Aveline,Mat,8,8,0,0.0,False
2026-07-24 08:11:32,138403553,Core & Tone ⭐️ Pilates Mat ,2026-09-02 16:00:00,Mercredi,16:00,Aveline Caminade,Mat,8,8,0,0.0,False
2026-07-24 08:11:32,137680340,Sculpt 🤎 Reformer,2026-09-02 17:00:00,Mercredi,17:00,Léa Aveline,Reformer,8,8,0,0.0,False
2026-07-24 08:11:32,138403606,Dynamic Fit ⭐️ Pilates Mat,2026-09-02 17:00:00,Mercredi,17:00,Aveline Caminade,Mat,8,8,0,0.0,False
2026-07-24 08:11:32,137680396,Fondation 2 🤎 Reformer,2026-09-02 18:00:00,Mercredi,18:00,Léa Aveline,Reformer,8,8,0,0.0,False
2026-07-24 08:11:32,138403689,Sculpt ⭐️ Pilates Mat ,2026-09-02 18:00:00,Mercredi,18:00,Aveline Caminade,Mat,8,8,0,0.0,False
2026-07-24 08:11:32,137680450,Core & Tone 🤎 Reformer,2026-09-02 19:00:00,Mercredi,19:00,Léa Aveline,Reformer,8,8,0,0.0,False
2026-07-24 08:11:32,137680506,Fondation 1 🤎 Reformer,2026-09-02 20:00:00,Mercredi,20:00,Léa Aveline,Reformer,8,8,0,0.0,False
2026-07-24 08:11:32,137680570,Fondation 2 🤎 Reformer,2026-09-03 09:15:00,Jeudi,09:15,Eva Bernard,Reformer,8,8,0,0.0,False
2026-07-24 08:11:32,137680729,Core & Tone 🤎 Reformer,2026-09-03 10:15:00,Jeudi,10:15,Eva Bernard,Reformer,8,8,0,0.0,False
2026-07-24 08:11:32,137680677,Soft & Stretch 🤎 Reformer,2026-09-03 11:15:00,Jeudi,11:15,Eva Bernard,Reformer,8,8,0,0.0,False
2026-07-24 08:11:32,137680801,Fondation 1 🤎 Reformer,2026-09-03 12:15:00,Jeudi,12:15,Eva Bernard,Reformer,8,8,0,0.0,False
2026-07-24 08:11:32,137680842,Dynamic Fit 🤎 Reformer,2026-09-03 13:30:00,Jeudi,13:30,Eva Bernard,Reformer,8,8,0,0.0,False
2026-07-24 08:11:32,137680954,Sculpt 🤎 Reformer,2026-09-03 17:00:00,Jeudi,17:00,Justin Robert,Reformer,8,8,0,0.0,False
2026-07-24 08:11:32,137681016,Dynamic Fit 🤎 Reformer,2026-09-03 18:00:00,Jeudi,18:00,Justin Robert,Reformer,8,8,0,0.0,False
2026-07-24 08:11:32,137681166,Fondation 1 🤎 Reformer,2026-09-03 19:00:00,Jeudi,19:00,Justin Robert,Reformer,8,8,0,0.0,False
2026-07-24 08:11:32,137681218,Soft & Stretch 🤎 Reformer,2026-09-03 20:00:00,Jeudi,20:00,Justin Robert,Reformer,8,8,0,0.0,False
2026-07-24 08:11:32,137681577,Fondation 2 🤎 Reformer,2026-09-04 08:00:00,Vendredi,08:00,Léa Aveline,Reformer,8,8,0,0.0,False
2026-07-24 08:11:32,137681632,Fondation 1 🤎 Reformer,2026-09-04 09:00:00,Vendredi,09:00,Léa Aveline,Reformer,8,8,0,0.0,False
2026-07-24 08:11:32,137681683,Core & Tone 🤎 Reformer,2026-09-04 10:00:00,Vendredi,10:00,Léa Aveline,Reformer,8,8,0,0.0,False
2026-07-24 08:11:32,137684383,Sculpt ⭐️ Pilates Mat ,2026-09-04 12:00:00,Vendredi,12:00,Laetitia johan,Mat,8,8,0,0.0,False
2026-07-24 08:11:32,137681749,Core & Tone 🤎 Reformer,2026-09-04 12:15:00,Vendredi,12:15,Léa Aveline,Reformer,8,8,0,0.0,False
2026-07-24 08:11:32,137684208,Soft & Stretch ⭐️ Pilates Mat,2026-09-04 13:00:00,Vendredi,13:00,Laetitia johan,Mat,8,8,0,0.0,False
2026-07-24 08:11:32,137681805,Fondation 2 🤎 Reformer,2026-09-04 13:15:00,Vendredi,13:15,Léa Aveline,Reformer,8,8,0,0.0,False
2026-07-24 08:11:32,137684264,Flow Trio ⭐️ Pilates Mat,2026-09-04 14:00:00,Vendredi,14:00,Laetitia johan,Mat,8,8,0,0.0,False
2026-07-24 08:11:32,137681318,Fondation 2 🤎 Reformer,2026-09-04 15:00:00,Vendredi,15:00,Nathalie Hamm,Reformer,8,8,0,0.0,False
2026-07-24 08:11:32,137684323,Dynamic Fit ⭐️ Pilates Mat,2026-09-04 15:00:00,Vendredi,15:00,Laetitia johan,Mat,8,8,0,0.0,False
2026-07-24 08:11:32,137681338,Sculpt 🤎 Reformer,2026-09-04 16:00:00,Vendredi,16:00,Nathalie Hamm,Reformer,8,8,0,0.0,False
2026-07-24 08:11:32,137681438,Flow Trio 🤎 Reformer,2026-09-04 17:00:00,Vendredi,17:00,Nathalie Hamm,Reformer,8,8,0,0.0,False
2026-07-24 08:11:32,137681490,Fondation 1 🤎 Reformer,2026-09-04 18:00:00,Vendredi,18:00,Nathalie Hamm,Reformer,8,8,0,0.0,False
2026-07-24 08:11:32,137682647,Fondation 2 🤎 Reformer,2026-09-05 09:00:00,Samedi,09:00,JEAN DUTARTRE,Reformer,8,8,0,0.0,False
2026-07-24 08:11:32,137682664,Core & Tone 🤎 Reformer,2026-09-05 10:00:00,Samedi,10:00,JEAN DUTARTRE,Reformer,8,8,0,0.0,False
2026-07-24 08:11:32,137682722,Dynamic Fit 🤎 Reformer,2026-09-05 11:00:00,Samedi,11:00,JEAN DUTARTRE,Reformer,8,8,0,0.0,False
2026-07-24 08:11:32,137682797,Flow Trio 🤎 Reformer,2026-09-05 12:00:00,Samedi,12:00,JEAN DUTARTRE,Reformer,8,8,0,0.0,False
2026-07-24 08:11:32,137682853,Fondation 2 🤎 Reformer,2026-09-06 09:00:00,Dimanche,09:00,JEAN DUTARTRE,Reformer,8,8,0,0.0,False
2026-07-24 08:11:32,137683015,Fondation 2 🤎 Reformer,2026-09-06 10:00:00,Dimanche,10:00,JEAN DUTARTRE,Reformer,8,8,0,0.0,False
2026-07-24 08:11:32,137683065,Dynamic Fit 🤎 Reformer,2026-09-06 11:00:00,Dimanche,11:00,JEAN DUTARTRE,Reformer,8,8,0,0.0,False
2026-07-24 08:11:32,137682952,Core & Tone 🤎 Reformer,2026-09-06 12:00:00,Dimanche,12:00,JEAN DUTARTRE,Reformer,8,8,0,0.0,False
2026-07-24 08:11:32,138838684,Fondation 1 ⭐️ Pilates Mat,2026-09-07 10:00:00,Lundi,10:00,Dani Johnson,Mat,8,8,0,0.0,False
2026-07-24 08:11:32,138839967,Fondation 1 ⭐️ Pilates Mat,2026-09-07 12:15:00,Lundi,12:15,JEAN DUTARTRE,Mat,8,8,0,0.0,False
2026-07-24 08:11:32,138840025,Core & Tone ⭐️ Pilates Mat ,2026-09-07 13:15:00,Lundi,13:15,JEAN DUTARTRE,Mat,8,8,0,0.0,False
2026-07-24 08:11:32,138840098,Dynamic Fit ⭐️ Pilates Mat,2026-09-08 12:15:00,Mardi,12:15,JEAN DUTARTRE,Mat,8,8,0,0.0,False
2026-07-24 08:11:32,138840168,Fondation 2 ⭐️ Pilates Mat ,2026-09-08 13:15:00,Mardi,13:15,JEAN DUTARTRE,Mat,8,8,0,0.0,False
2026-07-24 08:11:32,138403550,Core & Tone ⭐️ Pilates Mat ,2026-09-09 16:00:00,Mercredi,16:00,Aveline Caminade,Mat,8,8,0,0.0,False
2026-07-24 08:11:32,138403609,Dynamic Fit ⭐️ Pilates Mat,2026-09-09 17:00:00,Mercredi,17:00,Aveline Caminade,Mat,8,8,0,0.0,False
2026-07-24 08:11:32,138403694,Sculpt ⭐️ Pilates Mat ,2026-09-09 18:00:00,Mercredi,18:00,Aveline Caminade,Mat,8,8,0,0.0,False
2026-07-24 08:11:32,138838699,Fondation 1 ⭐️ Pilates Mat,2026-09-14 10:00:00,Lundi,10:00,Dani Johnson,Mat,8,8,0,0.0,False
2026-07-24 08:11:32,138839968,Fondation 1 ⭐️ Pilates Mat,2026-09-14 12:15:00,Lundi,12:15,JEAN DUTARTRE,Mat,8,8,0,0.0,False
2026-07-24 08:11:32,138840026,Core & Tone ⭐️ Pilates Mat ,2026-09-14 13:15:00,Lundi,13:15,JEAN DUTARTRE,Mat,8,8,0,0.0,False
2026-07-24 08:11:32,138840097,Dynamic Fit ⭐️ Pilates Mat,2026-09-15 12:15:00,Mardi,12:15,JEAN DUTARTRE,Mat,8,8,0,0.0,False
2026-07-24 08:11:32,138840171,Fondation 2 ⭐️ Pilates Mat ,2026-09-15 13:15:00,Mardi,13:15,JEAN DUTARTRE,Mat,8,8,0,0.0,False
2026-07-24 08:11:32,138403554,Core & Tone ⭐️ Pilates Mat ,2026-09-16 16:00:00,Mercredi,16:00,Aveline Caminade,Mat,8,8,0,0.0,False
2026-07-24 08:11:32,138403607,Dynamic Fit ⭐️ Pilates Mat,2026-09-16 17:00:00,Mercredi,17:00,Aveline Caminade,Mat,8,8,0,0.0,False
2026-07-24 08:11:32,138403668,Sculpt ⭐️ Pilates Mat ,2026-09-16 18:00:00,Mercredi,18:00,Aveline Caminade,Mat,8,8,0,0.0,False
2026-07-24 08:11:32,138838688,Fondation 1 ⭐️ Pilates Mat,2026-09-21 10:00:00,Lundi,10:00,Dani Johnson,Mat,8,8,0,0.0,False
2026-07-25 07:53:01,137617870,Fondation 2 🤎 Reformer,2026-08-03 07:00:00,Lundi,07:00,Aveline Caminade,Reformer,4,3,1,25.0,False
2026-07-25 07:53:01,137618003,Sculpt 🤎 Reformer,2026-08-03 08:00:00,Lundi,08:00,Aveline Caminade,Reformer,4,4,0,0.0,False
2026-07-25 07:53:01,137618256,Dynamic Fit 🤎 Reformer,2026-08-03 09:00:00,Lundi,09:00,Aveline Caminade,Reformer,4,0,4,100.0,False
2026-07-25 07:53:01,137618704,Fondation 2 🤎 Reformer,2026-08-03 17:00:00,Lundi,17:00,Eva Bernard,Reformer,4,4,0,0.0,False
2026-07-25 07:53:01,137618807,Fondation 1 🤎 Reformer,2026-08-03 18:00:00,Lundi,18:00,Eva Bernard,Reformer,4,3,1,25.0,False
2026-07-25 07:53:01,137619206,Core & Tone 🤎 Reformer,2026-08-03 19:00:00,Lundi,19:00,Eva Bernard,Reformer,4,4,0,0.0,False
2026-07-25 07:53:01,137619698,Sculpt 🤎 Reformer,2026-08-03 20:00:00,Lundi,20:00,Eva Bernard,Reformer,4,3,1,25.0,False
2026-07-25 07:53:01,138961684,Core & Tone ⭐️ Pilates Mat ,2026-08-04 08:00:00,Mardi,08:00,Dani Johnson,Mat,8,8,0,0.0,False
2026-07-25 07:53:01,138961695,Soft & Stretch ⭐️ Pilates Mat,2026-08-04 09:00:00,Mardi,09:00,Dani Johnson,Mat,8,8,0,0.0,False
2026-07-25 07:53:01,138961733,Dynamic Fit ⭐️ Pilates Mat,2026-08-04 10:00:00,Mardi,10:00,Dani Johnson,Mat,8,8,0,0.0,False
2026-07-25 07:53:01,137620205,Fondation 2 🤎 Reformer,2026-08-04 12:15:00,Mardi,12:15,Léa Aveline,Reformer,4,4,0,0.0,False
2026-07-25 07:53:01,137620363,Dynamic Fit 🤎 Reformer,2026-08-04 13:15:00,Mardi,13:15,Léa Aveline,Reformer,4,4,0,0.0,False
2026-07-25 07:53:01,137620311,Soft & Stretch 🤎 Reformer,2026-08-04 14:30:00,Mardi,14:30,Léa Aveline,Reformer,4,4,0,0.0,False
2026-07-25 07:53:01,137620422,Core & Tone 🤎 Reformer,2026-08-04 16:00:00,Mardi,16:00,Léa Aveline,Reformer,4,4,0,0.0,False
2026-07-25 07:53:01,137620475,Fondation 2 🤎 Reformer,2026-08-04 17:00:00,Mardi,17:00,Léa Aveline,Reformer,4,4,0,0.0,False
2026-07-25 07:53:01,137620529,Flow Trio 🤎 Reformer,2026-08-04 18:00:00,Mardi,18:00,Léa Aveline,Reformer,4,4,0,0.0,False
2026-07-25 07:53:01,137620585,Sculpt 🤎 Reformer,2026-08-04 19:00:00,Mardi,19:00,Léa Aveline,Reformer,4,4,0,0.0,False
2026-07-25 07:53:01,137684442,Sculpt ⭐️ Pilates Mat ,2026-08-05 12:15:00,Mercredi,12:15,Léa Aveline,Mat,8,8,0,0.0,False
2026-07-25 07:53:01,137679563,Fondation 2 🤎 Reformer,2026-08-05 12:15:00,Mercredi,12:15,Sabine  Forêt ,Reformer,4,4,0,0.0,False
2026-07-25 07:53:01,137684513,Soft & Stretch ⭐️ Pilates Mat,2026-08-05 13:15:00,Mercredi,13:15,Léa Aveline,Mat,8,8,0,0.0,False
2026-07-25 07:53:01,137679716,Flow Trio 🤎 Reformer,2026-08-05 13:15:00,Mercredi,13:15,Sabine  Forêt ,Reformer,4,4,0,0.0,False
2026-07-25 07:53:01,137684669,Sculpt ⭐️ Pilates Mat ,2026-08-05 14:30:00,Mercredi,14:30,Léa Aveline,Mat,8,8,0,0.0,False
2026-07-25 07:53:01,137680222,Dynamic Fit 🤎 Reformer,2026-08-05 14:30:00,Mercredi,14:30,Sabine  Forêt ,Reformer,4,4,0,0.0,False
2026-07-25 07:53:01,137680337,Sculpt 🤎 Reformer,2026-08-05 17:00:00,Mercredi,17:00,Léa Aveline,Reformer,4,4,0,0.0,False
2026-07-25 07:53:01,137680394,Fondation 2 🤎 Reformer,2026-08-05 18:00:00,Mercredi,18:00,Léa Aveline,Reformer,4,4,0,0.0,False
2026-07-25 07:53:01,137680446,Core & Tone 🤎 Reformer,2026-08-05 19:00:00,Mercredi,19:00,Léa Aveline,Reformer,4,4,0,0.0,False
2026-07-25 07:53:01,137680502,Fondation 1 🤎 Reformer,2026-08-05 20:00:00,Mercredi,20:00,Léa Aveline,Reformer,4,4,0,0.0,False
2026-07-25 07:53:01,137680561,Fondation 2 🤎 Reformer,2026-08-06 09:15:00,Jeudi,09:15,Eva Bernard,Reformer,4,1,3,75.0,False
2026-07-25 07:53:01,137680725,Core & Tone 🤎 Reformer,2026-08-06 10:15:00,Jeudi,10:15,Eva Bernard,Reformer,4,4,0,0.0,False
2026-07-25 07:53:01,137680670,Soft & Stretch 🤎 Reformer,2026-08-06 11:15:00,Jeudi,11:15,Eva Bernard,Reformer,4,4,0,0.0,False
2026-07-25 07:53:01,137680786,Fondation 1 🤎 Reformer,2026-08-06 12:15:00,Jeudi,12:15,Eva Bernard,Reformer,4,4,0,0.0,False
2026-07-25 07:53:01,138403741,Flow Trio ⭐️ Pilates Mat,2026-08-06 12:15:00,Jeudi,12:15,Aveline Caminade,Mat,8,8,0,0.0,False
2026-07-25 07:53:01,138403747,Dynamic Fit ⭐️ Pilates Mat,2026-08-06 13:15:00,Jeudi,13:15,Aveline Caminade,Mat,8,8,0,0.0,False
2026-07-25 07:53:01,137680848,Dynamic Fit 🤎 Reformer,2026-08-06 13:30:00,Jeudi,13:30,Eva Bernard,Reformer,4,4,0,0.0,False
2026-07-25 07:53:01,138403755,Fondation 2 ⭐️ Pilates Mat ,2026-08-06 14:30:00,Jeudi,14:30,Aveline Caminade,Mat,8,8,0,0.0,False
2026-07-25 07:53:01,138403826,Fondation 1 ⭐️ Pilates Mat,2026-08-06 15:30:00,Jeudi,15:30,Aveline Caminade,Mat,8,8,0,0.0,False
2026-07-25 07:53:01,137680952,Sculpt 🤎 Reformer,2026-08-06 17:00:00,Jeudi,17:00,Justin Robert,Reformer,4,4,0,0.0,False
2026-07-25 07:53:01,137681008,Dynamic Fit 🤎 Reformer,2026-08-06 18:00:00,Jeudi,18:00,Justin Robert,Reformer,4,4,0,0.0,False
2026-07-25 07:53:01,137681164,Fondation 1 🤎 Reformer,2026-08-06 19:00:00,Jeudi,19:00,Justin Robert,Reformer,4,4,0,0.0,False
2026-07-25 07:53:01,137681215,Soft & Stretch 🤎 Reformer,2026-08-06 20:00:00,Jeudi,20:00,Justin Robert,Reformer,4,4,0,0.0,False
2026-07-25 07:53:01,137681575,Fondation 2 🤎 Reformer,2026-08-07 08:00:00,Vendredi,08:00,Léa Aveline,Reformer,4,4,0,0.0,False
2026-07-25 07:53:01,137681626,Fondation 1 🤎 Reformer,2026-08-07 09:00:00,Vendredi,09:00,Léa Aveline,Reformer,4,4,0,0.0,False
2026-07-25 07:53:01,137681679,Core & Tone 🤎 Reformer,2026-08-07 10:00:00,Vendredi,10:00,Léa Aveline,Reformer,4,1,3,75.0,False
2026-07-25 07:53:01,137681745,Core & Tone 🤎 Reformer,2026-08-07 12:15:00,Vendredi,12:15,Léa Aveline,Reformer,4,4,0,0.0,False
2026-07-25 07:53:01,137681801,Fondation 2 🤎 Reformer,2026-08-07 13:15:00,Vendredi,13:15,Léa Aveline,Reformer,4,4,0,0.0,False
2026-07-25 07:53:01,137681278,Fondation 2 🤎 Reformer,2026-08-07 15:00:00,Vendredi,15:00,Eva Bernard,Reformer,4,4,0,0.0,False
2026-07-25 07:53:01,137681325,Sculpt 🤎 Reformer,2026-08-07 16:00:00,Vendredi,16:00,Eva Bernard,Reformer,4,4,0,0.0,False
2026-07-25 07:53:01,137681432,Flow Trio 🤎 Reformer,2026-08-07 17:00:00,Vendredi,17:00,Eva Bernard,Reformer,4,4,0,0.0,False
2026-07-25 07:53:01,137681487,Fondation 1 🤎 Reformer,2026-08-07 18:00:00,Vendredi,18:00,Eva Bernard,Reformer,4,4,0,0.0,False
2026-07-25 07:53:01,137682623,Fondation 2 🤎 Reformer,2026-08-08 09:00:00,Samedi,09:00,Eva Bernard,Reformer,4,4,0,0.0,False
2026-07-25 07:53:01,137682663,Core & Tone 🤎 Reformer,2026-08-08 10:00:00,Samedi,10:00,Eva Bernard,Reformer,4,4,0,0.0,False
2026-07-25 07:53:01,137682719,Dynamic Fit 🤎 Reformer,2026-08-08 11:00:00,Samedi,11:00,Eva Bernard,Reformer,4,4,0,0.0,False
2026-07-25 07:53:01,137682794,Flow Trio 🤎 Reformer,2026-08-08 12:00:00,Samedi,12:00,Eva Bernard,Reformer,4,4,0,0.0,False
2026-07-25 07:53:01,137682839,Fondation 2 🤎 Reformer,2026-08-09 09:00:00,Dimanche,09:00,Eva Bernard,Reformer,4,4,0,0.0,False
2026-07-25 07:53:01,137683010,Fondation 2 🤎 Reformer,2026-08-09 10:00:00,Dimanche,10:00,Eva Bernard,Reformer,4,4,0,0.0,False
2026-07-25 07:53:01,137683066,Dynamic Fit 🤎 Reformer,2026-08-09 11:00:00,Dimanche,11:00,Eva Bernard,Reformer,4,4,0,0.0,False
2026-07-25 07:53:01,137682949,Core & Tone 🤎 Reformer,2026-08-09 12:00:00,Dimanche,12:00,Eva Bernard,Reformer,4,4,0,0.0,False
2026-07-25 07:53:01,137617871,Fondation 2 🤎 Reformer,2026-08-10 07:00:00,Lundi,07:00,Aveline Caminade,Reformer,4,4,0,0.0,False
2026-07-25 07:53:01,137618004,Sculpt 🤎 Reformer,2026-08-10 08:00:00,Lundi,08:00,Aveline Caminade,Reformer,4,4,0,0.0,False
2026-07-25 07:53:01,138838572,Fondation 2 ⭐️ Pilates Mat ,2026-08-10 08:00:00,Lundi,08:00,Dani Johnson,Mat,8,8,0,0.0,False
2026-07-25 07:53:01,137618258,Dynamic Fit 🤎 Reformer,2026-08-10 09:00:00,Lundi,09:00,Aveline Caminade,Reformer,4,3,1,25.0,False
2026-07-25 07:53:01,138838626,Dynamic Fit ⭐️ Pilates Mat,2026-08-10 09:00:00,Lundi,09:00,Dani Johnson,Mat,8,8,0,0.0,False
2026-07-25 07:53:01,138838686,Fondation 1 ⭐️ Pilates Mat,2026-08-10 10:00:00,Lundi,10:00,Dani Johnson,Mat,8,8,0,0.0,False
2026-07-25 07:53:01,137618590,Soft & Stretch 🤎 Reformer,2026-08-10 14:30:00,Lundi,14:30,Aveline Caminade,Reformer,4,4,0,0.0,False
2026-07-25 07:53:01,137618705,Fondation 2 🤎 Reformer,2026-08-10 17:00:00,Lundi,17:00,Eva Bernard,Reformer,4,4,0,0.0,False
2026-07-25 07:53:01,137618809,Sculpt 🤎 Reformer,2026-08-10 18:00:00,Lundi,18:00,Eva Bernard,Reformer,4,4,0,0.0,False
2026-07-25 07:53:01,137619312,Core & Tone 🤎 Reformer,2026-08-10 19:00:00,Lundi,19:00,Eva Bernard,Reformer,4,4,0,0.0,False
2026-07-25 07:53:01,137619699,Sculpt 🤎 Reformer,2026-08-10 20:00:00,Lundi,20:00,Eva Bernard,Reformer,4,4,0,0.0,False
2026-07-25 07:53:01,138838750,Flow Trio ⭐️ Pilates Mat,2026-08-11 08:00:00,Mardi,08:00,Dani Johnson,Mat,8,8,0,0.0,False
2026-07-25 07:53:01,138839507,Fondation 2 ⭐️ Pilates Mat ,2026-08-11 09:00:00,Mardi,09:00,Dani Johnson,Mat,8,8,0,0.0,False
2026-07-25 07:53:01,138839555,Core & Tone ⭐️ Pilates Mat ,2026-08-11 10:00:00,Mardi,10:00,Dani Johnson,Mat,8,8,0,0.0,False
2026-07-25 07:53:01,137620207,Fondation 2 🤎 Reformer,2026-08-11 12:15:00,Mardi,12:15,Léa Aveline,Reformer,4,4,0,0.0,False
2026-07-25 07:53:01,137620364,Dynamic Fit 🤎 Reformer,2026-08-11 13:15:00,Mardi,13:15,Léa Aveline,Reformer,4,4,0,0.0,False
2026-07-25 07:53:01,137620312,Soft & Stretch 🤎 Reformer,2026-08-11 14:30:00,Mardi,14:30,Léa Aveline,Reformer,4,4,0,0.0,False
2026-07-25 07:53:01,137620423,Core & Tone 🤎 Reformer,2026-08-11 16:00:00,Mardi,16:00,Léa Aveline,Reformer,4,4,0,0.0,False
2026-07-25 07:53:01,137620480,Fondation 2 🤎 Reformer,2026-08-11 17:00:00,Mardi,17:00,Léa Aveline,Reformer,4,4,0,0.0,False
2026-07-25 07:53:01,137620542,Flow Trio 🤎 Reformer,2026-08-11 18:00:00,Mardi,18:00,Léa Aveline,Reformer,4,4,0,0.0,False
2026-07-25 07:53:01,137620584,Sculpt 🤎 Reformer,2026-08-11 19:00:00,Mardi,19:00,Léa Aveline,Reformer,4,4,0,0.0,False
2026-07-25 07:53:01,137683519,Fondation 2 ⭐️ Pilates Mat ,2026-08-12 08:00:00,Mercredi,08:00,Léa Aveline,Mat,8,7,1,12.5,False
2026-07-25 07:53:01,137683574,Core & Tone ⭐️ Pilates Mat ,2026-08-12 09:00:00,Mercredi,09:00,Léa Aveline,Mat,8,8,0,0.0,False
2026-07-25 07:53:01,137679432,Fondation 2 🤎 Reformer,2026-08-12 09:00:00,Mercredi,09:00,Eva Bernard,Reformer,8,8,0,0.0,False
2026-07-25 07:53:01,137679508,Soft & Stretch 🤎 Reformer,2026-08-12 11:00:00,Mercredi,11:00,Eva Bernard,Reformer,8,2,6,75.0,False
2026-07-25 07:53:01,137684447,Sculpt ⭐️ Pilates Mat ,2026-08-12 12:15:00,Mercredi,12:15,Léa Aveline,Mat,8,8,0,0.0,False
2026-07-25 07:53:01,137679562,Fondation 2 🤎 Reformer,2026-08-12 12:15:00,Mercredi,12:15,Eva Bernard,Reformer,8,8,0,0.0,False
2026-07-25 07:53:01,137684519,Soft & Stretch ⭐️ Pilates Mat,2026-08-12 13:15:00,Mercredi,13:15,Léa Aveline,Mat,8,8,0,0.0,False
2026-07-25 07:53:01,137679709,Flow Trio 🤎 Reformer,2026-08-12 13:15:00,Mercredi,13:15,Eva Bernard,Reformer,8,8,0,0.0,False
2026-07-25 07:53:01,137684671,Sculpt ⭐️ Pilates Mat ,2026-08-12 14:30:00,Mercredi,14:30,Léa Aveline,Mat,8,8,0,0.0,False
2026-07-25 07:53:01,137680338,Sculpt 🤎 Reformer,2026-08-12 17:00:00,Mercredi,17:00,Léa Aveline,Reformer,8,8,0,0.0,False
2026-07-25 07:53:01,137680393,Fondation 2 🤎 Reformer,2026-08-12 18:00:00,Mercredi,18:00,Léa Aveline,Reformer,8,8,0,0.0,False
2026-07-25 07:53:01,137680453,Core & Tone 🤎 Reformer,2026-08-12 19:00:00,Mercredi,19:00,Léa Aveline,Reformer,8,8,0,0.0,False
2026-07-25 07:53:01,137680505,Fondation 1 🤎 Reformer,2026-08-12 20:00:00,Mercredi,20:00,Léa Aveline,Reformer,8,8,0,0.0,False
2026-07-25 07:53:01,137680562,Fondation 2 🤎 Reformer,2026-08-13 09:15:00,Jeudi,09:15,Eva Bernard,Reformer,8,8,0,0.0,False
2026-07-25 07:53:01,137680726,Core & Tone 🤎 Reformer,2026-08-13 10:15:00,Jeudi,10:15,Eva Bernard,Reformer,8,8,0,0.0,False
2026-07-25 07:53:01,137680671,Soft & Stretch 🤎 Reformer,2026-08-13 11:15:00,Jeudi,11:15,Eva Bernard,Reformer,8,8,0,0.0,False
2026-07-25 07:53:01,137680787,Fondation 1 🤎 Reformer,2026-08-13 12:15:00,Jeudi,12:15,Eva Bernard,Reformer,8,8,0,0.0,False
2026-07-25 07:53:01,138403743,Flow Trio ⭐️ Pilates Mat,2026-08-13 12:15:00,Jeudi,12:15,Aveline Caminade,Mat,8,8,0,0.0,False
2026-07-25 07:53:01,138403746,Dynamic Fit ⭐️ Pilates Mat,2026-08-13 13:15:00,Jeudi,13:15,Aveline Caminade,Mat,8,8,0,0.0,False
2026-07-25 07:53:01,137680844,Dynamic Fit 🤎 Reformer,2026-08-13 13:30:00,Jeudi,13:30,Eva Bernard,Reformer,8,8,0,0.0,False
2026-07-25 07:53:01,138403754,Fondation 2 ⭐️ Pilates Mat ,2026-08-13 14:30:00,Jeudi,14:30,Aveline Caminade,Mat,8,8,0,0.0,False
2026-07-25 07:53:01,138403825,Fondation 1 ⭐️ Pilates Mat,2026-08-13 15:30:00,Jeudi,15:30,Aveline Caminade,Mat,8,8,0,0.0,False
2026-07-25 07:53:01,137681573,Fondation 2 🤎 Reformer,2026-08-14 08:00:00,Vendredi,08:00,Léa Aveline,Reformer,8,8,0,0.0,False
2026-07-25 07:53:01,138839628,Soft & Stretch ⭐️ Pilates Mat,2026-08-14 08:00:00,Vendredi,08:00,Dani Johnson,Mat,8,8,0,0.0,False
2026-07-25 07:53:01,137681629,Fondation 1 🤎 Reformer,2026-08-14 09:00:00,Vendredi,09:00,Léa Aveline,Reformer,8,8,0,0.0,False
2026-07-25 07:53:01,138839753,Dynamic Fit ⭐️ Pilates Mat,2026-08-14 09:00:00,Vendredi,09:00,Dani Johnson,Mat,8,8,0,0.0,False
2026-07-25 07:53:01,137681680,Core & Tone 🤎 Reformer,2026-08-14 10:00:00,Vendredi,10:00,Léa Aveline,Reformer,8,8,0,0.0,False
2026-07-25 07:53:01,138839680,Fondation 1 ⭐️ Pilates Mat,2026-08-14 10:00:00,Vendredi,10:00,Dani Johnson,Mat,8,8,0,0.0,False
2026-07-25 07:53:01,138839836,Fondation 1 ⭐️ Pilates Mat,2026-08-14 11:00:00,Vendredi,11:00,Dani Johnson,Mat,8,8,0,0.0,False
2026-07-25 07:53:01,137681744,Core & Tone 🤎 Reformer,2026-08-14 12:15:00,Vendredi,12:15,Léa Aveline,Reformer,8,8,0,0.0,False
2026-07-25 07:53:01,137684205,Soft & Stretch ⭐️ Pilates Mat,2026-08-14 13:00:00,Vendredi,13:00,Laetitia johan,Mat,8,8,0,0.0,False
2026-07-25 07:53:01,137681802,Fondation 2 🤎 Reformer,2026-08-14 13:15:00,Vendredi,13:15,Léa Aveline,Reformer,8,8,0,0.0,False
2026-07-25 07:53:01,137684260,Flow Trio ⭐️ Pilates Mat,2026-08-14 14:00:00,Vendredi,14:00,Laetitia johan,Mat,8,8,0,0.0,False
2026-07-25 07:53:01,137681297,Fondation 2 🤎 Reformer,2026-08-14 15:00:00,Vendredi,15:00,Eva Bernard,Reformer,8,8,0,0.0,False
2026-07-25 07:53:01,137684324,Dynamic Fit ⭐️ Pilates Mat,2026-08-14 15:00:00,Vendredi,15:00,Laetitia johan,Mat,8,8,0,0.0,False
2026-07-25 07:53:01,137681327,Sculpt 🤎 Reformer,2026-08-14 16:00:00,Vendredi,16:00,Eva Bernard,Reformer,8,8,0,0.0,False
2026-07-25 07:53:01,137684376,Sculpt ⭐️ Pilates Mat ,2026-08-14 16:00:00,Vendredi,16:00,Laetitia johan,Mat,8,8,0,0.0,False
2026-07-25 07:53:01,137681430,Flow Trio 🤎 Reformer,2026-08-14 17:00:00,Vendredi,17:00,Eva Bernard,Reformer,8,8,0,0.0,False
2026-07-25 07:53:01,137681492,Fondation 1 🤎 Reformer,2026-08-14 18:00:00,Vendredi,18:00,Eva Bernard,Reformer,8,8,0,0.0,False
2026-07-25 07:53:01,137682625,Fondation 2 🤎 Reformer,2026-08-15 09:00:00,Samedi,09:00,Léa Aveline,Reformer,8,8,0,0.0,False
2026-07-25 07:53:01,137682666,Core & Tone 🤎 Reformer,2026-08-15 10:00:00,Samedi,10:00,Léa Aveline,Reformer,8,8,0,0.0,False
2026-07-25 07:53:01,137682724,Dynamic Fit 🤎 Reformer,2026-08-15 11:00:00,Samedi,11:00,Léa Aveline,Reformer,8,8,0,0.0,False
2026-07-25 07:53:01,137682789,Flow Trio 🤎 Reformer,2026-08-15 12:00:00,Samedi,12:00,Léa Aveline,Reformer,8,8,0,0.0,False
2026-07-25 07:53:01,137682843,Fondation 2 🤎 Reformer,2026-08-16 09:00:00,Dimanche,09:00,Léa Aveline,Reformer,8,8,0,0.0,False
2026-07-25 07:53:01,137683008,Fondation 2 🤎 Reformer,2026-08-16 10:00:00,Dimanche,10:00,Léa Aveline,Reformer,8,8,0,0.0,False
2026-07-25 07:53:01,137683060,Dynamic Fit 🤎 Reformer,2026-08-16 11:00:00,Dimanche,11:00,Léa Aveline,Reformer,8,8,0,0.0,False
2026-07-25 07:53:01,137682951,Core & Tone 🤎 Reformer,2026-08-16 12:00:00,Dimanche,12:00,Léa Aveline,Reformer,8,8,0,0.0,False
2026-07-25 07:53:01,137617872,Fondation 2 🤎 Reformer,2026-08-17 07:00:00,Lundi,07:00,Nathalie Hamm,Reformer,8,7,1,12.5,False
2026-07-25 07:53:01,137618006,Sculpt 🤎 Reformer,2026-08-17 08:00:00,Lundi,08:00,Nathalie Hamm,Reformer,8,8,0,0.0,False
2026-07-25 07:53:01,138838573,Fondation 2 ⭐️ Pilates Mat ,2026-08-17 08:00:00,Lundi,08:00,Dani Johnson,Mat,8,8,0,0.0,False
2026-07-25 07:53:01,137618259,Dynamic Fit 🤎 Reformer,2026-08-17 09:00:00,Lundi,09:00,Nathalie Hamm,Reformer,8,8,0,0.0,False
2026-07-25 07:53:01,138838627,Dynamic Fit ⭐️ Pilates Mat,2026-08-17 09:00:00,Lundi,09:00,Dani Johnson,Mat,8,8,0,0.0,False
2026-07-25 07:53:01,138838685,Fondation 1 ⭐️ Pilates Mat,2026-08-17 10:00:00,Lundi,10:00,Dani Johnson,Mat,8,8,0,0.0,False
2026-07-25 07:53:01,137618327,Core & Tone 🤎 Reformer,2026-08-17 11:00:00,Lundi,11:00,Nathalie Hamm,Reformer,8,8,0,0.0,False
2026-07-25 07:53:01,137618383,Fondation 2 🤎 Reformer,2026-08-17 12:15:00,Lundi,12:15,Nathalie Hamm,Reformer,8,8,0,0.0,False
2026-07-25 07:53:01,137620258,Dynamic Fit 🤎 Reformer,2026-08-17 13:15:00,Lundi,13:15,Nathalie Hamm,Reformer,8,8,0,0.0,False
2026-07-25 07:53:01,137618587,Soft & Stretch 🤎 Reformer,2026-08-17 14:30:00,Lundi,14:30,Nathalie Hamm,Reformer,8,8,0,0.0,False
2026-07-25 07:53:01,137619927,Fondation 2 🤎 Reformer,2026-08-18 07:00:00,Mardi,07:00,Nathalie Hamm,Reformer,8,8,0,0.0,False
2026-07-25 07:53:01,137619971,Core & Tone 🤎 Reformer,2026-08-18 08:00:00,Mardi,08:00,Nathalie Hamm,Reformer,8,8,0,0.0,False
2026-07-25 07:53:01,138838751,Flow Trio ⭐️ Pilates Mat,2026-08-18 08:00:00,Mardi,08:00,Dani Johnson,Mat,8,8,0,0.0,False
2026-07-25 07:53:01,137620076,Dynamic Fit 🤎 Reformer,2026-08-18 09:00:00,Mardi,09:00,Nathalie Hamm,Reformer,8,8,0,0.0,False
2026-07-25 07:53:01,138839496,Fondation 2 ⭐️ Pilates Mat ,2026-08-18 09:00:00,Mardi,09:00,Dani Johnson,Mat,8,8,0,0.0,False
2026-07-25 07:53:01,137620026,Sculpt 🤎 Reformer,2026-08-18 10:00:00,Mardi,10:00,Nathalie Hamm,Reformer,8,8,0,0.0,False
2026-07-25 07:53:01,138839564,Core & Tone ⭐️ Pilates Mat ,2026-08-18 10:00:00,Mardi,10:00,Dani Johnson,Mat,8,8,0,0.0,False
2026-07-25 07:53:01,137620208,Fondation 2 🤎 Reformer,2026-08-18 12:15:00,Mardi,12:15,Léa Aveline,Reformer,8,8,0,0.0,False
2026-07-25 07:53:01,137620365,Dynamic Fit 🤎 Reformer,2026-08-18 13:15:00,Mardi,13:15,Léa Aveline,Reformer,8,8,0,0.0,False
2026-07-25 07:53:01,137620321,Soft & Stretch 🤎 Reformer,2026-08-18 14:30:00,Mardi,14:30,Léa Aveline,Reformer,8,8,0,0.0,False
2026-07-25 07:53:01,137620421,Core & Tone 🤎 Reformer,2026-08-18 16:00:00,Mardi,16:00,Léa Aveline,Reformer,8,8,0,0.0,False
2026-07-25 07:53:01,137620477,Fondation 2 🤎 Reformer,2026-08-18 17:00:00,Mardi,17:00,Léa Aveline,Reformer,8,8,0,0.0,False
2026-07-25 07:53:01,137620536,Flow Trio 🤎 Reformer,2026-08-18 18:00:00,Mardi,18:00,Léa Aveline,Reformer,8,8,0,0.0,False
2026-07-25 07:53:01,137620582,Sculpt 🤎 Reformer,2026-08-18 19:00:00,Mardi,19:00,Léa Aveline,Reformer,8,8,0,0.0,False
2026-07-25 07:53:01,137679299,Sculpt 🤎 Reformer,2026-08-19 07:00:00,Mercredi,07:00,Nathalie Hamm,Reformer,8,8,0,0.0,False
2026-07-25 07:53:01,137679367,Core & Tone 🤎 Reformer,2026-08-19 08:00:00,Mercredi,08:00,Nathalie Hamm,Reformer,8,8,0,0.0,False
2026-07-25 07:53:01,137683517,Fondation 2 ⭐️ Pilates Mat ,2026-08-19 08:00:00,Mercredi,08:00,Laetitia johan,Mat,8,8,0,0.0,False
2026-07-25 07:53:01,137679430,Fondation 2 🤎 Reformer,2026-08-19 09:00:00,Mercredi,09:00,Nathalie Hamm,Reformer,8,8,0,0.0,False
2026-07-25 07:53:01,137683575,Core & Tone ⭐️ Pilates Mat ,2026-08-19 09:00:00,Mercredi,09:00,Laetitia johan,Mat,8,8,0,0.0,False
2026-07-25 07:53:01,137683636,Fondation 1 ⭐️ Pilates Mat,2026-08-19 10:00:00,Mercredi,10:00,Laetitia johan,Mat,8,8,0,0.0,False
2026-07-25 07:53:01,137679506,Soft & Stretch 🤎 Reformer,2026-08-19 11:00:00,Mercredi,11:00,Nathalie Hamm,Reformer,8,8,0,0.0,False
2026-07-25 07:53:01,137683915,Core & Tone ⭐️ Pilates Mat ,2026-08-19 11:00:00,Mercredi,11:00,Laetitia johan,Mat,8,8,0,0.0,False
2026-07-25 07:53:01,137679561,Fondation 2 🤎 Reformer,2026-08-19 12:15:00,Mercredi,12:15,Nathalie Hamm,Reformer,8,8,0,0.0,False
2026-07-25 07:53:01,137684443,Sculpt ⭐️ Pilates Mat ,2026-08-19 12:15:00,Mercredi,12:15,Léa Aveline,Mat,8,8,0,0.0,False
2026-07-25 07:53:01,137679741,Flow Trio 🤎 Reformer,2026-08-19 13:15:00,Mercredi,13:15,Nathalie Hamm,Reformer,8,8,0,0.0,False
2026-07-25 07:53:01,137684516,Soft & Stretch ⭐️ Pilates Mat,2026-08-19 13:15:00,Mercredi,13:15,Léa Aveline,Mat,8,8,0,0.0,False
2026-07-25 07:53:01,137680225,Dynamic Fit 🤎 Reformer,2026-08-19 14:30:00,Mercredi,14:30,Nathalie Hamm,Reformer,8,8,0,0.0,False
2026-07-25 07:53:01,137684675,Sculpt ⭐️ Pilates Mat ,2026-08-19 14:30:00,Mercredi,14:30,Léa Aveline,Mat,8,8,0,0.0,False
2026-07-25 07:53:01,137680335,Sculpt 🤎 Reformer,2026-08-19 17:00:00,Mercredi,17:00,Léa Aveline,Reformer,8,8,0,0.0,False
2026-07-25 07:53:01,137680395,Fondation 2 🤎 Reformer,2026-08-19 18:00:00,Mercredi,18:00,Léa Aveline,Reformer,8,8,0,0.0,False
2026-07-25 07:53:01,137680447,Core & Tone 🤎 Reformer,2026-08-19 19:00:00,Mercredi,19:00,Léa Aveline,Reformer,8,8,0,0.0,False
2026-07-25 07:53:01,137680503,Fondation 1 🤎 Reformer,2026-08-19 20:00:00,Mercredi,20:00,Léa Aveline,Reformer,8,8,0,0.0,False
2026-07-25 07:53:01,138403744,Flow Trio ⭐️ Pilates Mat,2026-08-20 12:15:00,Jeudi,12:15,Aveline Caminade,Mat,8,8,0,0.0,False
2026-07-25 07:53:01,138403748,Dynamic Fit ⭐️ Pilates Mat,2026-08-20 13:15:00,Jeudi,13:15,Aveline Caminade,Mat,8,8,0,0.0,False
2026-07-25 07:53:01,138403757,Fondation 2 ⭐️ Pilates Mat ,2026-08-20 14:30:00,Jeudi,14:30,Aveline Caminade,Mat,8,8,0,0.0,False
2026-07-25 07:53:01,138403824,Fondation 1 ⭐️ Pilates Mat,2026-08-20 15:30:00,Jeudi,15:30,Aveline Caminade,Mat,8,8,0,0.0,False
2026-07-25 07:53:01,137680957,Sculpt 🤎 Reformer,2026-08-20 17:00:00,Jeudi,17:00,Justin Robert,Reformer,8,8,0,0.0,False
2026-07-25 07:53:01,137681011,Dynamic Fit 🤎 Reformer,2026-08-20 18:00:00,Jeudi,18:00,Justin Robert,Reformer,8,8,0,0.0,False
2026-07-25 07:53:01,137681165,Fondation 1 🤎 Reformer,2026-08-20 19:00:00,Jeudi,19:00,Justin Robert,Reformer,8,8,0,0.0,False
2026-07-25 07:53:01,137681217,Soft & Stretch 🤎 Reformer,2026-08-20 20:00:00,Jeudi,20:00,Justin Robert,Reformer,8,8,0,0.0,False
2026-07-25 07:53:01,137681574,Fondation 2 🤎 Reformer,2026-08-21 08:00:00,Vendredi,08:00,Léa Aveline,Reformer,8,7,1,12.5,False
2026-07-25 07:53:01,138839629,Soft & Stretch ⭐️ Pilates Mat,2026-08-21 08:00:00,Vendredi,08:00,Dani Johnson,Mat,8,8,0,0.0,False
2026-07-25 07:53:01,137681635,Fondation 1 🤎 Reformer,2026-08-21 09:00:00,Vendredi,09:00,Léa Aveline,Reformer,8,8,0,0.0,False
2026-07-25 07:53:01,138839754,Dynamic Fit ⭐️ Pilates Mat,2026-08-21 09:00:00,Vendredi,09:00,Dani Johnson,Mat,8,8,0,0.0,False
2026-07-25 07:53:01,137681681,Core & Tone 🤎 Reformer,2026-08-21 10:00:00,Vendredi,10:00,Léa Aveline,Reformer,8,8,0,0.0,False
2026-07-25 07:53:01,138839684,Fondation 1 ⭐️ Pilates Mat,2026-08-21 10:00:00,Vendredi,10:00,Dani Johnson,Mat,8,8,0,0.0,False
2026-07-25 07:53:01,138839837,Fondation 1 ⭐️ Pilates Mat,2026-08-21 11:00:00,Vendredi,11:00,Dani Johnson,Mat,8,8,0,0.0,False
2026-07-25 07:53:01,137681746,Core & Tone 🤎 Reformer,2026-08-21 12:15:00,Vendredi,12:15,Léa Aveline,Reformer,8,8,0,0.0,False
2026-07-25 07:53:01,137684206,Soft & Stretch ⭐️ Pilates Mat,2026-08-21 13:00:00,Vendredi,13:00,Laetitia johan,Mat,8,8,0,0.0,False
2026-07-25 07:53:01,137681800,Fondation 2 🤎 Reformer,2026-08-21 13:15:00,Vendredi,13:15,Léa Aveline,Reformer,8,8,0,0.0,False
2026-07-25 07:53:01,137684265,Flow Trio ⭐️ Pilates Mat,2026-08-21 14:00:00,Vendredi,14:00,Laetitia johan,Mat,8,8,0,0.0,False
2026-07-25 07:53:01,137681316,Fondation 2 🤎 Reformer,2026-08-21 15:00:00,Vendredi,15:00,Nathalie Hamm,Reformer,8,8,0,0.0,False
2026-07-25 07:53:01,137684328,Dynamic Fit ⭐️ Pilates Mat,2026-08-21 15:00:00,Vendredi,15:00,Laetitia johan,Mat,8,8,0,0.0,False
2026-07-25 07:53:01,137681326,Sculpt 🤎 Reformer,2026-08-21 16:00:00,Vendredi,16:00,Nathalie Hamm,Reformer,8,8,0,0.0,False
2026-07-25 07:53:01,137684379,Sculpt ⭐️ Pilates Mat ,2026-08-21 16:00:00,Vendredi,16:00,Laetitia johan,Mat,8,8,0,0.0,False
2026-07-25 07:53:01,137681433,Flow Trio 🤎 Reformer,2026-08-21 17:00:00,Vendredi,17:00,Nathalie Hamm,Reformer,8,8,0,0.0,False
2026-07-25 07:53:01,137681486,Fondation 1 🤎 Reformer,2026-08-21 18:00:00,Vendredi,18:00,Nathalie Hamm,Reformer,8,8,0,0.0,False
2026-07-25 07:53:01,137682606,Fondation 2 🤎 Reformer,2026-08-22 09:00:00,Samedi,09:00,Nathalie Hamm,Reformer,8,8,0,0.0,False
2026-07-25 07:53:01,137682670,Core & Tone 🤎 Reformer,2026-08-22 10:00:00,Samedi,10:00,Nathalie Hamm,Reformer,8,8,0,0.0,False
2026-07-25 07:53:01,137682727,Dynamic Fit 🤎 Reformer,2026-08-22 11:00:00,Samedi,11:00,Nathalie Hamm,Reformer,8,8,0,0.0,False
2026-07-25 07:53:01,137682787,Flow Trio 🤎 Reformer,2026-08-22 12:00:00,Samedi,12:00,Nathalie Hamm,Reformer,8,8,0,0.0,False
2026-07-25 07:53:01,137682842,Fondation 2 🤎 Reformer,2026-08-23 09:00:00,Dimanche,09:00,Nathalie Hamm,Reformer,8,8,0,0.0,False
2026-07-25 07:53:01,137683005,Fondation 2 🤎 Reformer,2026-08-23 10:00:00,Dimanche,10:00,Nathalie Hamm,Reformer,8,8,0,0.0,False
2026-07-25 07:53:01,137683069,Dynamic Fit 🤎 Reformer,2026-08-23 11:00:00,Dimanche,11:00,Nathalie Hamm,Reformer,8,8,0,0.0,False
2026-07-25 07:53:01,137682953,Core & Tone 🤎 Reformer,2026-08-23 12:00:00,Dimanche,12:00,Nathalie Hamm,Reformer,8,8,0,0.0,False
2026-07-25 07:53:01,137617873,Fondation 2 🤎 Reformer,2026-08-24 07:00:00,Lundi,07:00,Nathalie Hamm,Reformer,8,8,0,0.0,False
2026-07-25 07:53:01,137618010,Sculpt 🤎 Reformer,2026-08-24 08:00:00,Lundi,08:00,Nathalie Hamm,Reformer,8,8,0,0.0,False
2026-07-25 07:53:01,138838578,Fondation 2 ⭐️ Pilates Mat ,2026-08-24 08:00:00,Lundi,08:00,Dani Johnson,Mat,8,8,0,0.0,False
2026-07-25 07:53:01,137618263,Dynamic Fit 🤎 Reformer,2026-08-24 09:00:00,Lundi,09:00,Nathalie Hamm,Reformer,8,8,0,0.0,False
2026-07-25 07:53:01,138838628,Dynamic Fit ⭐️ Pilates Mat,2026-08-24 09:00:00,Lundi,09:00,Dani Johnson,Mat,8,8,0,0.0,False
2026-07-25 07:53:01,138838683,Fondation 1 ⭐️ Pilates Mat,2026-08-24 10:00:00,Lundi,10:00,Dani Johnson,Mat,8,8,0,0.0,False
2026-07-25 07:53:01,137618330,Core & Tone 🤎 Reformer,2026-08-24 11:00:00,Lundi,11:00,Nathalie Hamm,Reformer,8,8,0,0.0,False
2026-07-25 07:53:01,137618386,Fondation 2 🤎 Reformer,2026-08-24 12:15:00,Lundi,12:15,Nathalie Hamm,Reformer,8,8,0,0.0,False
2026-07-25 07:53:01,137620260,Dynamic Fit 🤎 Reformer,2026-08-24 13:15:00,Lundi,13:15,Nathalie Hamm,Reformer,8,8,0,0.0,False
2026-07-25 07:53:01,137618585,Soft & Stretch 🤎 Reformer,2026-08-24 14:30:00,Lundi,14:30,Nathalie Hamm,Reformer,8,8,0,0.0,False
2026-07-25 07:53:01,137618708,Fondation 2 🤎 Reformer,2026-08-24 17:00:00,Lundi,17:00,Eva Bernard,Reformer,8,8,0,0.0,False
2026-07-25 07:53:01,137618814,Sculpt 🤎 Reformer,2026-08-24 18:00:00,Lundi,18:00,Eva Bernard,Reformer,8,8,0,0.0,False
2026-07-25 07:53:01,137619311,Core & Tone 🤎 Reformer,2026-08-24 19:00:00,Lundi,19:00,Eva Bernard,Reformer,8,8,0,0.0,False
2026-07-25 07:53:01,137619700,Sculpt 🤎 Reformer,2026-08-24 20:00:00,Lundi,20:00,Eva Bernard,Reformer,8,8,0,0.0,False
2026-07-25 07:53:01,137619911,Fondation 2 🤎 Reformer,2026-08-25 07:00:00,Mardi,07:00,Nathalie Hamm,Reformer,8,8,0,0.0,False
2026-07-25 07:53:01,137619978,Core & Tone 🤎 Reformer,2026-08-25 08:00:00,Mardi,08:00,Nathalie Hamm,Reformer,8,8,0,0.0,False
2026-07-25 07:53:01,138838753,Flow Trio ⭐️ Pilates Mat,2026-08-25 08:00:00,Mardi,08:00,Dani Johnson,Mat,8,8,0,0.0,False
2026-07-25 07:53:01,137620080,Dynamic Fit 🤎 Reformer,2026-08-25 09:00:00,Mardi,09:00,Nathalie Hamm,Reformer,8,8,0,0.0,False
2026-07-25 07:53:01,138839501,Fondation 2 ⭐️ Pilates Mat ,2026-08-25 09:00:00,Mardi,09:00,Dani Johnson,Mat,8,8,0,0.0,False
2026-07-25 07:53:01,137620028,Sculpt 🤎 Reformer,2026-08-25 10:00:00,Mardi,10:00,Nathalie Hamm,Reformer,8,8,0,0.0,False
2026-07-25 07:53:01,138839586,Core & Tone ⭐️ Pilates Mat ,2026-08-25 10:00:00,Mardi,10:00,Dani Johnson,Mat,8,8,0,0.0,False
2026-07-25 07:53:01,137620209,Fondation 2 🤎 Reformer,2026-08-25 12:15:00,Mardi,12:15,Léa Aveline,Reformer,8,8,0,0.0,False
2026-07-25 07:53:01,137620369,Dynamic Fit 🤎 Reformer,2026-08-25 13:15:00,Mardi,13:15,Léa Aveline,Reformer,8,8,0,0.0,False
2026-07-25 07:53:01,137620314,Soft & Stretch 🤎 Reformer,2026-08-25 14:30:00,Mardi,14:30,Léa Aveline,Reformer,8,8,0,0.0,False
2026-07-25 07:53:01,137620430,Core & Tone 🤎 Reformer,2026-08-25 16:00:00,Mardi,16:00,Léa Aveline,Reformer,8,8,0,0.0,False
2026-07-25 07:53:01,137620481,Fondation 2 🤎 Reformer,2026-08-25 17:00:00,Mardi,17:00,Léa Aveline,Reformer,8,8,0,0.0,False
2026-07-25 07:53:01,137620535,Flow Trio 🤎 Reformer,2026-08-25 18:00:00,Mardi,18:00,Léa Aveline,Reformer,8,8,0,0.0,False
2026-07-25 07:53:01,137620614,Sculpt 🤎 Reformer,2026-08-25 19:00:00,Mardi,19:00,Léa Aveline,Reformer,8,8,0,0.0,False
2026-07-25 07:53:01,137679291,Sculpt 🤎 Reformer,2026-08-26 07:00:00,Mercredi,07:00,Nathalie Hamm,Reformer,8,8,0,0.0,False
2026-07-25 07:53:01,137679366,Core & Tone 🤎 Reformer,2026-08-26 08:00:00,Mercredi,08:00,Nathalie Hamm,Reformer,8,8,0,0.0,False
2026-07-25 07:53:01,137683522,Fondation 2 ⭐️ Pilates Mat ,2026-08-26 08:00:00,Mercredi,08:00,Laetitia johan,Mat,8,8,0,0.0,False
2026-07-25 07:53:01,137679448,Fondation 2 🤎 Reformer,2026-08-26 09:00:00,Mercredi,09:00,Nathalie Hamm,Reformer,8,8,0,0.0,False
2026-07-25 07:53:01,137683576,Core & Tone ⭐️ Pilates Mat ,2026-08-26 09:00:00,Mercredi,09:00,Laetitia johan,Mat,8,8,0,0.0,False
2026-07-25 07:53:01,137683640,Fondation 1 ⭐️ Pilates Mat,2026-08-26 10:00:00,Mercredi,10:00,Laetitia johan,Mat,8,8,0,0.0,False
2026-07-25 07:53:01,137679509,Soft & Stretch 🤎 Reformer,2026-08-26 11:00:00,Mercredi,11:00,Nathalie Hamm,Reformer,8,8,0,0.0,False
2026-07-25 07:53:01,137683930,Core & Tone ⭐️ Pilates Mat ,2026-08-26 11:00:00,Mercredi,11:00,Laetitia johan,Mat,8,8,0,0.0,False
2026-07-25 07:53:01,137679564,Fondation 2 🤎 Reformer,2026-08-26 12:15:00,Mercredi,12:15,Nathalie Hamm,Reformer,8,8,0,0.0,False
2026-07-25 07:53:01,137684452,Sculpt ⭐️ Pilates Mat ,2026-08-26 12:15:00,Mercredi,12:15,Léa Aveline,Mat,8,8,0,0.0,False
2026-07-25 07:53:01,137679720,Flow Trio 🤎 Reformer,2026-08-26 13:15:00,Mercredi,13:15,Nathalie Hamm,Reformer,8,8,0,0.0,False
2026-07-25 07:53:01,137684514,Soft & Stretch ⭐️ Pilates Mat,2026-08-26 13:15:00,Mercredi,13:15,Léa Aveline,Mat,8,8,0,0.0,False
2026-07-25 07:53:01,137680226,Dynamic Fit 🤎 Reformer,2026-08-26 14:30:00,Mercredi,14:30,Nathalie Hamm,Reformer,8,8,0,0.0,False
2026-07-25 07:53:01,137684676,Sculpt ⭐️ Pilates Mat ,2026-08-26 14:30:00,Mercredi,14:30,Léa Aveline,Mat,8,8,0,0.0,False
2026-07-25 07:53:01,137680343,Sculpt 🤎 Reformer,2026-08-26 17:00:00,Mercredi,17:00,Léa Aveline,Reformer,8,8,0,0.0,False
2026-07-25 07:53:01,137680400,Fondation 2 🤎 Reformer,2026-08-26 18:00:00,Mercredi,18:00,Léa Aveline,Reformer,8,8,0,0.0,False
2026-07-25 07:53:01,137680448,Core & Tone 🤎 Reformer,2026-08-26 19:00:00,Mercredi,19:00,Léa Aveline,Reformer,8,8,0,0.0,False
2026-07-25 07:53:01,137680501,Fondation 1 🤎 Reformer,2026-08-26 20:00:00,Mercredi,20:00,Léa Aveline,Reformer,8,8,0,0.0,False
2026-07-25 07:53:01,137680559,Fondation 2 🤎 Reformer,2026-08-27 09:15:00,Jeudi,09:15,Eva Bernard,Reformer,8,8,0,0.0,False
2026-07-25 07:53:01,137680727,Core & Tone 🤎 Reformer,2026-08-27 10:15:00,Jeudi,10:15,Eva Bernard,Reformer,8,8,0,0.0,False
2026-07-25 07:53:01,137680680,Soft & Stretch 🤎 Reformer,2026-08-27 11:15:00,Jeudi,11:15,Eva Bernard,Reformer,8,8,0,0.0,False
2026-07-25 07:53:01,137680793,Fondation 1 🤎 Reformer,2026-08-27 12:15:00,Jeudi,12:15,Eva Bernard,Reformer,8,8,0,0.0,False
2026-07-25 07:53:01,138403745,Flow Trio ⭐️ Pilates Mat,2026-08-27 12:15:00,Jeudi,12:15,Aveline Caminade,Mat,8,8,0,0.0,False
2026-07-25 07:53:01,138403749,Dynamic Fit ⭐️ Pilates Mat,2026-08-27 13:15:00,Jeudi,13:15,Aveline Caminade,Mat,8,8,0,0.0,False
2026-07-25 07:53:01,137680840,Dynamic Fit 🤎 Reformer,2026-08-27 13:30:00,Jeudi,13:30,Eva Bernard,Reformer,8,8,0,0.0,False
2026-07-25 07:53:01,138403756,Fondation 2 ⭐️ Pilates Mat ,2026-08-27 14:30:00,Jeudi,14:30,Aveline Caminade,Mat,8,8,0,0.0,False
2026-07-25 07:53:01,138403827,Fondation 1 ⭐️ Pilates Mat,2026-08-27 15:30:00,Jeudi,15:30,Aveline Caminade,Mat,8,8,0,0.0,False
2026-07-25 07:53:01,137680956,Sculpt 🤎 Reformer,2026-08-27 17:00:00,Jeudi,17:00,Justin Robert,Reformer,8,8,0,0.0,False
2026-07-25 07:53:01,137681009,Dynamic Fit 🤎 Reformer,2026-08-27 18:00:00,Jeudi,18:00,Justin Robert,Reformer,8,8,0,0.0,False
2026-07-25 07:53:01,137681168,Fondation 1 🤎 Reformer,2026-08-27 19:00:00,Jeudi,19:00,Justin Robert,Reformer,8,8,0,0.0,False
2026-07-25 07:53:01,137681219,Soft & Stretch 🤎 Reformer,2026-08-27 20:00:00,Jeudi,20:00,Justin Robert,Reformer,8,8,0,0.0,False
2026-07-25 07:53:01,137681580,Fondation 2 🤎 Reformer,2026-08-28 08:00:00,Vendredi,08:00,Léa Aveline,Reformer,8,8,0,0.0,False
2026-07-25 07:53:01,138839630,Soft & Stretch ⭐️ Pilates Mat,2026-08-28 08:00:00,Vendredi,08:00,Dani Johnson,Mat,8,8,0,0.0,False
2026-07-25 07:53:01,137681628,Fondation 1 🤎 Reformer,2026-08-28 09:00:00,Vendredi,09:00,Léa Aveline,Reformer,8,8,0,0.0,False
2026-07-25 07:53:01,138839756,Dynamic Fit ⭐️ Pilates Mat,2026-08-28 09:00:00,Vendredi,09:00,Dani Johnson,Mat,8,8,0,0.0,False
2026-07-25 07:53:01,137681682,Core & Tone 🤎 Reformer,2026-08-28 10:00:00,Vendredi,10:00,Léa Aveline,Reformer,8,8,0,0.0,False
2026-07-25 07:53:01,138839682,Fondation 1 ⭐️ Pilates Mat,2026-08-28 10:00:00,Vendredi,10:00,Dani Johnson,Mat,8,8,0,0.0,False
2026-07-25 07:53:01,138839838,Fondation 1 ⭐️ Pilates Mat,2026-08-28 11:00:00,Vendredi,11:00,Dani Johnson,Mat,8,8,0,0.0,False
2026-07-25 07:53:01,137681747,Core & Tone 🤎 Reformer,2026-08-28 12:15:00,Vendredi,12:15,Léa Aveline,Reformer,8,8,0,0.0,False
2026-07-25 07:53:01,137684214,Soft & Stretch ⭐️ Pilates Mat,2026-08-28 13:00:00,Vendredi,13:00,Laetitia johan,Mat,8,8,0,0.0,False
2026-07-25 07:53:01,137681811,Fondation 2 🤎 Reformer,2026-08-28 13:15:00,Vendredi,13:15,Léa Aveline,Reformer,8,8,0,0.0,False
2026-07-25 07:53:01,137684263,Flow Trio ⭐️ Pilates Mat,2026-08-28 14:00:00,Vendredi,14:00,Laetitia johan,Mat,8,8,0,0.0,False
2026-07-25 07:53:01,137681296,Fondation 2 🤎 Reformer,2026-08-28 15:00:00,Vendredi,15:00,Nathalie Hamm,Reformer,8,8,0,0.0,False
2026-07-25 07:53:01,137684325,Dynamic Fit ⭐️ Pilates Mat,2026-08-28 15:00:00,Vendredi,15:00,Laetitia johan,Mat,8,8,0,0.0,False
2026-07-25 07:53:01,137681330,Sculpt 🤎 Reformer,2026-08-28 16:00:00,Vendredi,16:00,Nathalie Hamm,Reformer,8,8,0,0.0,False
2026-07-25 07:53:01,137684381,Sculpt ⭐️ Pilates Mat ,2026-08-28 16:00:00,Vendredi,16:00,Laetitia johan,Mat,8,8,0,0.0,False
2026-07-25 07:53:01,137681434,Flow Trio 🤎 Reformer,2026-08-28 17:00:00,Vendredi,17:00,Nathalie Hamm,Reformer,8,8,0,0.0,False
2026-07-25 07:53:01,137681491,Fondation 1 🤎 Reformer,2026-08-28 18:00:00,Vendredi,18:00,Nathalie Hamm,Reformer,8,8,0,0.0,False
2026-07-25 07:53:01,137682656,Fondation 2 🤎 Reformer,2026-08-29 09:00:00,Samedi,09:00,Léa Aveline,Reformer,8,8,0,0.0,False
2026-07-25 07:53:01,137682665,Core & Tone 🤎 Reformer,2026-08-29 10:00:00,Samedi,10:00,Léa Aveline,Reformer,8,8,0,0.0,False
2026-07-25 07:53:01,137682721,Dynamic Fit 🤎 Reformer,2026-08-29 11:00:00,Samedi,11:00,Léa Aveline,Reformer,8,8,0,0.0,False
2026-07-25 07:53:01,137682785,Flow Trio 🤎 Reformer,2026-08-29 12:00:00,Samedi,12:00,Léa Aveline,Reformer,8,8,0,0.0,False
2026-07-25 07:53:01,137682840,Fondation 2 🤎 Reformer,2026-08-30 09:00:00,Dimanche,09:00,Léa Aveline,Reformer,8,8,0,0.0,False
2026-07-25 07:53:01,137683006,Fondation 2 🤎 Reformer,2026-08-30 10:00:00,Dimanche,10:00,Léa Aveline,Reformer,8,8,0,0.0,False
2026-07-25 07:53:01,137683063,Dynamic Fit 🤎 Reformer,2026-08-30 11:00:00,Dimanche,11:00,Léa Aveline,Reformer,8,8,0,0.0,False
2026-07-25 07:53:01,137682956,Core & Tone 🤎 Reformer,2026-08-30 12:00:00,Dimanche,12:00,Léa Aveline,Reformer,8,8,0,0.0,False
2026-07-25 07:53:01,137617874,Fondation 2 🤎 Reformer,2026-08-31 07:00:00,Lundi,07:00,Nathalie Hamm,Reformer,8,8,0,0.0,False
2026-07-25 07:53:01,137618009,Sculpt 🤎 Reformer,2026-08-31 08:00:00,Lundi,08:00,Nathalie Hamm,Reformer,8,8,0,0.0,False
2026-07-25 07:53:01,137618260,Dynamic Fit 🤎 Reformer,2026-08-31 09:00:00,Lundi,09:00,Nathalie Hamm,Reformer,8,8,0,0.0,False
2026-07-25 07:53:01,138838687,Fondation 1 ⭐️ Pilates Mat,2026-08-31 10:00:00,Lundi,10:00,Dani Johnson,Mat,8,8,0,0.0,False
2026-07-25 07:53:01,137618331,Core & Tone 🤎 Reformer,2026-08-31 11:00:00,Lundi,11:00,Nathalie Hamm,Reformer,8,8,0,0.0,False
2026-07-25 07:53:01,137618388,Fondation 2 🤎 Reformer,2026-08-31 12:15:00,Lundi,12:15,Nathalie Hamm,Reformer,8,8,0,0.0,False
2026-07-25 07:53:01,138839966,Fondation 1 ⭐️ Pilates Mat,2026-08-31 12:15:00,Lundi,12:15,JEAN DUTARTRE,Mat,8,8,0,0.0,False
2026-07-25 07:53:01,137620281,Dynamic Fit 🤎 Reformer,2026-08-31 13:15:00,Lundi,13:15,Nathalie Hamm,Reformer,8,8,0,0.0,False
2026-07-25 07:53:01,138840024,Core & Tone ⭐️ Pilates Mat ,2026-08-31 13:15:00,Lundi,13:15,JEAN DUTARTRE,Mat,8,8,0,0.0,False
2026-07-25 07:53:01,137618588,Soft & Stretch 🤎 Reformer,2026-08-31 14:30:00,Lundi,14:30,Nathalie Hamm,Reformer,8,8,0,0.0,False
2026-07-25 07:53:01,137618709,Fondation 2 🤎 Reformer,2026-08-31 17:00:00,Lundi,17:00,Eva Bernard,Reformer,8,8,0,0.0,False
2026-07-25 07:53:01,137618812,Sculpt 🤎 Reformer,2026-08-31 18:00:00,Lundi,18:00,Eva Bernard,Reformer,8,8,0,0.0,False
2026-07-25 07:53:01,137619211,Core & Tone 🤎 Reformer,2026-08-31 19:00:00,Lundi,19:00,Eva Bernard,Reformer,8,8,0,0.0,False
2026-07-25 07:53:01,137619712,Sculpt 🤎 Reformer,2026-08-31 20:00:00,Lundi,20:00,Eva Bernard,Reformer,8,8,0,0.0,False
2026-07-25 07:53:01,137619906,Fondation 2 🤎 Reformer,2026-09-01 07:00:00,Mardi,07:00,Nathalie Hamm,Reformer,8,8,0,0.0,False
2026-07-25 07:53:01,137619987,Core & Tone 🤎 Reformer,2026-09-01 08:00:00,Mardi,08:00,Nathalie Hamm,Reformer,8,8,0,0.0,False
2026-07-25 07:53:01,137620077,Dynamic Fit 🤎 Reformer,2026-09-01 09:00:00,Mardi,09:00,Nathalie Hamm,Reformer,8,8,0,0.0,False
2026-07-25 07:53:01,137620027,Sculpt 🤎 Reformer,2026-09-01 10:00:00,Mardi,10:00,Nathalie Hamm,Reformer,8,8,0,0.0,False
2026-07-25 07:53:01,137620212,Fondation 2 🤎 Reformer,2026-09-01 12:15:00,Mardi,12:15,Léa Aveline,Reformer,8,8,0,0.0,False
2026-07-25 07:53:01,138840096,Dynamic Fit ⭐️ Pilates Mat,2026-09-01 12:15:00,Mardi,12:15,JEAN DUTARTRE,Mat,8,8,0,0.0,False
2026-07-25 07:53:01,137620366,Dynamic Fit 🤎 Reformer,2026-09-01 13:15:00,Mardi,13:15,Léa Aveline,Reformer,8,8,0,0.0,False
2026-07-25 07:53:01,138840170,Fondation 2 ⭐️ Pilates Mat ,2026-09-01 13:15:00,Mardi,13:15,JEAN DUTARTRE,Mat,8,8,0,0.0,False
2026-07-25 07:53:01,137620313,Soft & Stretch 🤎 Reformer,2026-09-01 14:30:00,Mardi,14:30,Léa Aveline,Reformer,8,8,0,0.0,False
2026-07-25 07:53:01,137620427,Core & Tone 🤎 Reformer,2026-09-01 16:00:00,Mardi,16:00,Léa Aveline,Reformer,8,8,0,0.0,False
2026-07-25 07:53:01,137620476,Fondation 2 🤎 Reformer,2026-09-01 17:00:00,Mardi,17:00,Léa Aveline,Reformer,8,8,0,0.0,False
2026-07-25 07:53:01,137620530,Flow Trio 🤎 Reformer,2026-09-01 18:00:00,Mardi,18:00,Léa Aveline,Reformer,8,8,0,0.0,False
2026-07-25 07:53:01,137620589,Sculpt 🤎 Reformer,2026-09-01 19:00:00,Mardi,19:00,Léa Aveline,Reformer,8,8,0,0.0,False
2026-07-25 07:53:01,137679290,Sculpt 🤎 Reformer,2026-09-02 07:00:00,Mercredi,07:00,Nathalie Hamm,Reformer,8,8,0,0.0,False
2026-07-25 07:53:01,137679371,Core & Tone 🤎 Reformer,2026-09-02 08:00:00,Mercredi,08:00,Nathalie Hamm,Reformer,8,8,0,0.0,False
2026-07-25 07:53:01,137679433,Fondation 2 🤎 Reformer,2026-09-02 09:00:00,Mercredi,09:00,Nathalie Hamm,Reformer,8,8,0,0.0,False
2026-07-25 07:53:01,137683633,Fondation 1 ⭐️ Pilates Mat,2026-09-02 10:00:00,Mercredi,10:00,Laetitia johan,Mat,8,8,0,0.0,False
2026-07-25 07:53:01,137679507,Soft & Stretch 🤎 Reformer,2026-09-02 11:00:00,Mercredi,11:00,Nathalie Hamm,Reformer,8,8,0,0.0,False
2026-07-25 07:53:01,137683909,Core & Tone ⭐️ Pilates Mat ,2026-09-02 11:00:00,Mercredi,11:00,Laetitia johan,Mat,8,8,0,0.0,False
2026-07-25 07:53:01,137679566,Fondation 2 🤎 Reformer,2026-09-02 12:15:00,Mercredi,12:15,Nathalie Hamm,Reformer,8,8,0,0.0,False
2026-07-25 07:53:01,137684444,Sculpt ⭐️ Pilates Mat ,2026-09-02 12:15:00,Mercredi,12:15,Léa Aveline,Mat,8,8,0,0.0,False
2026-07-25 07:53:01,137679731,Flow Trio 🤎 Reformer,2026-09-02 13:15:00,Mercredi,13:15,Nathalie Hamm,Reformer,8,8,0,0.0,False
2026-07-25 07:53:01,137684515,Soft & Stretch ⭐️ Pilates Mat,2026-09-02 13:15:00,Mercredi,13:15,Léa Aveline,Mat,8,8,0,0.0,False
2026-07-25 07:53:01,137680223,Dynamic Fit 🤎 Reformer,2026-09-02 14:30:00,Mercredi,14:30,Nathalie Hamm,Reformer,8,8,0,0.0,False
2026-07-25 07:53:01,137684673,Sculpt ⭐️ Pilates Mat ,2026-09-02 14:30:00,Mercredi,14:30,Léa Aveline,Mat,8,8,0,0.0,False
2026-07-25 07:53:01,138403553,Core & Tone ⭐️ Pilates Mat ,2026-09-02 16:00:00,Mercredi,16:00,Aveline Caminade,Mat,8,8,0,0.0,False
2026-07-25 07:53:01,137680340,Sculpt 🤎 Reformer,2026-09-02 17:00:00,Mercredi,17:00,Léa Aveline,Reformer,8,8,0,0.0,False
2026-07-25 07:53:01,138403606,Dynamic Fit ⭐️ Pilates Mat,2026-09-02 17:00:00,Mercredi,17:00,Aveline Caminade,Mat,8,8,0,0.0,False
2026-07-25 07:53:01,137680396,Fondation 2 🤎 Reformer,2026-09-02 18:00:00,Mercredi,18:00,Léa Aveline,Reformer,8,8,0,0.0,False
2026-07-25 07:53:01,138403689,Sculpt ⭐️ Pilates Mat ,2026-09-02 18:00:00,Mercredi,18:00,Aveline Caminade,Mat,8,8,0,0.0,False
2026-07-25 07:53:01,137680450,Core & Tone 🤎 Reformer,2026-09-02 19:00:00,Mercredi,19:00,Léa Aveline,Reformer,8,8,0,0.0,False
2026-07-25 07:53:01,137680506,Fondation 1 🤎 Reformer,2026-09-02 20:00:00,Mercredi,20:00,Léa Aveline,Reformer,8,8,0,0.0,False
2026-07-25 07:53:01,137680570,Fondation 2 🤎 Reformer,2026-09-03 09:15:00,Jeudi,09:15,Eva Bernard,Reformer,8,8,0,0.0,False
2026-07-25 07:53:01,137680729,Core & Tone 🤎 Reformer,2026-09-03 10:15:00,Jeudi,10:15,Eva Bernard,Reformer,8,8,0,0.0,False
2026-07-25 07:53:01,137680677,Soft & Stretch 🤎 Reformer,2026-09-03 11:15:00,Jeudi,11:15,Eva Bernard,Reformer,8,8,0,0.0,False
2026-07-25 07:53:01,137680801,Fondation 1 🤎 Reformer,2026-09-03 12:15:00,Jeudi,12:15,Eva Bernard,Reformer,8,8,0,0.0,False
2026-07-25 07:53:01,137680842,Dynamic Fit 🤎 Reformer,2026-09-03 13:30:00,Jeudi,13:30,Eva Bernard,Reformer,8,8,0,0.0,False
2026-07-25 07:53:01,137680954,Sculpt 🤎 Reformer,2026-09-03 17:00:00,Jeudi,17:00,Justin Robert,Reformer,8,8,0,0.0,False
2026-07-25 07:53:01,137681016,Dynamic Fit 🤎 Reformer,2026-09-03 18:00:00,Jeudi,18:00,Justin Robert,Reformer,8,8,0,0.0,False
2026-07-25 07:53:01,137681166,Fondation 1 🤎 Reformer,2026-09-03 19:00:00,Jeudi,19:00,Justin Robert,Reformer,8,8,0,0.0,False
2026-07-25 07:53:01,137681218,Soft & Stretch 🤎 Reformer,2026-09-03 20:00:00,Jeudi,20:00,Justin Robert,Reformer,8,8,0,0.0,False
2026-07-25 07:53:01,137681577,Fondation 2 🤎 Reformer,2026-09-04 08:00:00,Vendredi,08:00,Léa Aveline,Reformer,8,8,0,0.0,False
2026-07-25 07:53:01,137681632,Fondation 1 🤎 Reformer,2026-09-04 09:00:00,Vendredi,09:00,Léa Aveline,Reformer,8,8,0,0.0,False
2026-07-25 07:53:01,137681683,Core & Tone 🤎 Reformer,2026-09-04 10:00:00,Vendredi,10:00,Léa Aveline,Reformer,8,8,0,0.0,False
2026-07-25 07:53:01,137684383,Sculpt ⭐️ Pilates Mat ,2026-09-04 12:00:00,Vendredi,12:00,Laetitia johan,Mat,8,8,0,0.0,False
2026-07-25 07:53:01,137681749,Core & Tone 🤎 Reformer,2026-09-04 12:15:00,Vendredi,12:15,Léa Aveline,Reformer,8,8,0,0.0,False
2026-07-25 07:53:01,137684208,Soft & Stretch ⭐️ Pilates Mat,2026-09-04 13:00:00,Vendredi,13:00,Laetitia johan,Mat,8,8,0,0.0,False
2026-07-25 07:53:01,137681805,Fondation 2 🤎 Reformer,2026-09-04 13:15:00,Vendredi,13:15,Léa Aveline,Reformer,8,8,0,0.0,False
2026-07-25 07:53:01,137684264,Flow Trio ⭐️ Pilates Mat,2026-09-04 14:00:00,Vendredi,14:00,Laetitia johan,Mat,8,8,0,0.0,False
2026-07-25 07:53:01,137681318,Fondation 2 🤎 Reformer,2026-09-04 15:00:00,Vendredi,15:00,Nathalie Hamm,Reformer,8,8,0,0.0,False
2026-07-25 07:53:01,137684323,Dynamic Fit ⭐️ Pilates Mat,2026-09-04 15:00:00,Vendredi,15:00,Laetitia johan,Mat,8,8,0,0.0,False
2026-07-25 07:53:01,137681338,Sculpt 🤎 Reformer,2026-09-04 16:00:00,Vendredi,16:00,Nathalie Hamm,Reformer,8,8,0,0.0,False
2026-07-25 07:53:01,137681438,Flow Trio 🤎 Reformer,2026-09-04 17:00:00,Vendredi,17:00,Nathalie Hamm,Reformer,8,8,0,0.0,False
2026-07-25 07:53:01,137681490,Fondation 1 🤎 Reformer,2026-09-04 18:00:00,Vendredi,18:00,Nathalie Hamm,Reformer,8,8,0,0.0,False
2026-07-25 07:53:01,137682647,Fondation 2 🤎 Reformer,2026-09-05 09:00:00,Samedi,09:00,JEAN DUTARTRE,Reformer,8,8,0,0.0,False
2026-07-25 07:53:01,137682664,Core & Tone 🤎 Reformer,2026-09-05 10:00:00,Samedi,10:00,JEAN DUTARTRE,Reformer,8,8,0,0.0,False
2026-07-25 07:53:01,137682722,Dynamic Fit 🤎 Reformer,2026-09-05 11:00:00,Samedi,11:00,JEAN DUTARTRE,Reformer,8,8,0,0.0,False
2026-07-25 07:53:01,137682797,Flow Trio 🤎 Reformer,2026-09-05 12:00:00,Samedi,12:00,JEAN DUTARTRE,Reformer,8,8,0,0.0,False
2026-07-25 07:53:01,137682853,Fondation 2 🤎 Reformer,2026-09-06 09:00:00,Dimanche,09:00,JEAN DUTARTRE,Reformer,8,8,0,0.0,False
2026-07-25 07:53:01,137683015,Fondation 2 🤎 Reformer,2026-09-06 10:00:00,Dimanche,10:00,JEAN DUTARTRE,Reformer,8,8,0,0.0,False
2026-07-25 07:53:01,137683065,Dynamic Fit 🤎 Reformer,2026-09-06 11:00:00,Dimanche,11:00,JEAN DUTARTRE,Reformer,8,8,0,0.0,False
2026-07-25 07:53:01,137682952,Core & Tone 🤎 Reformer,2026-09-06 12:00:00,Dimanche,12:00,JEAN DUTARTRE,Reformer,8,8,0,0.0,False
2026-07-25 07:53:01,138838684,Fondation 1 ⭐️ Pilates Mat,2026-09-07 10:00:00,Lundi,10:00,Dani Johnson,Mat,8,8,0,0.0,False
2026-07-25 07:53:01,138839967,Fondation 1 ⭐️ Pilates Mat,2026-09-07 12:15:00,Lundi,12:15,JEAN DUTARTRE,Mat,8,8,0,0.0,False
2026-07-25 07:53:01,138840025,Core & Tone ⭐️ Pilates Mat ,2026-09-07 13:15:00,Lundi,13:15,JEAN DUTARTRE,Mat,8,8,0,0.0,False
2026-07-25 07:53:01,138840098,Dynamic Fit ⭐️ Pilates Mat,2026-09-08 12:15:00,Mardi,12:15,JEAN DUTARTRE,Mat,8,8,0,0.0,False
2026-07-25 07:53:01,138840168,Fondation 2 ⭐️ Pilates Mat ,2026-09-08 13:15:00,Mardi,13:15,JEAN DUTARTRE,Mat,8,8,0,0.0,False
2026-07-25 07:53:01,138403550,Core & Tone ⭐️ Pilates Mat ,2026-09-09 16:00:00,Mercredi,16:00,Aveline Caminade,Mat,8,8,0,0.0,False
2026-07-25 07:53:01,138403609,Dynamic Fit ⭐️ Pilates Mat,2026-09-09 17:00:00,Mercredi,17:00,Aveline Caminade,Mat,8,8,0,0.0,False
2026-07-25 07:53:01,138403694,Sculpt ⭐️ Pilates Mat ,2026-09-09 18:00:00,Mercredi,18:00,Aveline Caminade,Mat,8,8,0,0.0,False
2026-07-25 07:53:01,138838699,Fondation 1 ⭐️ Pilates Mat,2026-09-14 10:00:00,Lundi,10:00,Dani Johnson,Mat,8,8,0,0.0,False
2026-07-25 07:53:01,138839968,Fondation 1 ⭐️ Pilates Mat,2026-09-14 12:15:00,Lundi,12:15,JEAN DUTARTRE,Mat,8,8,0,0.0,False
2026-07-25 07:53:01,138840026,Core & Tone ⭐️ Pilates Mat ,2026-09-14 13:15:00,Lundi,13:15,JEAN DUTARTRE,Mat,8,8,0,0.0,False
2026-07-25 07:53:01,138840097,Dynamic Fit ⭐️ Pilates Mat,2026-09-15 12:15:00,Mardi,12:15,JEAN DUTARTRE,Mat,8,8,0,0.0,False
2026-07-25 07:53:01,138840171,Fondation 2 ⭐️ Pilates Mat ,2026-09-15 13:15:00,Mardi,13:15,JEAN DUTARTRE,Mat,8,8,0,0.0,False
2026-07-25 07:53:01,138403554,Core & Tone ⭐️ Pilates Mat ,2026-09-16 16:00:00,Mercredi,16:00,Aveline Caminade,Mat,8,8,0,0.0,False
2026-07-25 07:53:01,138403607,Dynamic Fit ⭐️ Pilates Mat,2026-09-16 17:00:00,Mercredi,17:00,Aveline Caminade,Mat,8,8,0,0.0,False
2026-07-25 07:53:01,138403668,Sculpt ⭐️ Pilates Mat ,2026-09-16 18:00:00,Mercredi,18:00,Aveline Caminade,Mat,8,8,0,0.0,False
2026-07-25 07:53:01,138838688,Fondation 1 ⭐️ Pilates Mat,2026-09-21 10:00:00,Lundi,10:00,Dani Johnson,Mat,8,8,0,0.0,False
2026-07-26 08:11:41,137617870,Fondation 2 🤎 Reformer,2026-08-03 07:00:00,Lundi,07:00,Aveline Caminade,Reformer,4,3,1,25.0,False
2026-07-26 08:11:41,137618003,Sculpt 🤎 Reformer,2026-08-03 08:00:00,Lundi,08:00,Aveline Caminade,Reformer,4,4,0,0.0,False
2026-07-26 08:11:41,137618256,Dynamic Fit 🤎 Reformer,2026-08-03 09:00:00,Lundi,09:00,Aveline Caminade,Reformer,4,0,4,100.0,False
2026-07-26 08:11:41,137618704,Fondation 2 🤎 Reformer,2026-08-03 17:00:00,Lundi,17:00,Eva Bernard,Reformer,4,4,0,0.0,False
2026-07-26 08:11:41,137618807,Fondation 1 🤎 Reformer,2026-08-03 18:00:00,Lundi,18:00,Eva Bernard,Reformer,4,3,1,25.0,False
2026-07-26 08:11:41,137619206,Core & Tone 🤎 Reformer,2026-08-03 19:00:00,Lundi,19:00,Eva Bernard,Reformer,4,4,0,0.0,False
2026-07-26 08:11:41,137619698,Sculpt 🤎 Reformer,2026-08-03 20:00:00,Lundi,20:00,Eva Bernard,Reformer,4,3,1,25.0,False
2026-07-26 08:11:41,138961684,Core & Tone ⭐️ Pilates Mat ,2026-08-04 08:00:00,Mardi,08:00,Dani Johnson,Mat,8,8,0,0.0,False
2026-07-26 08:11:41,138961695,Soft & Stretch ⭐️ Pilates Mat,2026-08-04 09:00:00,Mardi,09:00,Dani Johnson,Mat,8,8,0,0.0,False
2026-07-26 08:11:41,138961733,Dynamic Fit ⭐️ Pilates Mat,2026-08-04 10:00:00,Mardi,10:00,Dani Johnson,Mat,8,8,0,0.0,False
2026-07-26 08:11:41,137620205,Fondation 2 🤎 Reformer,2026-08-04 12:15:00,Mardi,12:15,Léa Aveline,Reformer,4,4,0,0.0,False
2026-07-26 08:11:41,137620363,Dynamic Fit 🤎 Reformer,2026-08-04 13:15:00,Mardi,13:15,Léa Aveline,Reformer,4,4,0,0.0,False
2026-07-26 08:11:41,137620311,Soft & Stretch 🤎 Reformer,2026-08-04 14:30:00,Mardi,14:30,Léa Aveline,Reformer,4,4,0,0.0,False
2026-07-26 08:11:41,137620422,Core & Tone 🤎 Reformer,2026-08-04 16:00:00,Mardi,16:00,Léa Aveline,Reformer,4,4,0,0.0,False
2026-07-26 08:11:41,137620475,Fondation 2 🤎 Reformer,2026-08-04 17:00:00,Mardi,17:00,Léa Aveline,Reformer,4,4,0,0.0,False
2026-07-26 08:11:41,137620529,Flow Trio 🤎 Reformer,2026-08-04 18:00:00,Mardi,18:00,Léa Aveline,Reformer,4,4,0,0.0,False
2026-07-26 08:11:41,137620585,Sculpt 🤎 Reformer,2026-08-04 19:00:00,Mardi,19:00,Léa Aveline,Reformer,4,4,0,0.0,False
2026-07-26 08:11:41,137684442,Sculpt ⭐️ Pilates Mat ,2026-08-05 12:15:00,Mercredi,12:15,Léa Aveline,Mat,8,8,0,0.0,False
2026-07-26 08:11:41,137679563,Fondation 2 🤎 Reformer,2026-08-05 12:15:00,Mercredi,12:15,Sabine  Forêt ,Reformer,4,4,0,0.0,False
2026-07-26 08:11:41,137684513,Soft & Stretch ⭐️ Pilates Mat,2026-08-05 13:15:00,Mercredi,13:15,Léa Aveline,Mat,8,8,0,0.0,False
2026-07-26 08:11:41,137679716,Flow Trio 🤎 Reformer,2026-08-05 13:15:00,Mercredi,13:15,Sabine  Forêt ,Reformer,4,4,0,0.0,False
2026-07-26 08:11:41,137684669,Sculpt ⭐️ Pilates Mat ,2026-08-05 14:30:00,Mercredi,14:30,Léa Aveline,Mat,8,8,0,0.0,False
2026-07-26 08:11:41,137680222,Dynamic Fit 🤎 Reformer,2026-08-05 14:30:00,Mercredi,14:30,Sabine  Forêt ,Reformer,4,4,0,0.0,False
2026-07-26 08:11:41,137680337,Sculpt 🤎 Reformer,2026-08-05 17:00:00,Mercredi,17:00,Léa Aveline,Reformer,4,4,0,0.0,False
2026-07-26 08:11:41,137680394,Fondation 2 🤎 Reformer,2026-08-05 18:00:00,Mercredi,18:00,Léa Aveline,Reformer,4,4,0,0.0,False
2026-07-26 08:11:41,137680446,Core & Tone 🤎 Reformer,2026-08-05 19:00:00,Mercredi,19:00,Léa Aveline,Reformer,4,4,0,0.0,False
2026-07-26 08:11:41,137680502,Fondation 1 🤎 Reformer,2026-08-05 20:00:00,Mercredi,20:00,Léa Aveline,Reformer,4,4,0,0.0,False
2026-07-26 08:11:41,137680561,Fondation 2 🤎 Reformer,2026-08-06 09:15:00,Jeudi,09:15,Eva Bernard,Reformer,4,1,3,75.0,False
2026-07-26 08:11:41,137680725,Core & Tone 🤎 Reformer,2026-08-06 10:15:00,Jeudi,10:15,Eva Bernard,Reformer,4,4,0,0.0,False
2026-07-26 08:11:41,137680670,Soft & Stretch 🤎 Reformer,2026-08-06 11:15:00,Jeudi,11:15,Eva Bernard,Reformer,4,4,0,0.0,False
2026-07-26 08:11:41,137680786,Fondation 1 🤎 Reformer,2026-08-06 12:15:00,Jeudi,12:15,Eva Bernard,Reformer,4,4,0,0.0,False
2026-07-26 08:11:41,138403741,Flow Trio ⭐️ Pilates Mat,2026-08-06 12:15:00,Jeudi,12:15,Aveline Caminade,Mat,8,8,0,0.0,False
2026-07-26 08:11:41,138403747,Dynamic Fit ⭐️ Pilates Mat,2026-08-06 13:15:00,Jeudi,13:15,Aveline Caminade,Mat,8,8,0,0.0,False
2026-07-26 08:11:41,137680848,Dynamic Fit 🤎 Reformer,2026-08-06 13:30:00,Jeudi,13:30,Eva Bernard,Reformer,4,4,0,0.0,False
2026-07-26 08:11:41,138403755,Fondation 2 ⭐️ Pilates Mat ,2026-08-06 14:30:00,Jeudi,14:30,Aveline Caminade,Mat,8,8,0,0.0,False
2026-07-26 08:11:41,138403826,Fondation 1 ⭐️ Pilates Mat,2026-08-06 15:30:00,Jeudi,15:30,Aveline Caminade,Mat,8,8,0,0.0,False
2026-07-26 08:11:41,137680952,Sculpt 🤎 Reformer,2026-08-06 17:00:00,Jeudi,17:00,Justin Robert,Reformer,4,4,0,0.0,False
2026-07-26 08:11:41,137681008,Dynamic Fit 🤎 Reformer,2026-08-06 18:00:00,Jeudi,18:00,Justin Robert,Reformer,4,4,0,0.0,False
2026-07-26 08:11:41,137681164,Fondation 1 🤎 Reformer,2026-08-06 19:00:00,Jeudi,19:00,Justin Robert,Reformer,4,4,0,0.0,False
2026-07-26 08:11:41,137681215,Soft & Stretch 🤎 Reformer,2026-08-06 20:00:00,Jeudi,20:00,Justin Robert,Reformer,4,4,0,0.0,False
2026-07-26 08:11:41,137681575,Fondation 2 🤎 Reformer,2026-08-07 08:00:00,Vendredi,08:00,Léa Aveline,Reformer,4,4,0,0.0,False
2026-07-26 08:11:41,137681626,Fondation 1 🤎 Reformer,2026-08-07 09:00:00,Vendredi,09:00,Léa Aveline,Reformer,4,4,0,0.0,False
2026-07-26 08:11:41,137681679,Core & Tone 🤎 Reformer,2026-08-07 10:00:00,Vendredi,10:00,Léa Aveline,Reformer,4,1,3,75.0,False
2026-07-26 08:11:41,137681745,Core & Tone 🤎 Reformer,2026-08-07 12:15:00,Vendredi,12:15,Léa Aveline,Reformer,4,4,0,0.0,False
2026-07-26 08:11:41,137681801,Fondation 2 🤎 Reformer,2026-08-07 13:15:00,Vendredi,13:15,Léa Aveline,Reformer,4,4,0,0.0,False
2026-07-26 08:11:41,137681278,Fondation 2 🤎 Reformer,2026-08-07 15:00:00,Vendredi,15:00,Eva Bernard,Reformer,4,4,0,0.0,False
2026-07-26 08:11:41,137681325,Sculpt 🤎 Reformer,2026-08-07 16:00:00,Vendredi,16:00,Eva Bernard,Reformer,4,4,0,0.0,False
2026-07-26 08:11:41,137681432,Flow Trio 🤎 Reformer,2026-08-07 17:00:00,Vendredi,17:00,Eva Bernard,Reformer,4,4,0,0.0,False
2026-07-26 08:11:41,137681487,Fondation 1 🤎 Reformer,2026-08-07 18:00:00,Vendredi,18:00,Eva Bernard,Reformer,4,4,0,0.0,False
2026-07-26 08:11:41,137682623,Fondation 2 🤎 Reformer,2026-08-08 09:00:00,Samedi,09:00,Eva Bernard,Reformer,4,4,0,0.0,False
2026-07-26 08:11:41,137682663,Core & Tone 🤎 Reformer,2026-08-08 10:00:00,Samedi,10:00,Eva Bernard,Reformer,4,4,0,0.0,False
2026-07-26 08:11:41,137682719,Dynamic Fit 🤎 Reformer,2026-08-08 11:00:00,Samedi,11:00,Eva Bernard,Reformer,4,4,0,0.0,False
2026-07-26 08:11:41,137682794,Flow Trio 🤎 Reformer,2026-08-08 12:00:00,Samedi,12:00,Eva Bernard,Reformer,4,4,0,0.0,False
2026-07-26 08:11:41,137682839,Fondation 2 🤎 Reformer,2026-08-09 09:00:00,Dimanche,09:00,Eva Bernard,Reformer,4,4,0,0.0,False
2026-07-26 08:11:41,137683010,Fondation 2 🤎 Reformer,2026-08-09 10:00:00,Dimanche,10:00,Eva Bernard,Reformer,4,4,0,0.0,False
2026-07-26 08:11:41,137683066,Dynamic Fit 🤎 Reformer,2026-08-09 11:00:00,Dimanche,11:00,Eva Bernard,Reformer,4,4,0,0.0,False
2026-07-26 08:11:41,137682949,Core & Tone 🤎 Reformer,2026-08-09 12:00:00,Dimanche,12:00,Eva Bernard,Reformer,4,4,0,0.0,False
2026-07-26 08:11:41,137617871,Fondation 2 🤎 Reformer,2026-08-10 07:00:00,Lundi,07:00,Aveline Caminade,Reformer,4,4,0,0.0,False
2026-07-26 08:11:41,137618004,Sculpt 🤎 Reformer,2026-08-10 08:00:00,Lundi,08:00,Aveline Caminade,Reformer,4,4,0,0.0,False
2026-07-26 08:11:41,138838572,Fondation 2 ⭐️ Pilates Mat ,2026-08-10 08:00:00,Lundi,08:00,Dani Johnson,Mat,8,8,0,0.0,False
2026-07-26 08:11:41,137618258,Dynamic Fit 🤎 Reformer,2026-08-10 09:00:00,Lundi,09:00,Aveline Caminade,Reformer,4,3,1,25.0,False
2026-07-26 08:11:41,138838626,Dynamic Fit ⭐️ Pilates Mat,2026-08-10 09:00:00,Lundi,09:00,Dani Johnson,Mat,8,8,0,0.0,False
2026-07-26 08:11:41,138838686,Fondation 1 ⭐️ Pilates Mat,2026-08-10 10:00:00,Lundi,10:00,Dani Johnson,Mat,8,8,0,0.0,False
2026-07-26 08:11:41,137618590,Soft & Stretch 🤎 Reformer,2026-08-10 14:30:00,Lundi,14:30,Aveline Caminade,Reformer,4,4,0,0.0,False
2026-07-26 08:11:41,137618705,Fondation 2 🤎 Reformer,2026-08-10 17:00:00,Lundi,17:00,Eva Bernard,Reformer,4,4,0,0.0,False
2026-07-26 08:11:41,137618809,Sculpt 🤎 Reformer,2026-08-10 18:00:00,Lundi,18:00,Eva Bernard,Reformer,4,4,0,0.0,False
2026-07-26 08:11:41,137619312,Core & Tone 🤎 Reformer,2026-08-10 19:00:00,Lundi,19:00,Eva Bernard,Reformer,4,4,0,0.0,False
2026-07-26 08:11:41,137619699,Sculpt 🤎 Reformer,2026-08-10 20:00:00,Lundi,20:00,Eva Bernard,Reformer,4,4,0,0.0,False
2026-07-26 08:11:41,138838750,Flow Trio ⭐️ Pilates Mat,2026-08-11 08:00:00,Mardi,08:00,Dani Johnson,Mat,8,8,0,0.0,False
2026-07-26 08:11:41,138839507,Fondation 2 ⭐️ Pilates Mat ,2026-08-11 09:00:00,Mardi,09:00,Dani Johnson,Mat,8,8,0,0.0,False
2026-07-26 08:11:41,138839555,Core & Tone ⭐️ Pilates Mat ,2026-08-11 10:00:00,Mardi,10:00,Dani Johnson,Mat,8,8,0,0.0,False
2026-07-26 08:11:41,137620207,Fondation 2 🤎 Reformer,2026-08-11 12:15:00,Mardi,12:15,Léa Aveline,Reformer,4,4,0,0.0,False
2026-07-26 08:11:41,137620364,Dynamic Fit 🤎 Reformer,2026-08-11 13:15:00,Mardi,13:15,Léa Aveline,Reformer,4,4,0,0.0,False
2026-07-26 08:11:41,137620312,Soft & Stretch 🤎 Reformer,2026-08-11 14:30:00,Mardi,14:30,Léa Aveline,Reformer,4,4,0,0.0,False
2026-07-26 08:11:41,137620423,Core & Tone 🤎 Reformer,2026-08-11 16:00:00,Mardi,16:00,Léa Aveline,Reformer,4,4,0,0.0,False
2026-07-26 08:11:41,137620480,Fondation 2 🤎 Reformer,2026-08-11 17:00:00,Mardi,17:00,Léa Aveline,Reformer,4,4,0,0.0,False
2026-07-26 08:11:41,137620542,Flow Trio 🤎 Reformer,2026-08-11 18:00:00,Mardi,18:00,Léa Aveline,Reformer,4,4,0,0.0,False
2026-07-26 08:11:41,137620584,Sculpt 🤎 Reformer,2026-08-11 19:00:00,Mardi,19:00,Léa Aveline,Reformer,4,4,0,0.0,False
2026-07-26 08:11:41,137683519,Fondation 2 ⭐️ Pilates Mat ,2026-08-12 08:00:00,Mercredi,08:00,Léa Aveline,Mat,8,7,1,12.5,False
2026-07-26 08:11:41,137683574,Core & Tone ⭐️ Pilates Mat ,2026-08-12 09:00:00,Mercredi,09:00,Léa Aveline,Mat,8,8,0,0.0,False
2026-07-26 08:11:41,137679432,Fondation 2 🤎 Reformer,2026-08-12 09:00:00,Mercredi,09:00,Eva Bernard,Reformer,8,8,0,0.0,False
2026-07-26 08:11:41,137679508,Soft & Stretch 🤎 Reformer,2026-08-12 11:00:00,Mercredi,11:00,Eva Bernard,Reformer,8,2,6,75.0,False
2026-07-26 08:11:41,137684447,Sculpt ⭐️ Pilates Mat ,2026-08-12 12:15:00,Mercredi,12:15,Léa Aveline,Mat,8,8,0,0.0,False
2026-07-26 08:11:41,137679562,Fondation 2 🤎 Reformer,2026-08-12 12:15:00,Mercredi,12:15,Eva Bernard,Reformer,8,8,0,0.0,False
2026-07-26 08:11:41,137684519,Soft & Stretch ⭐️ Pilates Mat,2026-08-12 13:15:00,Mercredi,13:15,Léa Aveline,Mat,8,8,0,0.0,False
2026-07-26 08:11:41,137679709,Flow Trio 🤎 Reformer,2026-08-12 13:15:00,Mercredi,13:15,Eva Bernard,Reformer,8,8,0,0.0,False
2026-07-26 08:11:41,137684671,Sculpt ⭐️ Pilates Mat ,2026-08-12 14:30:00,Mercredi,14:30,Léa Aveline,Mat,8,8,0,0.0,False
2026-07-26 08:11:41,137680338,Sculpt 🤎 Reformer,2026-08-12 17:00:00,Mercredi,17:00,Léa Aveline,Reformer,8,8,0,0.0,False
2026-07-26 08:11:41,137680393,Fondation 2 🤎 Reformer,2026-08-12 18:00:00,Mercredi,18:00,Léa Aveline,Reformer,8,8,0,0.0,False
2026-07-26 08:11:41,137680453,Core & Tone 🤎 Reformer,2026-08-12 19:00:00,Mercredi,19:00,Léa Aveline,Reformer,8,8,0,0.0,False
2026-07-26 08:11:41,137680505,Fondation 1 🤎 Reformer,2026-08-12 20:00:00,Mercredi,20:00,Léa Aveline,Reformer,8,8,0,0.0,False
2026-07-26 08:11:41,137680562,Fondation 2 🤎 Reformer,2026-08-13 09:15:00,Jeudi,09:15,Eva Bernard,Reformer,8,8,0,0.0,False
2026-07-26 08:11:41,137680726,Core & Tone 🤎 Reformer,2026-08-13 10:15:00,Jeudi,10:15,Eva Bernard,Reformer,8,8,0,0.0,False
2026-07-26 08:11:41,137680671,Soft & Stretch 🤎 Reformer,2026-08-13 11:15:00,Jeudi,11:15,Eva Bernard,Reformer,8,8,0,0.0,False
2026-07-26 08:11:41,137680787,Fondation 1 🤎 Reformer,2026-08-13 12:15:00,Jeudi,12:15,Eva Bernard,Reformer,8,8,0,0.0,False
2026-07-26 08:11:41,138403743,Flow Trio ⭐️ Pilates Mat,2026-08-13 12:15:00,Jeudi,12:15,Aveline Caminade,Mat,8,8,0,0.0,False
2026-07-26 08:11:41,138403746,Dynamic Fit ⭐️ Pilates Mat,2026-08-13 13:15:00,Jeudi,13:15,Aveline Caminade,Mat,8,8,0,0.0,False
2026-07-26 08:11:41,137680844,Dynamic Fit 🤎 Reformer,2026-08-13 13:30:00,Jeudi,13:30,Eva Bernard,Reformer,8,8,0,0.0,False
2026-07-26 08:11:41,138403754,Fondation 2 ⭐️ Pilates Mat ,2026-08-13 14:30:00,Jeudi,14:30,Aveline Caminade,Mat,8,8,0,0.0,False
2026-07-26 08:11:41,138403825,Fondation 1 ⭐️ Pilates Mat,2026-08-13 15:30:00,Jeudi,15:30,Aveline Caminade,Mat,8,8,0,0.0,False
2026-07-26 08:11:41,137681573,Fondation 2 🤎 Reformer,2026-08-14 08:00:00,Vendredi,08:00,Léa Aveline,Reformer,8,8,0,0.0,False
2026-07-26 08:11:41,138839628,Soft & Stretch ⭐️ Pilates Mat,2026-08-14 08:00:00,Vendredi,08:00,Dani Johnson,Mat,8,8,0,0.0,False
2026-07-26 08:11:41,137681629,Fondation 1 🤎 Reformer,2026-08-14 09:00:00,Vendredi,09:00,Léa Aveline,Reformer,8,8,0,0.0,False
2026-07-26 08:11:41,138839753,Dynamic Fit ⭐️ Pilates Mat,2026-08-14 09:00:00,Vendredi,09:00,Dani Johnson,Mat,8,8,0,0.0,False
2026-07-26 08:11:41,137681680,Core & Tone 🤎 Reformer,2026-08-14 10:00:00,Vendredi,10:00,Léa Aveline,Reformer,8,8,0,0.0,False
2026-07-26 08:11:41,138839680,Fondation 1 ⭐️ Pilates Mat,2026-08-14 10:00:00,Vendredi,10:00,Dani Johnson,Mat,8,8,0,0.0,False
2026-07-26 08:11:41,138839836,Fondation 1 ⭐️ Pilates Mat,2026-08-14 11:00:00,Vendredi,11:00,Dani Johnson,Mat,8,8,0,0.0,False
2026-07-26 08:11:41,137681744,Core & Tone 🤎 Reformer,2026-08-14 12:15:00,Vendredi,12:15,Léa Aveline,Reformer,8,8,0,0.0,False
2026-07-26 08:11:41,137684205,Soft & Stretch ⭐️ Pilates Mat,2026-08-14 13:00:00,Vendredi,13:00,Laetitia johan,Mat,8,8,0,0.0,False
2026-07-26 08:11:41,137681802,Fondation 2 🤎 Reformer,2026-08-14 13:15:00,Vendredi,13:15,Léa Aveline,Reformer,8,8,0,0.0,False
2026-07-26 08:11:41,137684260,Flow Trio ⭐️ Pilates Mat,2026-08-14 14:00:00,Vendredi,14:00,Laetitia johan,Mat,8,8,0,0.0,False
2026-07-26 08:11:41,137681297,Fondation 2 🤎 Reformer,2026-08-14 15:00:00,Vendredi,15:00,Eva Bernard,Reformer,8,8,0,0.0,False
2026-07-26 08:11:41,137684324,Dynamic Fit ⭐️ Pilates Mat,2026-08-14 15:00:00,Vendredi,15:00,Laetitia johan,Mat,8,8,0,0.0,False
2026-07-26 08:11:41,137681327,Sculpt 🤎 Reformer,2026-08-14 16:00:00,Vendredi,16:00,Eva Bernard,Reformer,8,8,0,0.0,False
2026-07-26 08:11:41,137684376,Sculpt ⭐️ Pilates Mat ,2026-08-14 16:00:00,Vendredi,16:00,Laetitia johan,Mat,8,8,0,0.0,False
2026-07-26 08:11:41,137681430,Flow Trio 🤎 Reformer,2026-08-14 17:00:00,Vendredi,17:00,Eva Bernard,Reformer,8,8,0,0.0,False
2026-07-26 08:11:41,137681492,Fondation 1 🤎 Reformer,2026-08-14 18:00:00,Vendredi,18:00,Eva Bernard,Reformer,8,8,0,0.0,False
2026-07-26 08:11:41,137682625,Fondation 2 🤎 Reformer,2026-08-15 09:00:00,Samedi,09:00,Léa Aveline,Reformer,8,8,0,0.0,False
2026-07-26 08:11:41,137682666,Core & Tone 🤎 Reformer,2026-08-15 10:00:00,Samedi,10:00,Léa Aveline,Reformer,8,8,0,0.0,False
2026-07-26 08:11:41,137682724,Dynamic Fit 🤎 Reformer,2026-08-15 11:00:00,Samedi,11:00,Léa Aveline,Reformer,8,8,0,0.0,False
2026-07-26 08:11:41,137682789,Flow Trio 🤎 Reformer,2026-08-15 12:00:00,Samedi,12:00,Léa Aveline,Reformer,8,8,0,0.0,False
2026-07-26 08:11:41,137682843,Fondation 2 🤎 Reformer,2026-08-16 09:00:00,Dimanche,09:00,Léa Aveline,Reformer,8,8,0,0.0,False
2026-07-26 08:11:41,137683008,Fondation 2 🤎 Reformer,2026-08-16 10:00:00,Dimanche,10:00,Léa Aveline,Reformer,8,8,0,0.0,False
2026-07-26 08:11:41,137683060,Dynamic Fit 🤎 Reformer,2026-08-16 11:00:00,Dimanche,11:00,Léa Aveline,Reformer,8,8,0,0.0,False
2026-07-26 08:11:41,137682951,Core & Tone 🤎 Reformer,2026-08-16 12:00:00,Dimanche,12:00,Léa Aveline,Reformer,8,8,0,0.0,False
2026-07-26 08:11:41,137617872,Fondation 2 🤎 Reformer,2026-08-17 07:00:00,Lundi,07:00,Nathalie Hamm,Reformer,8,7,1,12.5,False
2026-07-26 08:11:41,137618006,Sculpt 🤎 Reformer,2026-08-17 08:00:00,Lundi,08:00,Nathalie Hamm,Reformer,8,8,0,0.0,False
2026-07-26 08:11:41,138838573,Fondation 2 ⭐️ Pilates Mat ,2026-08-17 08:00:00,Lundi,08:00,Dani Johnson,Mat,8,8,0,0.0,False
2026-07-26 08:11:41,137618259,Dynamic Fit 🤎 Reformer,2026-08-17 09:00:00,Lundi,09:00,Nathalie Hamm,Reformer,8,8,0,0.0,False
2026-07-26 08:11:41,138838627,Dynamic Fit ⭐️ Pilates Mat,2026-08-17 09:00:00,Lundi,09:00,Dani Johnson,Mat,8,8,0,0.0,False
2026-07-26 08:11:41,138838685,Fondation 1 ⭐️ Pilates Mat,2026-08-17 10:00:00,Lundi,10:00,Dani Johnson,Mat,8,8,0,0.0,False
2026-07-26 08:11:41,137618327,Core & Tone 🤎 Reformer,2026-08-17 11:00:00,Lundi,11:00,Nathalie Hamm,Reformer,8,8,0,0.0,False
2026-07-26 08:11:41,137618383,Fondation 2 🤎 Reformer,2026-08-17 12:15:00,Lundi,12:15,Nathalie Hamm,Reformer,8,8,0,0.0,False
2026-07-26 08:11:41,137620258,Dynamic Fit 🤎 Reformer,2026-08-17 13:15:00,Lundi,13:15,Nathalie Hamm,Reformer,8,8,0,0.0,False
2026-07-26 08:11:41,137618587,Soft & Stretch 🤎 Reformer,2026-08-17 14:30:00,Lundi,14:30,Nathalie Hamm,Reformer,8,8,0,0.0,False
2026-07-26 08:11:41,137619927,Fondation 2 🤎 Reformer,2026-08-18 07:00:00,Mardi,07:00,Nathalie Hamm,Reformer,8,8,0,0.0,False
2026-07-26 08:11:41,137619971,Core & Tone 🤎 Reformer,2026-08-18 08:00:00,Mardi,08:00,Nathalie Hamm,Reformer,8,8,0,0.0,False
2026-07-26 08:11:41,138838751,Flow Trio ⭐️ Pilates Mat,2026-08-18 08:00:00,Mardi,08:00,Dani Johnson,Mat,8,8,0,0.0,False
2026-07-26 08:11:41,137620076,Dynamic Fit 🤎 Reformer,2026-08-18 09:00:00,Mardi,09:00,Nathalie Hamm,Reformer,8,8,0,0.0,False
2026-07-26 08:11:41,138839496,Fondation 2 ⭐️ Pilates Mat ,2026-08-18 09:00:00,Mardi,09:00,Dani Johnson,Mat,8,8,0,0.0,False
2026-07-26 08:11:41,137620026,Sculpt 🤎 Reformer,2026-08-18 10:00:00,Mardi,10:00,Nathalie Hamm,Reformer,8,8,0,0.0,False
2026-07-26 08:11:41,138839564,Core & Tone ⭐️ Pilates Mat ,2026-08-18 10:00:00,Mardi,10:00,Dani Johnson,Mat,8,8,0,0.0,False
2026-07-26 08:11:41,137620208,Fondation 2 🤎 Reformer,2026-08-18 12:15:00,Mardi,12:15,Léa Aveline,Reformer,8,8,0,0.0,False
2026-07-26 08:11:41,137620365,Dynamic Fit 🤎 Reformer,2026-08-18 13:15:00,Mardi,13:15,Léa Aveline,Reformer,8,8,0,0.0,False
2026-07-26 08:11:41,137620321,Soft & Stretch 🤎 Reformer,2026-08-18 14:30:00,Mardi,14:30,Léa Aveline,Reformer,8,8,0,0.0,False
2026-07-26 08:11:41,137620421,Core & Tone 🤎 Reformer,2026-08-18 16:00:00,Mardi,16:00,Léa Aveline,Reformer,8,8,0,0.0,False
2026-07-26 08:11:41,137620477,Fondation 2 🤎 Reformer,2026-08-18 17:00:00,Mardi,17:00,Léa Aveline,Reformer,8,8,0,0.0,False
2026-07-26 08:11:41,137620536,Flow Trio 🤎 Reformer,2026-08-18 18:00:00,Mardi,18:00,Léa Aveline,Reformer,8,8,0,0.0,False
2026-07-26 08:11:41,137620582,Sculpt 🤎 Reformer,2026-08-18 19:00:00,Mardi,19:00,Léa Aveline,Reformer,8,8,0,0.0,False
2026-07-26 08:11:41,137679299,Sculpt 🤎 Reformer,2026-08-19 07:00:00,Mercredi,07:00,Nathalie Hamm,Reformer,8,8,0,0.0,False
2026-07-26 08:11:41,137679367,Core & Tone 🤎 Reformer,2026-08-19 08:00:00,Mercredi,08:00,Nathalie Hamm,Reformer,8,8,0,0.0,False
2026-07-26 08:11:41,137683517,Fondation 2 ⭐️ Pilates Mat ,2026-08-19 08:00:00,Mercredi,08:00,Laetitia johan,Mat,8,8,0,0.0,False
2026-07-26 08:11:41,137679430,Fondation 2 🤎 Reformer,2026-08-19 09:00:00,Mercredi,09:00,Nathalie Hamm,Reformer,8,8,0,0.0,False
2026-07-26 08:11:41,137683575,Core & Tone ⭐️ Pilates Mat ,2026-08-19 09:00:00,Mercredi,09:00,Laetitia johan,Mat,8,8,0,0.0,False
2026-07-26 08:11:41,137683636,Fondation 1 ⭐️ Pilates Mat,2026-08-19 10:00:00,Mercredi,10:00,Laetitia johan,Mat,8,8,0,0.0,False
2026-07-26 08:11:41,137679506,Soft & Stretch 🤎 Reformer,2026-08-19 11:00:00,Mercredi,11:00,Nathalie Hamm,Reformer,8,8,0,0.0,False
2026-07-26 08:11:41,137683915,Core & Tone ⭐️ Pilates Mat ,2026-08-19 11:00:00,Mercredi,11:00,Laetitia johan,Mat,8,8,0,0.0,False
2026-07-26 08:11:41,137679561,Fondation 2 🤎 Reformer,2026-08-19 12:15:00,Mercredi,12:15,Nathalie Hamm,Reformer,8,8,0,0.0,False
2026-07-26 08:11:41,137684443,Sculpt ⭐️ Pilates Mat ,2026-08-19 12:15:00,Mercredi,12:15,Léa Aveline,Mat,8,8,0,0.0,False
2026-07-26 08:11:41,137679741,Flow Trio 🤎 Reformer,2026-08-19 13:15:00,Mercredi,13:15,Nathalie Hamm,Reformer,8,8,0,0.0,False
2026-07-26 08:11:41,137684516,Soft & Stretch ⭐️ Pilates Mat,2026-08-19 13:15:00,Mercredi,13:15,Léa Aveline,Mat,8,8,0,0.0,False
2026-07-26 08:11:41,137680225,Dynamic Fit 🤎 Reformer,2026-08-19 14:30:00,Mercredi,14:30,Nathalie Hamm,Reformer,8,8,0,0.0,False
2026-07-26 08:11:41,137684675,Sculpt ⭐️ Pilates Mat ,2026-08-19 14:30:00,Mercredi,14:30,Léa Aveline,Mat,8,8,0,0.0,False
2026-07-26 08:11:41,137680335,Sculpt 🤎 Reformer,2026-08-19 17:00:00,Mercredi,17:00,Léa Aveline,Reformer,8,8,0,0.0,False
2026-07-26 08:11:41,137680395,Fondation 2 🤎 Reformer,2026-08-19 18:00:00,Mercredi,18:00,Léa Aveline,Reformer,8,8,0,0.0,False
2026-07-26 08:11:41,137680447,Core & Tone 🤎 Reformer,2026-08-19 19:00:00,Mercredi,19:00,Léa Aveline,Reformer,8,8,0,0.0,False
2026-07-26 08:11:41,137680503,Fondation 1 🤎 Reformer,2026-08-19 20:00:00,Mercredi,20:00,Léa Aveline,Reformer,8,8,0,0.0,False
2026-07-26 08:11:41,138403744,Flow Trio ⭐️ Pilates Mat,2026-08-20 12:15:00,Jeudi,12:15,Aveline Caminade,Mat,8,8,0,0.0,False
2026-07-26 08:11:41,138403748,Dynamic Fit ⭐️ Pilates Mat,2026-08-20 13:15:00,Jeudi,13:15,Aveline Caminade,Mat,8,8,0,0.0,False
2026-07-26 08:11:41,138403757,Fondation 2 ⭐️ Pilates Mat ,2026-08-20 14:30:00,Jeudi,14:30,Aveline Caminade,Mat,8,8,0,0.0,False
2026-07-26 08:11:41,138403824,Fondation 1 ⭐️ Pilates Mat,2026-08-20 15:30:00,Jeudi,15:30,Aveline Caminade,Mat,8,8,0,0.0,False
2026-07-26 08:11:41,137680957,Sculpt 🤎 Reformer,2026-08-20 17:00:00,Jeudi,17:00,Justin Robert,Reformer,8,8,0,0.0,False
2026-07-26 08:11:41,137681011,Dynamic Fit 🤎 Reformer,2026-08-20 18:00:00,Jeudi,18:00,Justin Robert,Reformer,8,8,0,0.0,False
2026-07-26 08:11:41,137681165,Fondation 1 🤎 Reformer,2026-08-20 19:00:00,Jeudi,19:00,Justin Robert,Reformer,8,8,0,0.0,False
2026-07-26 08:11:41,137681217,Soft & Stretch 🤎 Reformer,2026-08-20 20:00:00,Jeudi,20:00,Justin Robert,Reformer,8,8,0,0.0,False
2026-07-26 08:11:41,137681574,Fondation 2 🤎 Reformer,2026-08-21 08:00:00,Vendredi,08:00,Léa Aveline,Reformer,8,7,1,12.5,False
2026-07-26 08:11:41,138839629,Soft & Stretch ⭐️ Pilates Mat,2026-08-21 08:00:00,Vendredi,08:00,Dani Johnson,Mat,8,8,0,0.0,False
2026-07-26 08:11:41,137681635,Fondation 1 🤎 Reformer,2026-08-21 09:00:00,Vendredi,09:00,Léa Aveline,Reformer,8,8,0,0.0,False
2026-07-26 08:11:41,138839754,Dynamic Fit ⭐️ Pilates Mat,2026-08-21 09:00:00,Vendredi,09:00,Dani Johnson,Mat,8,8,0,0.0,False
2026-07-26 08:11:41,137681681,Core & Tone 🤎 Reformer,2026-08-21 10:00:00,Vendredi,10:00,Léa Aveline,Reformer,8,8,0,0.0,False
2026-07-26 08:11:41,138839684,Fondation 1 ⭐️ Pilates Mat,2026-08-21 10:00:00,Vendredi,10:00,Dani Johnson,Mat,8,8,0,0.0,False
2026-07-26 08:11:41,138839837,Fondation 1 ⭐️ Pilates Mat,2026-08-21 11:00:00,Vendredi,11:00,Dani Johnson,Mat,8,8,0,0.0,False
2026-07-26 08:11:41,137681746,Core & Tone 🤎 Reformer,2026-08-21 12:15:00,Vendredi,12:15,Léa Aveline,Reformer,8,8,0,0.0,False
2026-07-26 08:11:41,137684206,Soft & Stretch ⭐️ Pilates Mat,2026-08-21 13:00:00,Vendredi,13:00,Laetitia johan,Mat,8,8,0,0.0,False
2026-07-26 08:11:41,137681800,Fondation 2 🤎 Reformer,2026-08-21 13:15:00,Vendredi,13:15,Léa Aveline,Reformer,8,8,0,0.0,False
2026-07-26 08:11:41,137684265,Flow Trio ⭐️ Pilates Mat,2026-08-21 14:00:00,Vendredi,14:00,Laetitia johan,Mat,8,8,0,0.0,False
2026-07-26 08:11:41,137681316,Fondation 2 🤎 Reformer,2026-08-21 15:00:00,Vendredi,15:00,Nathalie Hamm,Reformer,8,8,0,0.0,False
2026-07-26 08:11:41,137684328,Dynamic Fit ⭐️ Pilates Mat,2026-08-21 15:00:00,Vendredi,15:00,Laetitia johan,Mat,8,8,0,0.0,False
2026-07-26 08:11:41,137681326,Sculpt 🤎 Reformer,2026-08-21 16:00:00,Vendredi,16:00,Nathalie Hamm,Reformer,8,8,0,0.0,False
2026-07-26 08:11:41,137684379,Sculpt ⭐️ Pilates Mat ,2026-08-21 16:00:00,Vendredi,16:00,Laetitia johan,Mat,8,8,0,0.0,False
2026-07-26 08:11:41,137681433,Flow Trio 🤎 Reformer,2026-08-21 17:00:00,Vendredi,17:00,Nathalie Hamm,Reformer,8,8,0,0.0,False
2026-07-26 08:11:41,137681486,Fondation 1 🤎 Reformer,2026-08-21 18:00:00,Vendredi,18:00,Nathalie Hamm,Reformer,8,8,0,0.0,False
2026-07-26 08:11:41,137682606,Fondation 2 🤎 Reformer,2026-08-22 09:00:00,Samedi,09:00,Nathalie Hamm,Reformer,8,8,0,0.0,False
2026-07-26 08:11:41,137682670,Core & Tone 🤎 Reformer,2026-08-22 10:00:00,Samedi,10:00,Nathalie Hamm,Reformer,8,8,0,0.0,False
2026-07-26 08:11:41,137682727,Dynamic Fit 🤎 Reformer,2026-08-22 11:00:00,Samedi,11:00,Nathalie Hamm,Reformer,8,8,0,0.0,False
2026-07-26 08:11:41,137682787,Flow Trio 🤎 Reformer,2026-08-22 12:00:00,Samedi,12:00,Nathalie Hamm,Reformer,8,8,0,0.0,False
2026-07-26 08:11:41,137682842,Fondation 2 🤎 Reformer,2026-08-23 09:00:00,Dimanche,09:00,Nathalie Hamm,Reformer,8,8,0,0.0,False
2026-07-26 08:11:41,137683005,Fondation 2 🤎 Reformer,2026-08-23 10:00:00,Dimanche,10:00,Nathalie Hamm,Reformer,8,8,0,0.0,False
2026-07-26 08:11:41,137683069,Dynamic Fit 🤎 Reformer,2026-08-23 11:00:00,Dimanche,11:00,Nathalie Hamm,Reformer,8,8,0,0.0,False
2026-07-26 08:11:41,137682953,Core & Tone 🤎 Reformer,2026-08-23 12:00:00,Dimanche,12:00,Nathalie Hamm,Reformer,8,8,0,0.0,False
2026-07-26 08:11:41,137617873,Fondation 2 🤎 Reformer,2026-08-24 07:00:00,Lundi,07:00,Nathalie Hamm,Reformer,8,8,0,0.0,False
2026-07-26 08:11:41,137618010,Sculpt 🤎 Reformer,2026-08-24 08:00:00,Lundi,08:00,Nathalie Hamm,Reformer,8,8,0,0.0,False
2026-07-26 08:11:41,138838578,Fondation 2 ⭐️ Pilates Mat ,2026-08-24 08:00:00,Lundi,08:00,Dani Johnson,Mat,8,8,0,0.0,False
2026-07-26 08:11:41,137618263,Dynamic Fit 🤎 Reformer,2026-08-24 09:00:00,Lundi,09:00,Nathalie Hamm,Reformer,8,8,0,0.0,False
2026-07-26 08:11:41,138838628,Dynamic Fit ⭐️ Pilates Mat,2026-08-24 09:00:00,Lundi,09:00,Dani Johnson,Mat,8,8,0,0.0,False
2026-07-26 08:11:41,138838683,Fondation 1 ⭐️ Pilates Mat,2026-08-24 10:00:00,Lundi,10:00,Dani Johnson,Mat,8,8,0,0.0,False
2026-07-26 08:11:41,137618330,Core & Tone 🤎 Reformer,2026-08-24 11:00:00,Lundi,11:00,Nathalie Hamm,Reformer,8,8,0,0.0,False
2026-07-26 08:11:41,137618386,Fondation 2 🤎 Reformer,2026-08-24 12:15:00,Lundi,12:15,Nathalie Hamm,Reformer,8,8,0,0.0,False
2026-07-26 08:11:41,137620260,Dynamic Fit 🤎 Reformer,2026-08-24 13:15:00,Lundi,13:15,Nathalie Hamm,Reformer,8,8,0,0.0,False
2026-07-26 08:11:41,137618585,Soft & Stretch 🤎 Reformer,2026-08-24 14:30:00,Lundi,14:30,Nathalie Hamm,Reformer,8,8,0,0.0,False
2026-07-26 08:11:41,137618708,Fondation 2 🤎 Reformer,2026-08-24 17:00:00,Lundi,17:00,Eva Bernard,Reformer,8,8,0,0.0,False
2026-07-26 08:11:41,137618814,Sculpt 🤎 Reformer,2026-08-24 18:00:00,Lundi,18:00,Eva Bernard,Reformer,8,8,0,0.0,False
2026-07-26 08:11:41,137619311,Core & Tone 🤎 Reformer,2026-08-24 19:00:00,Lundi,19:00,Eva Bernard,Reformer,8,8,0,0.0,False
2026-07-26 08:11:41,137619700,Sculpt 🤎 Reformer,2026-08-24 20:00:00,Lundi,20:00,Eva Bernard,Reformer,8,8,0,0.0,False
2026-07-26 08:11:41,137619911,Fondation 2 🤎 Reformer,2026-08-25 07:00:00,Mardi,07:00,Nathalie Hamm,Reformer,8,8,0,0.0,False
2026-07-26 08:11:41,137619978,Core & Tone 🤎 Reformer,2026-08-25 08:00:00,Mardi,08:00,Nathalie Hamm,Reformer,8,8,0,0.0,False
2026-07-26 08:11:41,138838753,Flow Trio ⭐️ Pilates Mat,2026-08-25 08:00:00,Mardi,08:00,Dani Johnson,Mat,8,8,0,0.0,False
2026-07-26 08:11:41,137620080,Dynamic Fit 🤎 Reformer,2026-08-25 09:00:00,Mardi,09:00,Nathalie Hamm,Reformer,8,8,0,0.0,False
2026-07-26 08:11:41,138839501,Fondation 2 ⭐️ Pilates Mat ,2026-08-25 09:00:00,Mardi,09:00,Dani Johnson,Mat,8,8,0,0.0,False
2026-07-26 08:11:41,137620028,Sculpt 🤎 Reformer,2026-08-25 10:00:00,Mardi,10:00,Nathalie Hamm,Reformer,8,8,0,0.0,False
2026-07-26 08:11:41,138839586,Core & Tone ⭐️ Pilates Mat ,2026-08-25 10:00:00,Mardi,10:00,Dani Johnson,Mat,8,8,0,0.0,False
2026-07-26 08:11:41,137620209,Fondation 2 🤎 Reformer,2026-08-25 12:15:00,Mardi,12:15,Léa Aveline,Reformer,8,8,0,0.0,False
2026-07-26 08:11:41,137620369,Dynamic Fit 🤎 Reformer,2026-08-25 13:15:00,Mardi,13:15,Léa Aveline,Reformer,8,8,0,0.0,False
2026-07-26 08:11:41,137620314,Soft & Stretch 🤎 Reformer,2026-08-25 14:30:00,Mardi,14:30,Léa Aveline,Reformer,8,8,0,0.0,False
2026-07-26 08:11:41,137620430,Core & Tone 🤎 Reformer,2026-08-25 16:00:00,Mardi,16:00,Léa Aveline,Reformer,8,8,0,0.0,False
2026-07-26 08:11:41,137620481,Fondation 2 🤎 Reformer,2026-08-25 17:00:00,Mardi,17:00,Léa Aveline,Reformer,8,8,0,0.0,False
2026-07-26 08:11:41,137620535,Flow Trio 🤎 Reformer,2026-08-25 18:00:00,Mardi,18:00,Léa Aveline,Reformer,8,8,0,0.0,False
2026-07-26 08:11:41,137620614,Sculpt 🤎 Reformer,2026-08-25 19:00:00,Mardi,19:00,Léa Aveline,Reformer,8,8,0,0.0,False
2026-07-26 08:11:41,137679291,Sculpt 🤎 Reformer,2026-08-26 07:00:00,Mercredi,07:00,Nathalie Hamm,Reformer,8,8,0,0.0,False
2026-07-26 08:11:41,137679366,Core & Tone 🤎 Reformer,2026-08-26 08:00:00,Mercredi,08:00,Nathalie Hamm,Reformer,8,8,0,0.0,False
2026-07-26 08:11:41,137683522,Fondation 2 ⭐️ Pilates Mat ,2026-08-26 08:00:00,Mercredi,08:00,Laetitia johan,Mat,8,8,0,0.0,False
2026-07-26 08:11:41,137679448,Fondation 2 🤎 Reformer,2026-08-26 09:00:00,Mercredi,09:00,Nathalie Hamm,Reformer,8,8,0,0.0,False
2026-07-26 08:11:41,137683576,Core & Tone ⭐️ Pilates Mat ,2026-08-26 09:00:00,Mercredi,09:00,Laetitia johan,Mat,8,8,0,0.0,False
2026-07-26 08:11:41,137683640,Fondation 1 ⭐️ Pilates Mat,2026-08-26 10:00:00,Mercredi,10:00,Laetitia johan,Mat,8,8,0,0.0,False
2026-07-26 08:11:41,137679509,Soft & Stretch 🤎 Reformer,2026-08-26 11:00:00,Mercredi,11:00,Nathalie Hamm,Reformer,8,8,0,0.0,False
2026-07-26 08:11:41,137683930,Core & Tone ⭐️ Pilates Mat ,2026-08-26 11:00:00,Mercredi,11:00,Laetitia johan,Mat,8,8,0,0.0,False
2026-07-26 08:11:41,137679564,Fondation 2 🤎 Reformer,2026-08-26 12:15:00,Mercredi,12:15,Nathalie Hamm,Reformer,8,8,0,0.0,False
2026-07-26 08:11:41,137684452,Sculpt ⭐️ Pilates Mat ,2026-08-26 12:15:00,Mercredi,12:15,Léa Aveline,Mat,8,8,0,0.0,False
2026-07-26 08:11:41,137679720,Flow Trio 🤎 Reformer,2026-08-26 13:15:00,Mercredi,13:15,Nathalie Hamm,Reformer,8,8,0,0.0,False
2026-07-26 08:11:41,137684514,Soft & Stretch ⭐️ Pilates Mat,2026-08-26 13:15:00,Mercredi,13:15,Léa Aveline,Mat,8,8,0,0.0,False
2026-07-26 08:11:41,137680226,Dynamic Fit 🤎 Reformer,2026-08-26 14:30:00,Mercredi,14:30,Nathalie Hamm,Reformer,8,8,0,0.0,False
2026-07-26 08:11:41,137684676,Sculpt ⭐️ Pilates Mat ,2026-08-26 14:30:00,Mercredi,14:30,Léa Aveline,Mat,8,8,0,0.0,False
2026-07-26 08:11:41,137680343,Sculpt 🤎 Reformer,2026-08-26 17:00:00,Mercredi,17:00,Léa Aveline,Reformer,8,8,0,0.0,False
2026-07-26 08:11:41,137680400,Fondation 2 🤎 Reformer,2026-08-26 18:00:00,Mercredi,18:00,Léa Aveline,Reformer,8,8,0,0.0,False
2026-07-26 08:11:41,137680448,Core & Tone 🤎 Reformer,2026-08-26 19:00:00,Mercredi,19:00,Léa Aveline,Reformer,8,8,0,0.0,False
2026-07-26 08:11:41,137680501,Fondation 1 🤎 Reformer,2026-08-26 20:00:00,Mercredi,20:00,Léa Aveline,Reformer,8,8,0,0.0,False
2026-07-26 08:11:41,137680559,Fondation 2 🤎 Reformer,2026-08-27 09:15:00,Jeudi,09:15,Eva Bernard,Reformer,8,8,0,0.0,False
2026-07-26 08:11:41,137680727,Core & Tone 🤎 Reformer,2026-08-27 10:15:00,Jeudi,10:15,Eva Bernard,Reformer,8,8,0,0.0,False
2026-07-26 08:11:41,137680680,Soft & Stretch 🤎 Reformer,2026-08-27 11:15:00,Jeudi,11:15,Eva Bernard,Reformer,8,8,0,0.0,False
2026-07-26 08:11:41,137680793,Fondation 1 🤎 Reformer,2026-08-27 12:15:00,Jeudi,12:15,Eva Bernard,Reformer,8,8,0,0.0,False
2026-07-26 08:11:41,138403745,Flow Trio ⭐️ Pilates Mat,2026-08-27 12:15:00,Jeudi,12:15,Aveline Caminade,Mat,8,8,0,0.0,False
2026-07-26 08:11:41,138403749,Dynamic Fit ⭐️ Pilates Mat,2026-08-27 13:15:00,Jeudi,13:15,Aveline Caminade,Mat,8,8,0,0.0,False
2026-07-26 08:11:41,137680840,Dynamic Fit 🤎 Reformer,2026-08-27 13:30:00,Jeudi,13:30,Eva Bernard,Reformer,8,8,0,0.0,False
2026-07-26 08:11:41,138403756,Fondation 2 ⭐️ Pilates Mat ,2026-08-27 14:30:00,Jeudi,14:30,Aveline Caminade,Mat,8,8,0,0.0,False
2026-07-26 08:11:41,138403827,Fondation 1 ⭐️ Pilates Mat,2026-08-27 15:30:00,Jeudi,15:30,Aveline Caminade,Mat,8,8,0,0.0,False
2026-07-26 08:11:41,137680956,Sculpt 🤎 Reformer,2026-08-27 17:00:00,Jeudi,17:00,Justin Robert,Reformer,8,8,0,0.0,False
2026-07-26 08:11:41,137681009,Dynamic Fit 🤎 Reformer,2026-08-27 18:00:00,Jeudi,18:00,Justin Robert,Reformer,8,8,0,0.0,False
2026-07-26 08:11:41,137681168,Fondation 1 🤎 Reformer,2026-08-27 19:00:00,Jeudi,19:00,Justin Robert,Reformer,8,8,0,0.0,False
2026-07-26 08:11:41,137681219,Soft & Stretch 🤎 Reformer,2026-08-27 20:00:00,Jeudi,20:00,Justin Robert,Reformer,8,8,0,0.0,False
2026-07-26 08:11:41,137681580,Fondation 2 🤎 Reformer,2026-08-28 08:00:00,Vendredi,08:00,Léa Aveline,Reformer,8,8,0,0.0,False
2026-07-26 08:11:41,138839630,Soft & Stretch ⭐️ Pilates Mat,2026-08-28 08:00:00,Vendredi,08:00,Dani Johnson,Mat,8,8,0,0.0,False
2026-07-26 08:11:41,137681628,Fondation 1 🤎 Reformer,2026-08-28 09:00:00,Vendredi,09:00,Léa Aveline,Reformer,8,8,0,0.0,False
2026-07-26 08:11:41,138839756,Dynamic Fit ⭐️ Pilates Mat,2026-08-28 09:00:00,Vendredi,09:00,Dani Johnson,Mat,8,8,0,0.0,False
2026-07-26 08:11:41,137681682,Core & Tone 🤎 Reformer,2026-08-28 10:00:00,Vendredi,10:00,Léa Aveline,Reformer,8,8,0,0.0,False
2026-07-26 08:11:41,138839682,Fondation 1 ⭐️ Pilates Mat,2026-08-28 10:00:00,Vendredi,10:00,Dani Johnson,Mat,8,8,0,0.0,False
2026-07-26 08:11:41,138839838,Fondation 1 ⭐️ Pilates Mat,2026-08-28 11:00:00,Vendredi,11:00,Dani Johnson,Mat,8,8,0,0.0,False
2026-07-26 08:11:41,137681747,Core & Tone 🤎 Reformer,2026-08-28 12:15:00,Vendredi,12:15,Léa Aveline,Reformer,8,8,0,0.0,False
2026-07-26 08:11:41,137684214,Soft & Stretch ⭐️ Pilates Mat,2026-08-28 13:00:00,Vendredi,13:00,Laetitia johan,Mat,8,8,0,0.0,False
2026-07-26 08:11:41,137681811,Fondation 2 🤎 Reformer,2026-08-28 13:15:00,Vendredi,13:15,Léa Aveline,Reformer,8,8,0,0.0,False
2026-07-26 08:11:41,137684263,Flow Trio ⭐️ Pilates Mat,2026-08-28 14:00:00,Vendredi,14:00,Laetitia johan,Mat,8,8,0,0.0,False
2026-07-26 08:11:41,137681296,Fondation 2 🤎 Reformer,2026-08-28 15:00:00,Vendredi,15:00,Nathalie Hamm,Reformer,8,8,0,0.0,False
2026-07-26 08:11:41,137684325,Dynamic Fit ⭐️ Pilates Mat,2026-08-28 15:00:00,Vendredi,15:00,Laetitia johan,Mat,8,8,0,0.0,False
2026-07-26 08:11:41,137681330,Sculpt 🤎 Reformer,2026-08-28 16:00:00,Vendredi,16:00,Nathalie Hamm,Reformer,8,8,0,0.0,False
2026-07-26 08:11:41,137684381,Sculpt ⭐️ Pilates Mat ,2026-08-28 16:00:00,Vendredi,16:00,Laetitia johan,Mat,8,8,0,0.0,False
2026-07-26 08:11:41,137681434,Flow Trio 🤎 Reformer,2026-08-28 17:00:00,Vendredi,17:00,Nathalie Hamm,Reformer,8,8,0,0.0,False
2026-07-26 08:11:41,137681491,Fondation 1 🤎 Reformer,2026-08-28 18:00:00,Vendredi,18:00,Nathalie Hamm,Reformer,8,8,0,0.0,False
2026-07-26 08:11:41,137682656,Fondation 2 🤎 Reformer,2026-08-29 09:00:00,Samedi,09:00,Léa Aveline,Reformer,8,8,0,0.0,False
2026-07-26 08:11:41,137682665,Core & Tone 🤎 Reformer,2026-08-29 10:00:00,Samedi,10:00,Léa Aveline,Reformer,8,8,0,0.0,False
2026-07-26 08:11:41,137682721,Dynamic Fit 🤎 Reformer,2026-08-29 11:00:00,Samedi,11:00,Léa Aveline,Reformer,8,8,0,0.0,False
2026-07-26 08:11:41,137682785,Flow Trio 🤎 Reformer,2026-08-29 12:00:00,Samedi,12:00,Léa Aveline,Reformer,8,8,0,0.0,False
2026-07-26 08:11:41,137682840,Fondation 2 🤎 Reformer,2026-08-30 09:00:00,Dimanche,09:00,Léa Aveline,Reformer,8,8,0,0.0,False
2026-07-26 08:11:41,137683006,Fondation 2 🤎 Reformer,2026-08-30 10:00:00,Dimanche,10:00,Léa Aveline,Reformer,8,8,0,0.0,False
2026-07-26 08:11:41,137683063,Dynamic Fit 🤎 Reformer,2026-08-30 11:00:00,Dimanche,11:00,Léa Aveline,Reformer,8,8,0,0.0,False
2026-07-26 08:11:41,137682956,Core & Tone 🤎 Reformer,2026-08-30 12:00:00,Dimanche,12:00,Léa Aveline,Reformer,8,8,0,0.0,False
2026-07-26 08:11:41,137617874,Fondation 2 🤎 Reformer,2026-08-31 07:00:00,Lundi,07:00,Nathalie Hamm,Reformer,8,8,0,0.0,False
2026-07-26 08:11:41,137618009,Sculpt 🤎 Reformer,2026-08-31 08:00:00,Lundi,08:00,Nathalie Hamm,Reformer,8,8,0,0.0,False
2026-07-26 08:11:41,137618260,Dynamic Fit 🤎 Reformer,2026-08-31 09:00:00,Lundi,09:00,Nathalie Hamm,Reformer,8,8,0,0.0,False
2026-07-26 08:11:41,138838687,Fondation 1 ⭐️ Pilates Mat,2026-08-31 10:00:00,Lundi,10:00,Dani Johnson,Mat,8,8,0,0.0,False
2026-07-26 08:11:41,137618331,Core & Tone 🤎 Reformer,2026-08-31 11:00:00,Lundi,11:00,Nathalie Hamm,Reformer,8,8,0,0.0,False
2026-07-26 08:11:41,137618388,Fondation 2 🤎 Reformer,2026-08-31 12:15:00,Lundi,12:15,Nathalie Hamm,Reformer,8,8,0,0.0,False
2026-07-26 08:11:41,138839966,Fondation 1 ⭐️ Pilates Mat,2026-08-31 12:15:00,Lundi,12:15,JEAN DUTARTRE,Mat,8,8,0,0.0,False
2026-07-26 08:11:41,137620281,Dynamic Fit 🤎 Reformer,2026-08-31 13:15:00,Lundi,13:15,Nathalie Hamm,Reformer,8,8,0,0.0,False
2026-07-26 08:11:41,138840024,Core & Tone ⭐️ Pilates Mat ,2026-08-31 13:15:00,Lundi,13:15,JEAN DUTARTRE,Mat,8,8,0,0.0,False
2026-07-26 08:11:41,137618588,Soft & Stretch 🤎 Reformer,2026-08-31 14:30:00,Lundi,14:30,Nathalie Hamm,Reformer,8,8,0,0.0,False
2026-07-26 08:11:41,137618709,Fondation 2 🤎 Reformer,2026-08-31 17:00:00,Lundi,17:00,Eva Bernard,Reformer,8,8,0,0.0,False
2026-07-26 08:11:41,137618812,Sculpt 🤎 Reformer,2026-08-31 18:00:00,Lundi,18:00,Eva Bernard,Reformer,8,8,0,0.0,False
2026-07-26 08:11:41,137619211,Core & Tone 🤎 Reformer,2026-08-31 19:00:00,Lundi,19:00,Eva Bernard,Reformer,8,8,0,0.0,False
2026-07-26 08:11:41,137619712,Sculpt 🤎 Reformer,2026-08-31 20:00:00,Lundi,20:00,Eva Bernard,Reformer,8,8,0,0.0,False
2026-07-26 08:11:41,137619906,Fondation 2 🤎 Reformer,2026-09-01 07:00:00,Mardi,07:00,Nathalie Hamm,Reformer,8,8,0,0.0,False
2026-07-26 08:11:41,137619987,Core & Tone 🤎 Reformer,2026-09-01 08:00:00,Mardi,08:00,Nathalie Hamm,Reformer,8,8,0,0.0,False
2026-07-26 08:11:41,137620077,Dynamic Fit 🤎 Reformer,2026-09-01 09:00:00,Mardi,09:00,Nathalie Hamm,Reformer,8,8,0,0.0,False
2026-07-26 08:11:41,137620027,Sculpt 🤎 Reformer,2026-09-01 10:00:00,Mardi,10:00,Nathalie Hamm,Reformer,8,8,0,0.0,False
2026-07-26 08:11:41,137620212,Fondation 2 🤎 Reformer,2026-09-01 12:15:00,Mardi,12:15,Léa Aveline,Reformer,8,8,0,0.0,False
2026-07-26 08:11:41,138840096,Dynamic Fit ⭐️ Pilates Mat,2026-09-01 12:15:00,Mardi,12:15,JEAN DUTARTRE,Mat,8,8,0,0.0,False
2026-07-26 08:11:41,137620366,Dynamic Fit 🤎 Reformer,2026-09-01 13:15:00,Mardi,13:15,Léa Aveline,Reformer,8,8,0,0.0,False
2026-07-26 08:11:41,138840170,Fondation 2 ⭐️ Pilates Mat ,2026-09-01 13:15:00,Mardi,13:15,JEAN DUTARTRE,Mat,8,8,0,0.0,False
2026-07-26 08:11:41,137620313,Soft & Stretch 🤎 Reformer,2026-09-01 14:30:00,Mardi,14:30,Léa Aveline,Reformer,8,8,0,0.0,False
2026-07-26 08:11:41,137620427,Core & Tone 🤎 Reformer,2026-09-01 16:00:00,Mardi,16:00,Léa Aveline,Reformer,8,8,0,0.0,False
2026-07-26 08:11:41,137620476,Fondation 2 🤎 Reformer,2026-09-01 17:00:00,Mardi,17:00,Léa Aveline,Reformer,8,8,0,0.0,False
2026-07-26 08:11:41,137620530,Flow Trio 🤎 Reformer,2026-09-01 18:00:00,Mardi,18:00,Léa Aveline,Reformer,8,8,0,0.0,False
2026-07-26 08:11:41,137620589,Sculpt 🤎 Reformer,2026-09-01 19:00:00,Mardi,19:00,Léa Aveline,Reformer,8,8,0,0.0,False
2026-07-26 08:11:41,137679290,Sculpt 🤎 Reformer,2026-09-02 07:00:00,Mercredi,07:00,Nathalie Hamm,Reformer,8,8,0,0.0,False
2026-07-26 08:11:41,137679371,Core & Tone 🤎 Reformer,2026-09-02 08:00:00,Mercredi,08:00,Nathalie Hamm,Reformer,8,8,0,0.0,False
2026-07-26 08:11:41,137679433,Fondation 2 🤎 Reformer,2026-09-02 09:00:00,Mercredi,09:00,Nathalie Hamm,Reformer,8,8,0,0.0,False
2026-07-26 08:11:41,137683633,Fondation 1 ⭐️ Pilates Mat,2026-09-02 10:00:00,Mercredi,10:00,Laetitia johan,Mat,8,8,0,0.0,False
2026-07-26 08:11:41,137679507,Soft & Stretch 🤎 Reformer,2026-09-02 11:00:00,Mercredi,11:00,Nathalie Hamm,Reformer,8,8,0,0.0,False
2026-07-26 08:11:41,137683909,Core & Tone ⭐️ Pilates Mat ,2026-09-02 11:00:00,Mercredi,11:00,Laetitia johan,Mat,8,8,0,0.0,False
2026-07-26 08:11:41,137679566,Fondation 2 🤎 Reformer,2026-09-02 12:15:00,Mercredi,12:15,Nathalie Hamm,Reformer,8,8,0,0.0,False
2026-07-26 08:11:41,137684444,Sculpt ⭐️ Pilates Mat ,2026-09-02 12:15:00,Mercredi,12:15,Léa Aveline,Mat,8,8,0,0.0,False
2026-07-26 08:11:41,137679731,Flow Trio 🤎 Reformer,2026-09-02 13:15:00,Mercredi,13:15,Nathalie Hamm,Reformer,8,8,0,0.0,False
2026-07-26 08:11:41,137684515,Soft & Stretch ⭐️ Pilates Mat,2026-09-02 13:15:00,Mercredi,13:15,Léa Aveline,Mat,8,8,0,0.0,False
2026-07-26 08:11:41,137680223,Dynamic Fit 🤎 Reformer,2026-09-02 14:30:00,Mercredi,14:30,Nathalie Hamm,Reformer,8,8,0,0.0,False
2026-07-26 08:11:41,137684673,Sculpt ⭐️ Pilates Mat ,2026-09-02 14:30:00,Mercredi,14:30,Léa Aveline,Mat,8,8,0,0.0,False
2026-07-26 08:11:41,138403553,Core & Tone ⭐️ Pilates Mat ,2026-09-02 16:00:00,Mercredi,16:00,Aveline Caminade,Mat,8,8,0,0.0,False
2026-07-26 08:11:41,137680340,Sculpt 🤎 Reformer,2026-09-02 17:00:00,Mercredi,17:00,Léa Aveline,Reformer,8,8,0,0.0,False
2026-07-26 08:11:41,138403606,Dynamic Fit ⭐️ Pilates Mat,2026-09-02 17:00:00,Mercredi,17:00,Aveline Caminade,Mat,8,8,0,0.0,False
2026-07-26 08:11:41,137680396,Fondation 2 🤎 Reformer,2026-09-02 18:00:00,Mercredi,18:00,Léa Aveline,Reformer,8,8,0,0.0,False
2026-07-26 08:11:41,138403689,Sculpt ⭐️ Pilates Mat ,2026-09-02 18:00:00,Mercredi,18:00,Aveline Caminade,Mat,8,8,0,0.0,False
2026-07-26 08:11:41,137680450,Core & Tone 🤎 Reformer,2026-09-02 19:00:00,Mercredi,19:00,Léa Aveline,Reformer,8,8,0,0.0,False
2026-07-26 08:11:41,137680506,Fondation 1 🤎 Reformer,2026-09-02 20:00:00,Mercredi,20:00,Léa Aveline,Reformer,8,8,0,0.0,False
2026-07-26 08:11:41,137680570,Fondation 2 🤎 Reformer,2026-09-03 09:15:00,Jeudi,09:15,Eva Bernard,Reformer,8,8,0,0.0,False
2026-07-26 08:11:41,137680729,Core & Tone 🤎 Reformer,2026-09-03 10:15:00,Jeudi,10:15,Eva Bernard,Reformer,8,8,0,0.0,False
2026-07-26 08:11:41,137680677,Soft & Stretch 🤎 Reformer,2026-09-03 11:15:00,Jeudi,11:15,Eva Bernard,Reformer,8,8,0,0.0,False
2026-07-26 08:11:41,137680801,Fondation 1 🤎 Reformer,2026-09-03 12:15:00,Jeudi,12:15,Eva Bernard,Reformer,8,8,0,0.0,False
2026-07-26 08:11:41,137680842,Dynamic Fit 🤎 Reformer,2026-09-03 13:30:00,Jeudi,13:30,Eva Bernard,Reformer,8,8,0,0.0,False
2026-07-26 08:11:41,137680954,Sculpt 🤎 Reformer,2026-09-03 17:00:00,Jeudi,17:00,Justin Robert,Reformer,8,8,0,0.0,False
2026-07-26 08:11:41,137681016,Dynamic Fit 🤎 Reformer,2026-09-03 18:00:00,Jeudi,18:00,Justin Robert,Reformer,8,8,0,0.0,False
2026-07-26 08:11:41,137681166,Fondation 1 🤎 Reformer,2026-09-03 19:00:00,Jeudi,19:00,Justin Robert,Reformer,8,8,0,0.0,False
2026-07-26 08:11:41,137681218,Soft & Stretch 🤎 Reformer,2026-09-03 20:00:00,Jeudi,20:00,Justin Robert,Reformer,8,8,0,0.0,False
2026-07-26 08:11:41,137681577,Fondation 2 🤎 Reformer,2026-09-04 08:00:00,Vendredi,08:00,Léa Aveline,Reformer,8,8,0,0.0,False
2026-07-26 08:11:41,137681632,Fondation 1 🤎 Reformer,2026-09-04 09:00:00,Vendredi,09:00,Léa Aveline,Reformer,8,8,0,0.0,False
2026-07-26 08:11:41,137681683,Core & Tone 🤎 Reformer,2026-09-04 10:00:00,Vendredi,10:00,Léa Aveline,Reformer,8,8,0,0.0,False
2026-07-26 08:11:41,137684383,Sculpt ⭐️ Pilates Mat ,2026-09-04 12:00:00,Vendredi,12:00,Laetitia johan,Mat,8,8,0,0.0,False
2026-07-26 08:11:41,137681749,Core & Tone 🤎 Reformer,2026-09-04 12:15:00,Vendredi,12:15,Léa Aveline,Reformer,8,8,0,0.0,False
2026-07-26 08:11:41,137684208,Soft & Stretch ⭐️ Pilates Mat,2026-09-04 13:00:00,Vendredi,13:00,Laetitia johan,Mat,8,8,0,0.0,False
2026-07-26 08:11:41,137681805,Fondation 2 🤎 Reformer,2026-09-04 13:15:00,Vendredi,13:15,Léa Aveline,Reformer,8,8,0,0.0,False
2026-07-26 08:11:41,137684264,Flow Trio ⭐️ Pilates Mat,2026-09-04 14:00:00,Vendredi,14:00,Laetitia johan,Mat,8,8,0,0.0,False
2026-07-26 08:11:41,137681318,Fondation 2 🤎 Reformer,2026-09-04 15:00:00,Vendredi,15:00,Nathalie Hamm,Reformer,8,8,0,0.0,False
2026-07-26 08:11:41,137684323,Dynamic Fit ⭐️ Pilates Mat,2026-09-04 15:00:00,Vendredi,15:00,Laetitia johan,Mat,8,8,0,0.0,False
2026-07-26 08:11:41,137681338,Sculpt 🤎 Reformer,2026-09-04 16:00:00,Vendredi,16:00,Nathalie Hamm,Reformer,8,8,0,0.0,False
2026-07-26 08:11:41,137681438,Flow Trio 🤎 Reformer,2026-09-04 17:00:00,Vendredi,17:00,Nathalie Hamm,Reformer,8,8,0,0.0,False
2026-07-26 08:11:41,137681490,Fondation 1 🤎 Reformer,2026-09-04 18:00:00,Vendredi,18:00,Nathalie Hamm,Reformer,8,8,0,0.0,False
2026-07-26 08:11:41,137682647,Fondation 2 🤎 Reformer,2026-09-05 09:00:00,Samedi,09:00,JEAN DUTARTRE,Reformer,8,8,0,0.0,False
2026-07-26 08:11:41,137682664,Core & Tone 🤎 Reformer,2026-09-05 10:00:00,Samedi,10:00,JEAN DUTARTRE,Reformer,8,8,0,0.0,False
2026-07-26 08:11:41,137682722,Dynamic Fit 🤎 Reformer,2026-09-05 11:00:00,Samedi,11:00,JEAN DUTARTRE,Reformer,8,8,0,0.0,False
2026-07-26 08:11:41,137682797,Flow Trio 🤎 Reformer,2026-09-05 12:00:00,Samedi,12:00,JEAN DUTARTRE,Reformer,8,8,0,0.0,False
2026-07-26 08:11:41,137682853,Fondation 2 🤎 Reformer,2026-09-06 09:00:00,Dimanche,09:00,JEAN DUTARTRE,Reformer,8,8,0,0.0,False
2026-07-26 08:11:41,137683015,Fondation 2 🤎 Reformer,2026-09-06 10:00:00,Dimanche,10:00,JEAN DUTARTRE,Reformer,8,8,0,0.0,False
2026-07-26 08:11:41,137683065,Dynamic Fit 🤎 Reformer,2026-09-06 11:00:00,Dimanche,11:00,JEAN DUTARTRE,Reformer,8,8,0,0.0,False
2026-07-26 08:11:41,137682952,Core & Tone 🤎 Reformer,2026-09-06 12:00:00,Dimanche,12:00,JEAN DUTARTRE,Reformer,8,8,0,0.0,False
2026-07-26 08:11:41,138838684,Fondation 1 ⭐️ Pilates Mat,2026-09-07 10:00:00,Lundi,10:00,Dani Johnson,Mat,8,8,0,0.0,False
2026-07-26 08:11:41,138839967,Fondation 1 ⭐️ Pilates Mat,2026-09-07 12:15:00,Lundi,12:15,JEAN DUTARTRE,Mat,8,8,0,0.0,False
2026-07-26 08:11:41,138840025,Core & Tone ⭐️ Pilates Mat ,2026-09-07 13:15:00,Lundi,13:15,JEAN DUTARTRE,Mat,8,8,0,0.0,False
2026-07-26 08:11:41,138840098,Dynamic Fit ⭐️ Pilates Mat,2026-09-08 12:15:00,Mardi,12:15,JEAN DUTARTRE,Mat,8,8,0,0.0,False
2026-07-26 08:11:41,138840168,Fondation 2 ⭐️ Pilates Mat ,2026-09-08 13:15:00,Mardi,13:15,JEAN DUTARTRE,Mat,8,8,0,0.0,False
2026-07-26 08:11:41,138403550,Core & Tone ⭐️ Pilates Mat ,2026-09-09 16:00:00,Mercredi,16:00,Aveline Caminade,Mat,8,8,0,0.0,False
2026-07-26 08:11:41,138403609,Dynamic Fit ⭐️ Pilates Mat,2026-09-09 17:00:00,Mercredi,17:00,Aveline Caminade,Mat,8,8,0,0.0,False
2026-07-26 08:11:41,138403694,Sculpt ⭐️ Pilates Mat ,2026-09-09 18:00:00,Mercredi,18:00,Aveline Caminade,Mat,8,8,0,0.0,False
2026-07-26 08:11:41,138838699,Fondation 1 ⭐️ Pilates Mat,2026-09-14 10:00:00,Lundi,10:00,Dani Johnson,Mat,8,8,0,0.0,False
2026-07-26 08:11:41,138839968,Fondation 1 ⭐️ Pilates Mat,2026-09-14 12:15:00,Lundi,12:15,JEAN DUTARTRE,Mat,8,8,0,0.0,False
2026-07-26 08:11:41,138840026,Core & Tone ⭐️ Pilates Mat ,2026-09-14 13:15:00,Lundi,13:15,JEAN DUTARTRE,Mat,8,8,0,0.0,False
2026-07-26 08:11:41,138840097,Dynamic Fit ⭐️ Pilates Mat,2026-09-15 12:15:00,Mardi,12:15,JEAN DUTARTRE,Mat,8,8,0,0.0,False
2026-07-26 08:11:41,138840171,Fondation 2 ⭐️ Pilates Mat ,2026-09-15 13:15:00,Mardi,13:15,JEAN DUTARTRE,Mat,8,8,0,0.0,False
2026-07-26 08:11:41,138403554,Core & Tone ⭐️ Pilates Mat ,2026-09-16 16:00:00,Mercredi,16:00,Aveline Caminade,Mat,8,8,0,0.0,False
2026-07-26 08:11:41,138403607,Dynamic Fit ⭐️ Pilates Mat,2026-09-16 17:00:00,Mercredi,17:00,Aveline Caminade,Mat,8,8,0,0.0,False
2026-07-26 08:11:41,138403668,Sculpt ⭐️ Pilates Mat ,2026-09-16 18:00:00,Mercredi,18:00,Aveline Caminade,Mat,8,8,0,0.0,False
2026-07-26 08:11:41,138838688,Fondation 1 ⭐️ Pilates Mat,2026-09-21 10:00:00,Lundi,10:00,Dani Johnson,Mat,8,8,0,0.0,False
